volume,eye,repeat,survival_fraction,method,n_test_lenses,median_lens_mae_um,median_normalized_mae
20231107,0,0,0.01,donor_template,749,3.273772641366325,0.11398436444273721
20231107,0,0,0.01,nearest_visible_surface,749,2.700754949128709,0.09159427872110218
20231107,0,0,0.01,six_neighbor_depth_shared_shape,749,2.1404881900354846,0.07803723511280061
20231107,0,0,0.01,six_neighbor_surface,749,2.1569430063302075,0.07974419514041971
20231107,0,0,0.02,donor_template,741,2.8927750181028906,0.09914980284187715
20231107,0,0,0.02,nearest_visible_surface,741,2.2739186733595194,0.08097077468144394
20231107,0,0,0.02,six_neighbor_depth_shared_shape,741,1.8244019934266362,0.06453596504745877
20231107,0,0,0.02,six_neighbor_surface,741,1.8139069545173931,0.06424111789524195
20231107,0,0,0.05,donor_template,718,2.954142707262403,0.10044419034341659
20231107,0,0,0.05,nearest_visible_surface,718,2.0107748950726125,0.074463909414553
20231107,0,0,0.05,six_neighbor_depth_shared_shape,718,1.4542250250364934,0.05455791205503446
20231107,0,0,0.05,six_neighbor_surface,718,1.5437230401415039,0.056712970779215305
20231107,0,0,0.1,donor_template,682,2.8864317317499646,0.09585721796444538
20231107,0,0,0.1,nearest_visible_surface,682,1.5782314348060602,0.055849603301068966
20231107,0,0,0.1,six_neighbor_depth_shared_shape,682,1.4008572036653284,0.05199820418069008
20231107,0,0,0.1,six_neighbor_surface,682,1.39642847246558,0.05192733155655488
20231107,0,0,0.2,donor_template,607,2.8740488960235013,0.09882149311283141
20231107,0,0,0.2,nearest_visible_surface,607,1.470302892824428,0.05190226576475244
20231107,0,0,0.2,six_neighbor_depth_shared_shape,607,1.134843317669642,0.04134415229923557
20231107,0,0,0.2,six_neighbor_surface,607,1.1550490466189511,0.04150334028454208
20231107,0,0,0.4,donor_template,459,2.869499737892352,0.09730013177039583
20231107,0,0,0.4,nearest_visible_surface,459,1.367719957327762,0.04824707549523225
20231107,0,0,0.4,six_neighbor_depth_shared_shape,459,1.1083278404644932,0.04067213649572658
20231107,0,0,0.4,six_neighbor_surface,459,1.1470913301397894,0.041832807783806124
20231107,0,1,0.01,donor_template,749,2.9242936054660174,0.09984997084889771
20231107,0,1,0.01,nearest_visible_surface,749,2.571281877638033,0.08979250178271181
20231107,0,1,0.01,six_neighbor_depth_shared_shape,749,2.743170377459922,0.09456254228355764
20231107,0,1,0.01,six_neighbor_surface,749,2.7422524705232627,0.09501760882474847
20231107,0,1,0.02,donor_template,742,3.135651866797886,0.10680206550908693
20231107,0,1,0.02,nearest_visible_surface,742,2.5698475875671765,0.08949766172708551
20231107,0,1,0.02,six_neighbor_depth_shared_shape,742,2.760662398452041,0.09408007366142304
20231107,0,1,0.02,six_neighbor_surface,742,2.757672053553418,0.0949364238717566
20231107,0,1,0.05,donor_template,720,3.2460611762194773,0.10776747096208267
20231107,0,1,0.05,nearest_visible_surface,720,2.459304927512596,0.0864092450214543
20231107,0,1,0.05,six_neighbor_depth_shared_shape,720,1.9300423905332913,0.06790915211639054
20231107,0,1,0.05,six_neighbor_surface,720,1.8998145919431058,0.06758396075906321
20231107,0,1,0.1,donor_template,683,3.0381150808052357,0.10208894609217535
20231107,0,1,0.1,nearest_visible_surface,683,1.768771479191946,0.06347544119855868
20231107,0,1,0.1,six_neighbor_depth_shared_shape,683,1.5596310594267444,0.054635653444139176
20231107,0,1,0.1,six_neighbor_surface,683,1.5356968074845114,0.053789180129270496
20231107,0,1,0.2,donor_template,609,2.999672470657103,0.10249542836993757
20231107,0,1,0.2,nearest_visible_surface,609,1.5232327486443518,0.05544285247442063
20231107,0,1,0.2,six_neighbor_depth_shared_shape,609,1.2843413209981005,0.044131569654569255
20231107,0,1,0.2,six_neighbor_surface,609,1.2692442021987755,0.04471015859909779
20231107,0,1,0.4,donor_template,457,3.041427668191551,0.1000381529413386
20231107,0,1,0.4,nearest_visible_surface,457,1.324383676802341,0.04739653092282776
20231107,0,1,0.4,six_neighbor_depth_shared_shape,457,1.0231795478720525,0.037214555034736065
20231107,0,1,0.4,six_neighbor_surface,457,1.0444971043362152,0.03720973080531558
20231107,0,2,0.02,donor_template,744,3.011034881324173,0.09957737692629888
20231107,0,2,0.02,nearest_visible_surface,744,2.7556433501905993,0.09948546094681879
20231107,0,2,0.02,six_neighbor_depth_shared_shape,744,2.2788830384655396,0.08288636051042458
20231107,0,2,0.02,six_neighbor_surface,744,2.288424179182967,0.0831378904827841
20231107,0,2,0.05,donor_template,722,3.0389640466026053,0.10224296150890415
20231107,0,2,0.05,nearest_visible_surface,722,1.9572934082354612,0.07076478893429128
20231107,0,2,0.05,six_neighbor_depth_shared_shape,722,1.7676998086922397,0.06336164703560918
20231107,0,2,0.05,six_neighbor_surface,722,1.8392905050332287,0.06549762838861457
20231107,0,2,0.1,donor_template,685,3.0115945359452794,0.10087930470610736
20231107,0,2,0.1,nearest_visible_surface,685,1.688366841905504,0.061287685262572826
20231107,0,2,0.1,six_neighbor_depth_shared_shape,685,1.5791817345430965,0.057233454600667893
20231107,0,2,0.1,six_neighbor_surface,685,1.5858468002190549,0.05824889694588497
20231107,0,2,0.2,donor_template,607,3.0671464026233246,0.10334323159085504
20231107,0,2,0.2,nearest_visible_surface,607,1.5481958827663445,0.05334274464855186
20231107,0,2,0.2,six_neighbor_depth_shared_shape,607,1.4036009912322276,0.05101366371814655
20231107,0,2,0.2,six_neighbor_surface,607,1.4069519077920924,0.051170665877258596
20231107,0,2,0.4,donor_template,460,3.2524130919292213,0.10777745267544057
20231107,0,2,0.4,nearest_visible_surface,460,1.3894773797538593,0.04876310470988162
20231107,0,2,0.4,six_neighbor_depth_shared_shape,460,1.1181646571632153,0.04227910247654207
20231107,0,2,0.4,six_neighbor_surface,460,1.1416437343202945,0.04279963867766416
20231107,0,3,0.01,donor_template,749,3.4092746655841717,0.11798439829708365
20231107,0,3,0.01,nearest_visible_surface,749,4.046713302333429,0.14221613323284904
20231107,0,3,0.01,six_neighbor_depth_shared_shape,749,2.838225245932382,0.10227471301824607
20231107,0,3,0.01,six_neighbor_surface,749,2.8315123957586197,0.10433181062972643
20231107,0,3,0.02,donor_template,741,4.111164361845175,0.14379997805569755
20231107,0,3,0.02,nearest_visible_surface,741,3.165100520087528,0.11284443523173014
20231107,0,3,0.02,six_neighbor_depth_shared_shape,741,1.9778562345502972,0.0710519157672992
20231107,0,3,0.02,six_neighbor_surface,741,2.124545231368433,0.07782700511805979
20231107,0,3,0.05,donor_template,717,3.232843109850586,0.11033683738468716
20231107,0,3,0.05,nearest_visible_surface,717,1.9341712438350367,0.06864570218625934
20231107,0,3,0.05,six_neighbor_depth_shared_shape,717,1.673165430759992,0.061680173710008786
20231107,0,3,0.05,six_neighbor_surface,717,1.6473931975311866,0.06208431068246295
20231107,0,3,0.1,donor_template,679,3.240391906820355,0.11670294293667492
20231107,0,3,0.1,nearest_visible_surface,679,1.8176081012931935,0.06605625786666924
20231107,0,3,0.1,six_neighbor_depth_shared_shape,679,1.5363490278725411,0.05272462360077488
20231107,0,3,0.1,six_neighbor_surface,679,1.5511976667769523,0.054214060145961154
20231107,0,3,0.2,donor_template,602,2.985860275122434,0.09879480332286573
20231107,0,3,0.2,nearest_visible_surface,602,1.5443321439851223,0.0535255776124395
20231107,0,3,0.2,six_neighbor_depth_shared_shape,602,1.261432182505147,0.04631732488169764
20231107,0,3,0.2,six_neighbor_surface,602,1.299320109209579,0.04728217399102293
20231107,0,3,0.4,donor_template,447,3.0369021491386343,0.10049821148472475
20231107,0,3,0.4,nearest_visible_surface,447,1.3261157796853,0.047463613180371456
20231107,0,3,0.4,six_neighbor_depth_shared_shape,447,1.069776019702377,0.037669956630558867
20231107,0,3,0.4,six_neighbor_surface,447,1.064096708488623,0.037959288434479196
20231107,0,4,0.01,donor_template,749,3.2373383881741296,0.10857824690524646
20231107,0,4,0.01,nearest_visible_surface,749,2.5051235612947598,0.09074154349415696
20231107,0,4,0.01,six_neighbor_depth_shared_shape,749,2.3708013656458737,0.08032499220465832
20231107,0,4,0.01,six_neighbor_surface,749,2.357173568120347,0.08056408484787028
20231107,0,4,0.02,donor_template,741,2.961861310059898,0.09847606720339395
20231107,0,4,0.02,nearest_visible_surface,741,2.746581975245663,0.09176554489429758
20231107,0,4,0.02,six_neighbor_depth_shared_shape,741,2.2112901225006194,0.07554112768625976
20231107,0,4,0.02,six_neighbor_surface,741,2.211371975470815,0.0761467211427781
20231107,0,4,0.05,donor_template,718,3.004062101056329,0.10179125760461946
20231107,0,4,0.05,nearest_visible_surface,718,2.2480534517607165,0.07714630539575162
20231107,0,4,0.05,six_neighbor_depth_shared_shape,718,1.8530168537838334,0.06494841499469009
20231107,0,4,0.05,six_neighbor_surface,718,1.9390222249609934,0.06756463179516317
20231107,0,4,0.1,donor_template,679,2.92114204606853,0.10112388050813932
20231107,0,4,0.1,nearest_visible_surface,679,1.7104762772319537,0.0630389230958861
20231107,0,4,0.1,six_neighbor_depth_shared_shape,679,1.4533057636388158,0.052129146917320714
20231107,0,4,0.1,six_neighbor_surface,679,1.4752939660864126,0.05458675323377818
20231107,0,4,0.2,donor_template,605,2.895741888237138,0.1000147178385335
20231107,0,4,0.2,nearest_visible_surface,605,1.4106075158572149,0.05072179351641883
20231107,0,4,0.2,six_neighbor_depth_shared_shape,605,1.238720051346868,0.04558203263498239
20231107,0,4,0.2,six_neighbor_surface,605,1.2729161969671874,0.04593394263594467
20231107,0,4,0.4,donor_template,456,2.986329427468247,0.10487954704114932
20231107,0,4,0.4,nearest_visible_surface,456,1.2335584673762772,0.046452668213239616
20231107,0,4,0.4,six_neighbor_depth_shared_shape,456,1.0330792196197873,0.039155577502818256
20231107,0,4,0.4,six_neighbor_surface,456,1.0530878816749567,0.03986742104388769
20231107,0,5,0.01,donor_template,749,3.304523712167237,0.1175519205977326
20231107,0,5,0.01,nearest_visible_surface,749,2.8109092027930633,0.10127311098861815
20231107,0,5,0.01,six_neighbor_depth_shared_shape,749,3.381970915258004,0.11808395075123013
20231107,0,5,0.01,six_neighbor_surface,749,3.3429842982013485,0.11815487025566154
20231107,0,5,0.02,donor_template,741,2.9751786314282764,0.10379407222748151
20231107,0,5,0.02,nearest_visible_surface,741,2.402303686796687,0.08501946847372253
20231107,0,5,0.02,six_neighbor_depth_shared_shape,741,2.0903751684450973,0.07410606442878054
20231107,0,5,0.02,six_neighbor_surface,741,2.0906757184942784,0.07489797747720484
20231107,0,5,0.05,donor_template,717,2.9729340386958376,0.10072505291844391
20231107,0,5,0.05,nearest_visible_surface,717,2.129369093684499,0.07425537507802321
20231107,0,5,0.05,six_neighbor_depth_shared_shape,717,1.851709416924753,0.06341892555666158
20231107,0,5,0.05,six_neighbor_surface,717,1.8527891705125383,0.06411862420258396
20231107,0,5,0.1,donor_template,677,3.089780998761569,0.10268706501924305
20231107,0,5,0.1,nearest_visible_surface,677,1.8446846358421483,0.06776505775911124
20231107,0,5,0.1,six_neighbor_depth_shared_shape,677,1.620262120093553,0.059991675507759856
20231107,0,5,0.1,six_neighbor_surface,677,1.6445800205454397,0.05994942942933568
20231107,0,5,0.2,donor_template,603,2.9432447993390736,0.10114578009518256
20231107,0,5,0.2,nearest_visible_surface,603,1.4410628775976604,0.05145954603891126
20231107,0,5,0.2,six_neighbor_depth_shared_shape,603,1.2773447377607117,0.044378350853749825
20231107,0,5,0.2,six_neighbor_surface,603,1.3174902891725944,0.046714291785603074
20231107,0,5,0.4,donor_template,451,3.0051908604664295,0.10128346081372822
20231107,0,5,0.4,nearest_visible_surface,451,1.2570622582145963,0.04451489043553702
20231107,0,5,0.4,six_neighbor_depth_shared_shape,451,0.9083201847714643,0.032444787534730984
20231107,0,5,0.4,six_neighbor_surface,451,0.8743094467216119,0.032058382707850414
20231107,0,6,0.01,donor_template,750,2.958094799701686,0.10197937344253873
20231107,0,6,0.01,nearest_visible_surface,750,3.255524434334296,0.11355326348592543
20231107,0,6,0.01,six_neighbor_depth_shared_shape,750,2.8017160895729214,0.09582122735876697
20231107,0,6,0.01,six_neighbor_surface,750,2.8008144617422523,0.09561840485764472
20231107,0,6,0.02,donor_template,742,2.945099752337803,0.10258024812883199
20231107,0,6,0.02,nearest_visible_surface,742,2.6267592056246105,0.0939596234085657
20231107,0,6,0.02,six_neighbor_depth_shared_shape,742,2.0925587315602936,0.07152564200833031
20231107,0,6,0.02,six_neighbor_surface,742,2.109324387313304,0.0717972482822119
20231107,0,6,0.05,donor_template,719,3.0391168928967045,0.10538915930946909
20231107,0,6,0.05,nearest_visible_surface,719,2.283231082988053,0.08075608840427484
20231107,0,6,0.05,six_neighbor_depth_shared_shape,719,2.154470482779371,0.07569328275453212
20231107,0,6,0.05,six_neighbor_surface,719,2.1420027755035256,0.07555688137822243
20231107,0,6,0.1,donor_template,679,3.264569088008092,0.10835878420854249
20231107,0,6,0.1,nearest_visible_surface,679,1.7706981825911854,0.06273746903764177
20231107,0,6,0.1,six_neighbor_depth_shared_shape,679,1.452401593289464,0.05274314010733373
20231107,0,6,0.1,six_neighbor_surface,679,1.5276774887990856,0.0534381068394953
20231107,0,6,0.2,donor_template,604,2.9469343438246836,0.10359386613203495
20231107,0,6,0.2,nearest_visible_surface,604,1.430914869802817,0.050422515559071665
20231107,0,6,0.2,six_neighbor_depth_shared_shape,604,1.325273462642575,0.047100380490607135
20231107,0,6,0.2,six_neighbor_surface,604,1.339410585422892,0.04741586594509123
20231107,0,6,0.4,donor_template,448,2.9800739607652207,0.10442687452820505
20231107,0,6,0.4,nearest_visible_surface,448,1.342024201096895,0.047305296026649
20231107,0,6,0.4,six_neighbor_depth_shared_shape,448,1.0367659336686965,0.03663096535315343
20231107,0,6,0.4,six_neighbor_surface,448,1.0477473478482957,0.037301897531248275
20231107,0,7,0.01,donor_template,750,3.07297133708573,0.10514336654404992
20231107,0,7,0.01,nearest_visible_surface,750,2.5551594329106564,0.09051766274901328
20231107,0,7,0.01,six_neighbor_depth_shared_shape,750,2.0772373437104674,0.07181826714702023
20231107,0,7,0.01,six_neighbor_surface,750,2.0786237792187476,0.07364875938236409
20231107,0,7,0.02,donor_template,743,3.2294676924326535,0.10821670397170415
20231107,0,7,0.02,nearest_visible_surface,743,2.3490177170489797,0.08237873783170593
20231107,0,7,0.02,six_neighbor_depth_shared_shape,743,2.0273411169011677,0.07299265780617287
20231107,0,7,0.02,six_neighbor_surface,743,2.0233231734444375,0.07369311077881319
20231107,0,7,0.05,donor_template,721,3.018827557286381,0.10159170842833277
20231107,0,7,0.05,nearest_visible_surface,721,1.9169997060146173,0.06979282980947282
20231107,0,7,0.05,six_neighbor_depth_shared_shape,721,1.5485791158457904,0.056826187147273784
20231107,0,7,0.05,six_neighbor_surface,721,1.5728003970712734,0.05730669211194501
20231107,0,7,0.1,donor_template,683,3.053549704312855,0.1043454441204926
20231107,0,7,0.1,nearest_visible_surface,683,1.8001193720531525,0.0624630025244782
20231107,0,7,0.1,six_neighbor_depth_shared_shape,683,1.4850651368645713,0.05268598461648849
20231107,0,7,0.1,six_neighbor_surface,683,1.473898878570879,0.0526557605260496
20231107,0,7,0.2,donor_template,606,3.0370299179202753,0.102577906209391
20231107,0,7,0.2,nearest_visible_surface,606,1.5801936359079471,0.05815376940998482
20231107,0,7,0.2,six_neighbor_depth_shared_shape,606,1.1543772984885878,0.04181187091460303
20231107,0,7,0.2,six_neighbor_surface,606,1.1418210053859355,0.041772618875148285
20231107,0,7,0.4,donor_template,452,2.9718633338996994,0.10173331515171302
20231107,0,7,0.4,nearest_visible_surface,452,1.3685670936853684,0.04881229598990702
20231107,0,7,0.4,six_neighbor_depth_shared_shape,452,1.1285037289932824,0.04074870120761703
20231107,0,7,0.4,six_neighbor_surface,452,1.1234909503126516,0.04066816331187965
20231107,0,8,0.01,donor_template,749,3.5544866599392244,0.12298393070490045
20231107,0,8,0.01,nearest_visible_surface,749,3.40133742107659,0.1194043359108936
20231107,0,8,0.01,six_neighbor_depth_shared_shape,749,3.077737807476341,0.11255593326496223
20231107,0,8,0.01,six_neighbor_surface,749,3.0993091923429095,0.1137890461206001
20231107,0,8,0.02,donor_template,741,3.274420159800864,0.11732554580340725
20231107,0,8,0.02,nearest_visible_surface,741,2.7730055918379177,0.09904264441626096
20231107,0,8,0.02,six_neighbor_depth_shared_shape,741,2.5862139368816455,0.09395085731203799
20231107,0,8,0.02,six_neighbor_surface,741,2.6011107596307266,0.0943255700069918
20231107,0,8,0.05,donor_template,717,3.197032264962384,0.10634613268576561
20231107,0,8,0.05,nearest_visible_surface,717,1.704697006009607,0.06430075234588513
20231107,0,8,0.05,six_neighbor_depth_shared_shape,717,1.6021637349809241,0.05819106538886904
20231107,0,8,0.05,six_neighbor_surface,717,1.5978811411368947,0.0584702253391176
20231107,0,8,0.1,donor_template,677,3.226148077645278,0.10727660719677543
20231107,0,8,0.1,nearest_visible_surface,677,1.8276723448397059,0.06744150716141258
20231107,0,8,0.1,six_neighbor_depth_shared_shape,677,1.5513367904703932,0.05649564199561079
20231107,0,8,0.1,six_neighbor_surface,677,1.5997050679638785,0.05779383614603737
20231107,0,8,0.2,donor_template,602,3.0129515463843446,0.10023583508507886
20231107,0,8,0.2,nearest_visible_surface,602,1.631935281754095,0.058400368971899506
20231107,0,8,0.2,six_neighbor_depth_shared_shape,602,1.3227542965779835,0.04716476072730246
20231107,0,8,0.2,six_neighbor_surface,602,1.35489107889734,0.048530308641300424
20231107,0,8,0.4,donor_template,454,2.8643977259579927,0.09778138895768676
20231107,0,8,0.4,nearest_visible_surface,454,1.3183509541278609,0.04723472914214884
20231107,0,8,0.4,six_neighbor_depth_shared_shape,454,1.0323267494388007,0.037731458707495585
20231107,0,8,0.4,six_neighbor_surface,454,1.0296329907004123,0.036965014277458616
20231107,0,9,0.01,donor_template,750,3.9500477454430794,0.13663196496043947
20231107,0,9,0.01,nearest_visible_surface,750,2.345089981820182,0.08740884793740791
20231107,0,9,0.01,six_neighbor_depth_shared_shape,750,3.3731826745420728,0.11813021581302541
20231107,0,9,0.01,six_neighbor_surface,750,3.376419546238425,0.11823400984106688
20231107,0,9,0.02,donor_template,743,3.7640648890555557,0.1288827609029736
20231107,0,9,0.02,nearest_visible_surface,743,2.2244101614367593,0.08289637016654448
20231107,0,9,0.02,six_neighbor_depth_shared_shape,743,2.231865341773361,0.08244373887224213
20231107,0,9,0.02,six_neighbor_surface,743,2.232585747615453,0.08195159552928855
20231107,0,9,0.05,donor_template,720,3.209800657698958,0.10682247410838638
20231107,0,9,0.05,nearest_visible_surface,720,1.9360638478102024,0.0716349889105406
20231107,0,9,0.05,six_neighbor_depth_shared_shape,720,1.657818772260934,0.06130179900650174
20231107,0,9,0.05,six_neighbor_surface,720,1.7004528490984696,0.06148889772337151
20231107,0,9,0.1,donor_template,683,2.9878245228203912,0.10077527049512414
20231107,0,9,0.1,nearest_visible_surface,683,1.6876948073153883,0.06295288517563587
20231107,0,9,0.1,six_neighbor_depth_shared_shape,683,1.3641107811575524,0.04995759551362776
20231107,0,9,0.1,six_neighbor_surface,683,1.359109569901336,0.05050252892221257
20231107,0,9,0.2,donor_template,608,2.930435833959898,0.0997073320354403
20231107,0,9,0.2,nearest_visible_surface,608,1.5007161585161728,0.05350664066559134
20231107,0,9,0.2,six_neighbor_depth_shared_shape,608,1.21486352053113,0.04462790819336748
20231107,0,9,0.2,six_neighbor_surface,608,1.2173464828990226,0.04452561332695232
20231107,0,9,0.4,donor_template,453,3.1007515004667967,0.10891498271160716
20231107,0,9,0.4,nearest_visible_surface,453,1.2551024075455082,0.045609505572015846
20231107,0,9,0.4,six_neighbor_depth_shared_shape,453,1.0971387199314928,0.0408742375751235
20231107,0,9,0.4,six_neighbor_surface,453,1.117043541285275,0.04058511305100725
20231107,0,10,0.01,donor_template,750,4.648833260346549,0.16011425929426254
20231107,0,10,0.01,nearest_visible_surface,750,3.1986410753326746,0.11131777664639164
20231107,0,10,0.01,six_neighbor_depth_shared_shape,750,3.2288676648729586,0.11263493288382265
20231107,0,10,0.01,six_neighbor_surface,750,3.321657567698586,0.1152742618885779
20231107,0,10,0.02,donor_template,743,3.020363541292958,0.10114196320680785
20231107,0,10,0.02,nearest_visible_surface,743,2.7115051975173503,0.09370731248192389
20231107,0,10,0.02,six_neighbor_depth_shared_shape,743,2.224237199566377,0.07605701045590471
20231107,0,10,0.02,six_neighbor_surface,743,2.2380382443594815,0.0764307070160028
20231107,0,10,0.05,donor_template,721,3.2814101072325346,0.11274607670035877
20231107,0,10,0.05,nearest_visible_surface,721,2.168952853278484,0.07914509756558759
20231107,0,10,0.05,six_neighbor_depth_shared_shape,721,1.6936169226705968,0.06301164785794826
20231107,0,10,0.05,six_neighbor_surface,721,1.7216240422673845,0.06234557442344212
20231107,0,10,0.1,donor_template,683,3.118497568575709,0.10508344405303834
20231107,0,10,0.1,nearest_visible_surface,683,1.9312574473021857,0.07313800153820925
20231107,0,10,0.1,six_neighbor_depth_shared_shape,683,1.5187670298009543,0.054706321085657046
20231107,0,10,0.1,six_neighbor_surface,683,1.5483659607508091,0.05410746474694014
20231107,0,10,0.2,donor_template,606,3.0193095936705032,0.10030043963496166
20231107,0,10,0.2,nearest_visible_surface,606,1.4747536939238048,0.054298034697564945
20231107,0,10,0.2,six_neighbor_depth_shared_shape,606,1.2157315329378013,0.04462262870041306
20231107,0,10,0.2,six_neighbor_surface,606,1.2564497967439041,0.045669031319752904
20231107,0,10,0.4,donor_template,454,2.8683609468363254,0.10179842889258853
20231107,0,10,0.4,nearest_visible_surface,454,1.2173874906899353,0.044583453183850624
20231107,0,10,0.4,six_neighbor_depth_shared_shape,454,0.9262902448823279,0.03352717943837062
20231107,0,10,0.4,six_neighbor_surface,454,0.9497773279561578,0.03414559001170325
20231107,0,11,0.01,donor_template,750,3.2251431004822653,0.11323048995417848
20231107,0,11,0.01,nearest_visible_surface,750,3.0119251021324276,0.10753024162188585
20231107,0,11,0.01,six_neighbor_depth_shared_shape,750,2.4041310601055015,0.0861331116815463
20231107,0,11,0.01,six_neighbor_surface,750,2.4121776561484474,0.0864694381259312
20231107,0,11,0.02,donor_template,742,3.228029981832849,0.11716729161748485
20231107,0,11,0.02,nearest_visible_surface,742,2.408614837326372,0.08782062503329821
20231107,0,11,0.02,six_neighbor_depth_shared_shape,742,1.9280815351081462,0.06790028311468863
20231107,0,11,0.02,six_neighbor_surface,742,1.9270524224874248,0.06799567646727228
20231107,0,11,0.05,donor_template,719,2.895651557264384,0.1009918825333823
20231107,0,11,0.05,nearest_visible_surface,719,2.1967585070162072,0.08035198997192455
20231107,0,11,0.05,six_neighbor_depth_shared_shape,719,1.5812937525337265,0.056850569453912946
20231107,0,11,0.05,six_neighbor_surface,719,1.585931807449967,0.057110372395420446
20231107,0,11,0.1,donor_template,679,3.1453033194067825,0.10692826869684802
20231107,0,11,0.1,nearest_visible_surface,679,1.9329484356705648,0.06962751185070803
20231107,0,11,0.1,six_neighbor_depth_shared_shape,679,1.4322833735300549,0.05008963105309539
20231107,0,11,0.1,six_neighbor_surface,679,1.4410965949088883,0.050472589660285186
20231107,0,11,0.2,donor_template,604,2.817473349641665,0.09664039704859939
20231107,0,11,0.2,nearest_visible_surface,604,1.5223288163862259,0.054814020593451696
20231107,0,11,0.2,six_neighbor_depth_shared_shape,604,1.264076053430465,0.04619368641242463
20231107,0,11,0.2,six_neighbor_surface,604,1.2410791098849927,0.045699867355342406
20231107,0,11,0.4,donor_template,458,2.7184020941794964,0.0937608642543045
20231107,0,11,0.4,nearest_visible_surface,458,1.251025466308008,0.04603333611180992
20231107,0,11,0.4,six_neighbor_depth_shared_shape,458,1.009528180280196,0.037322435719142996
20231107,0,11,0.4,six_neighbor_surface,458,1.066560795757715,0.03812234664746286
20231107,0,12,0.01,donor_template,749,3.5022745456110767,0.1191127543080568
20231107,0,12,0.01,nearest_visible_surface,749,2.7970101301106105,0.09543451874089688
20231107,0,12,0.01,six_neighbor_depth_shared_shape,749,3.021980636858674,0.10739040937845262
20231107,0,12,0.01,six_neighbor_surface,749,3.1244593126273372,0.10958754728105013
20231107,0,12,0.02,donor_template,741,3.0251406650215764,0.10253514828517545
20231107,0,12,0.02,nearest_visible_surface,741,2.375342061727549,0.08519903604383199
20231107,0,12,0.02,six_neighbor_depth_shared_shape,741,2.3843661613610765,0.08247404105677227
20231107,0,12,0.02,six_neighbor_surface,741,2.391984726449568,0.08312902577618966
20231107,0,12,0.05,donor_template,717,3.23798649593465,0.11471820493566023
20231107,0,12,0.05,nearest_visible_surface,717,2.221616193378372,0.08165736670946645
20231107,0,12,0.05,six_neighbor_depth_shared_shape,717,1.7914746796363001,0.06274287786731993
20231107,0,12,0.05,six_neighbor_surface,717,1.801486450111823,0.0637166911811291
20231107,0,12,0.1,donor_template,679,3.06861615397466,0.10335191812299577
20231107,0,12,0.1,nearest_visible_surface,679,1.832512155382917,0.0652016998632917
20231107,0,12,0.1,six_neighbor_depth_shared_shape,679,1.454203339227124,0.052281149090933496
20231107,0,12,0.1,six_neighbor_surface,679,1.4571743398729315,0.05366060399256701
20231107,0,12,0.2,donor_template,603,2.9661181748693273,0.10307839151726356
20231107,0,12,0.2,nearest_visible_surface,603,1.5493948920346887,0.055662563648410726
20231107,0,12,0.2,six_neighbor_depth_shared_shape,603,1.2205693180855788,0.04419727533114578
20231107,0,12,0.2,six_neighbor_surface,603,1.2348741777276573,0.04462737164319293
20231107,0,12,0.4,donor_template,449,3.0746530271025776,0.10721841684310622
20231107,0,12,0.4,nearest_visible_surface,449,1.3656952612847084,0.04686982619202313
20231107,0,12,0.4,six_neighbor_depth_shared_shape,449,1.0724202377333378,0.037222402288523394
20231107,0,12,0.4,six_neighbor_surface,449,1.0779562579245152,0.037478866923055604
20231107,0,13,0.01,donor_template,749,4.663802058899306,0.16045805720657233
20231107,0,13,0.01,nearest_visible_surface,749,2.7841591192708117,0.09693968932906413
20231107,0,13,0.01,six_neighbor_depth_shared_shape,749,2.732453640915613,0.09593127461740432
20231107,0,13,0.01,six_neighbor_surface,749,2.7439261308936818,0.09589554571692595
20231107,0,13,0.02,donor_template,742,3.0529323595471274,0.10222165783617636
20231107,0,13,0.02,nearest_visible_surface,742,2.521172715889204,0.08593515824601711
20231107,0,13,0.02,six_neighbor_depth_shared_shape,742,2.367220871200892,0.0826549593653001
20231107,0,13,0.02,six_neighbor_surface,742,2.3735302881279834,0.08215410045896067
20231107,0,13,0.05,donor_template,718,3.0513895611208177,0.10244281102661576
20231107,0,13,0.05,nearest_visible_surface,718,1.9952395390680655,0.07132089974257255
20231107,0,13,0.05,six_neighbor_depth_shared_shape,718,1.7090344285435137,0.06171069870326057
20231107,0,13,0.05,six_neighbor_surface,718,1.714336667607179,0.0627797098670762
20231107,0,13,0.1,donor_template,681,2.9731888986169333,0.10127168872569434
20231107,0,13,0.1,nearest_visible_surface,681,1.8446860255605781,0.06778525140782997
20231107,0,13,0.1,six_neighbor_depth_shared_shape,681,1.4994719701958146,0.05410052910093753
20231107,0,13,0.1,six_neighbor_surface,681,1.510954899586466,0.05456204162235948
20231107,0,13,0.2,donor_template,608,3.0573703293561882,0.103683662552428
20231107,0,13,0.2,nearest_visible_surface,608,1.509866537142131,0.05403969197207986
20231107,0,13,0.2,six_neighbor_depth_shared_shape,608,1.2499364199226086,0.04506904317681887
20231107,0,13,0.2,six_neighbor_surface,608,1.2601097647206982,0.04567256735022719
20231107,0,13,0.4,donor_template,458,3.171859895982446,0.10882535202149607
20231107,0,13,0.4,nearest_visible_surface,458,1.3337912006520174,0.04693766995386613
20231107,0,13,0.4,six_neighbor_depth_shared_shape,458,1.0680484994029276,0.03889833646520676
20231107,0,13,0.4,six_neighbor_surface,458,1.0794398338224829,0.039199160741989675
20231107,0,14,0.01,donor_template,749,2.9169848120888004,0.09992463051570884
20231107,0,14,0.01,nearest_visible_surface,749,2.9989866497010422,0.10138404581515582
20231107,0,14,0.01,six_neighbor_depth_shared_shape,749,2.9983999930446465,0.09926235223044301
20231107,0,14,0.01,six_neighbor_surface,749,2.979467385161199,0.09867493031479661
20231107,0,14,0.02,donor_template,741,2.997239807882503,0.09907011046408216
20231107,0,14,0.02,nearest_visible_surface,741,2.3668322316649726,0.08458347424968475
20231107,0,14,0.02,six_neighbor_depth_shared_shape,741,2.280820839460628,0.08088629929032808
20231107,0,14,0.02,six_neighbor_surface,741,2.299905872794631,0.0813586739146136
20231107,0,14,0.05,donor_template,717,3.250312484691821,0.11779109036901418
20231107,0,14,0.05,nearest_visible_surface,717,1.860167562209104,0.0681503621846818
20231107,0,14,0.05,six_neighbor_depth_shared_shape,717,1.7346812682237716,0.06538444533373836
20231107,0,14,0.05,six_neighbor_surface,717,1.7618134383988424,0.06613671121556305
20231107,0,14,0.1,donor_template,679,3.2944543461195166,0.11913330202433535
20231107,0,14,0.1,nearest_visible_surface,679,1.6768224503191207,0.0597218885872735
20231107,0,14,0.1,six_neighbor_depth_shared_shape,679,1.5858004030283326,0.0556435674246946
20231107,0,14,0.1,six_neighbor_surface,679,1.5997791749048134,0.05588002956774284
20231107,0,14,0.2,donor_template,604,3.3957776142775447,0.11720411923399726
20231107,0,14,0.2,nearest_visible_surface,604,1.481151004185841,0.052897465843198654
20231107,0,14,0.2,six_neighbor_depth_shared_shape,604,1.2918092095887526,0.046110862119926974
20231107,0,14,0.2,six_neighbor_surface,604,1.2768734593384248,0.044916129002560735
20231107,0,14,0.4,donor_template,453,3.2463843161831853,0.10770422246711207
20231107,0,14,0.4,nearest_visible_surface,453,1.2846638086436224,0.04579072361004511
20231107,0,14,0.4,six_neighbor_depth_shared_shape,453,1.072177944594955,0.040502791252354335
20231107,0,14,0.4,six_neighbor_surface,453,1.0680268517525937,0.03945809844284666
20231107,0,15,0.01,donor_template,749,3.5902194146682462,0.1227384885501924
20231107,0,15,0.01,nearest_visible_surface,749,2.6541085441052306,0.09621150989780555
20231107,0,15,0.01,six_neighbor_depth_shared_shape,749,2.34003874019361,0.08730311583610892
20231107,0,15,0.01,six_neighbor_surface,749,2.3541397168539024,0.08655704717483252
20231107,0,15,0.02,donor_template,741,3.221835009036093,0.11535591967517464
20231107,0,15,0.02,nearest_visible_surface,741,2.4620435423934626,0.08840324423236419
20231107,0,15,0.02,six_neighbor_depth_shared_shape,741,1.972642051189971,0.07078652627713451
20231107,0,15,0.02,six_neighbor_surface,741,1.9358175335602683,0.06965445429541932
20231107,0,15,0.05,donor_template,717,3.1926551909271876,0.10784496241302187
20231107,0,15,0.05,nearest_visible_surface,717,2.010986185471917,0.07100912526181281
20231107,0,15,0.05,six_neighbor_depth_shared_shape,717,1.6736585201040586,0.061729227676103025
20231107,0,15,0.05,six_neighbor_surface,717,1.6697384594996127,0.06108725826677771
20231107,0,15,0.1,donor_template,677,2.9792024874741316,0.09908146700562702
20231107,0,15,0.1,nearest_visible_surface,677,1.673735632049767,0.06183397242262389
20231107,0,15,0.1,six_neighbor_depth_shared_shape,677,1.4316741663310206,0.052124794469541304
20231107,0,15,0.1,six_neighbor_surface,677,1.4138576392088922,0.052796767652290466
20231107,0,15,0.2,donor_template,604,3.2205147461309243,0.10769801901294845
20231107,0,15,0.2,nearest_visible_surface,604,1.4176657528539929,0.050717681119359585
20231107,0,15,0.2,six_neighbor_depth_shared_shape,604,1.2338230921229758,0.04570155869554127
20231107,0,15,0.2,six_neighbor_surface,604,1.2482726622119968,0.04533045687831043
20231107,0,15,0.4,donor_template,454,3.277668327512753,0.1067107537650131
20231107,0,15,0.4,nearest_visible_surface,454,1.3255596573911466,0.047746450364080095
20231107,0,15,0.4,six_neighbor_depth_shared_shape,454,1.1017299461367087,0.03968468278930462
20231107,0,15,0.4,six_neighbor_surface,454,1.0964566110061553,0.04047645989745578
20231107,0,16,0.01,donor_template,750,3.0683387091784895,0.10072628875682789
20231107,0,16,0.01,nearest_visible_surface,750,2.432616556797822,0.08512088304260457
20231107,0,16,0.01,six_neighbor_depth_shared_shape,750,2.2683530836193593,0.07941878723859919
20231107,0,16,0.01,six_neighbor_surface,750,2.2528864593747686,0.07882863049354635
20231107,0,16,0.02,donor_template,743,3.0560632265951835,0.09993399181196473
20231107,0,16,0.02,nearest_visible_surface,743,2.641967263730691,0.09109046245892972
20231107,0,16,0.02,six_neighbor_depth_shared_shape,743,1.9019889038827416,0.0678476825128497
20231107,0,16,0.02,six_neighbor_surface,743,1.906857402636808,0.06738054693434062
20231107,0,16,0.05,donor_template,720,3.078085839160902,0.10067157793142623
20231107,0,16,0.05,nearest_visible_surface,720,2.039721526649598,0.07173184284922618
20231107,0,16,0.05,six_neighbor_depth_shared_shape,720,1.5860322133298057,0.05483541595143483
20231107,0,16,0.05,six_neighbor_surface,720,1.6192878064667942,0.05736071186784237
20231107,0,16,0.1,donor_template,682,2.9512802651600083,0.09729942873700463
20231107,0,16,0.1,nearest_visible_surface,682,1.6730931337402153,0.05883282864991786
20231107,0,16,0.1,six_neighbor_depth_shared_shape,682,1.4098277566766935,0.050482855053498726
20231107,0,16,0.1,six_neighbor_surface,682,1.421199693627769,0.051960738232311246
20231107,0,16,0.2,donor_template,607,2.8885856088392226,0.10029503938928357
20231107,0,16,0.2,nearest_visible_surface,607,1.4660368289778598,0.05244694723402009
20231107,0,16,0.2,six_neighbor_depth_shared_shape,607,1.1861486910578698,0.04265110926885952
20231107,0,16,0.2,six_neighbor_surface,607,1.2249108894257055,0.043504343805908
20231107,0,16,0.4,donor_template,457,2.934113172601342,0.1027695560237013
20231107,0,16,0.4,nearest_visible_surface,457,1.3142476924873627,0.047296495217136254
20231107,0,16,0.4,six_neighbor_depth_shared_shape,457,1.0199783080625142,0.03803833873944456
20231107,0,16,0.4,six_neighbor_surface,457,1.0306196181187643,0.0379134079152849
20231107,0,17,0.01,donor_template,750,3.2639238147098477,0.11600490571140104
20231107,0,17,0.01,nearest_visible_surface,750,2.8258624644553865,0.09829050295693012
20231107,0,17,0.01,six_neighbor_depth_shared_shape,750,2.8646717515737183,0.09956536012860934
20231107,0,17,0.01,six_neighbor_surface,750,2.8593443655480986,0.09982790181440712
20231107,0,17,0.02,donor_template,745,3.0228090772913365,0.10308233467647313
20231107,0,17,0.02,nearest_visible_surface,745,2.5119192576300033,0.08908929903618344
20231107,0,17,0.02,six_neighbor_depth_shared_shape,745,2.3628546921653943,0.08384774221871084
20231107,0,17,0.02,six_neighbor_surface,745,2.3699614660759876,0.08398554996288067
20231107,0,17,0.05,donor_template,721,2.985772108593075,0.10575034008394983
20231107,0,17,0.05,nearest_visible_surface,721,2.0712563397207093,0.0744187165833045
20231107,0,17,0.05,six_neighbor_depth_shared_shape,721,2.1122447574562795,0.0726123079029203
20231107,0,17,0.05,six_neighbor_surface,721,2.121972119821738,0.07282893320153519
20231107,0,17,0.1,donor_template,685,3.0305284496682785,0.10215268451667346
20231107,0,17,0.1,nearest_visible_surface,685,1.745074911097467,0.06168173801113473
20231107,0,17,0.1,six_neighbor_depth_shared_shape,685,1.5466535138215647,0.054337037439911036
20231107,0,17,0.1,six_neighbor_surface,685,1.5582293403400642,0.054447806829172746
20231107,0,17,0.2,donor_template,607,3.0935453288428736,0.10424216723939161
20231107,0,17,0.2,nearest_visible_surface,607,1.4749680677122652,0.051962556249999244
20231107,0,17,0.2,six_neighbor_depth_shared_shape,607,1.2153043409313284,0.04449403535706515
20231107,0,17,0.2,six_neighbor_surface,607,1.2641412677228179,0.04499857849082157
20231107,0,17,0.4,donor_template,455,3.1089553097552862,0.10720322818977399
20231107,0,17,0.4,nearest_visible_surface,455,1.3251711096725405,0.04665846560824024
20231107,0,17,0.4,six_neighbor_depth_shared_shape,455,1.1043546601856316,0.03884364307673624
20231107,0,17,0.4,six_neighbor_surface,455,1.1176521648853537,0.03908812679032858
20231107,0,18,0.01,donor_template,749,3.0135961545611654,0.10189033173887505
20231107,0,18,0.01,nearest_visible_surface,749,2.983705162086949,0.107391058902346
20231107,0,18,0.01,six_neighbor_depth_shared_shape,749,2.607609096522121,0.09150453408919622
20231107,0,18,0.01,six_neighbor_surface,749,2.595250997685317,0.09070465051376506
20231107,0,18,0.02,donor_template,741,2.954916661463223,0.09873447493678587
20231107,0,18,0.02,nearest_visible_surface,741,2.6133513324882416,0.08939190610573478
20231107,0,18,0.02,six_neighbor_depth_shared_shape,741,1.9876615402196383,0.07075192773565536
20231107,0,18,0.02,six_neighbor_surface,741,1.997521859536121,0.07067430855489702
20231107,0,18,0.05,donor_template,718,2.942195610342826,0.1005008665743682
20231107,0,18,0.05,nearest_visible_surface,718,1.9604490966806072,0.06931987030840839
20231107,0,18,0.05,six_neighbor_depth_shared_shape,718,1.4569108451470503,0.05093291557506396
20231107,0,18,0.05,six_neighbor_surface,718,1.4810727402457822,0.051249192191898094
20231107,0,18,0.1,donor_template,680,2.9030644454177823,0.10137651317982303
20231107,0,18,0.1,nearest_visible_surface,680,1.7007650939650476,0.06350988692934956
20231107,0,18,0.1,six_neighbor_depth_shared_shape,680,1.458204140765615,0.051227218980367445
20231107,0,18,0.1,six_neighbor_surface,680,1.446804497078124,0.05104869450323035
20231107,0,18,0.2,donor_template,602,2.931467732743001,0.10173727108293253
20231107,0,18,0.2,nearest_visible_surface,602,1.390585629449272,0.04998170007734029
20231107,0,18,0.2,six_neighbor_depth_shared_shape,602,1.2173890560089986,0.043856369218978467
20231107,0,18,0.2,six_neighbor_surface,602,1.2061063292854046,0.04359281242723872
20231107,0,18,0.4,donor_template,454,3.021448208773533,0.10229366911117926
20231107,0,18,0.4,nearest_visible_surface,454,1.2000398787764288,0.04324306912335629
20231107,0,18,0.4,six_neighbor_depth_shared_shape,454,0.9460843169792693,0.03620744643811312
20231107,0,18,0.4,six_neighbor_surface,454,0.9633528052563411,0.03553481102420386
20231107,0,19,0.01,donor_template,750,4.681979174002362,0.16117691053230546
20231107,0,19,0.01,nearest_visible_surface,750,3.6952250630898016,0.13299324308255164
20231107,0,19,0.01,six_neighbor_depth_shared_shape,750,3.525739610095645,0.1295369617834653
20231107,0,19,0.01,six_neighbor_surface,750,3.524424518830936,0.12963946398008314
20231107,0,19,0.02,donor_template,742,3.582451034854517,0.12319899197847663
20231107,0,19,0.02,nearest_visible_surface,742,2.7763784226648203,0.10265154758743048
20231107,0,19,0.02,six_neighbor_depth_shared_shape,742,1.9808806266545171,0.0704730071483985
20231107,0,19,0.02,six_neighbor_surface,742,1.9913649465060965,0.07115011109572933
20231107,0,19,0.05,donor_template,718,2.880480342011235,0.09884861323951566
20231107,0,19,0.05,nearest_visible_surface,718,2.2170946700408116,0.07782401801855246
20231107,0,19,0.05,six_neighbor_depth_shared_shape,718,1.9951600772548217,0.07000908408999487
20231107,0,19,0.05,six_neighbor_surface,718,1.973793068958029,0.06870575375378642
20231107,0,19,0.1,donor_template,680,2.8952057223210597,0.09956742302554131
20231107,0,19,0.1,nearest_visible_surface,680,1.7679217903162856,0.06413775016483987
20231107,0,19,0.1,six_neighbor_depth_shared_shape,680,1.5551507728088787,0.05538013412381183
20231107,0,19,0.1,six_neighbor_surface,680,1.5537113405343892,0.05502718135714599
20231107,0,19,0.2,donor_template,602,2.9027969476999487,0.09738500679010176
20231107,0,19,0.2,nearest_visible_surface,602,1.4880587716577125,0.054005537815673924
20231107,0,19,0.2,six_neighbor_depth_shared_shape,602,1.3209438387747099,0.04927712528114496
20231107,0,19,0.2,six_neighbor_surface,602,1.3144554802454271,0.0494636004544132
20231107,0,19,0.4,donor_template,451,2.8607258261626614,0.0981443528090982
20231107,0,19,0.4,nearest_visible_surface,451,1.2539987901083376,0.04614430724253832
20231107,0,19,0.4,six_neighbor_depth_shared_shape,451,1.0642634302883256,0.03830022469700836
20231107,0,19,0.4,six_neighbor_surface,451,1.0651491391689745,0.03781455706143746
20231107,0,20,0.01,donor_template,749,4.152908909439625,0.1448557171478816
20231107,0,20,0.01,nearest_visible_surface,749,4.660402378770982,0.18832654724876952
20231107,0,20,0.01,six_neighbor_depth_shared_shape,749,3.3830998467136224,0.128290378990904
20231107,0,20,0.01,six_neighbor_surface,749,3.4284915761794137,0.13446302974020888
20231107,0,20,0.02,donor_template,741,2.99468277285654,0.09907665276233309
20231107,0,20,0.02,nearest_visible_surface,741,3.4733335091669044,0.12436061233869336
20231107,0,20,0.02,six_neighbor_depth_shared_shape,741,2.243336055668301,0.07840509102153577
20231107,0,20,0.02,six_neighbor_surface,741,2.3245808357275775,0.08177875322785262
20231107,0,20,0.05,donor_template,717,3.00526305246504,0.10017061943470415
20231107,0,20,0.05,nearest_visible_surface,717,2.168952853278484,0.07763157251827636
20231107,0,20,0.05,six_neighbor_depth_shared_shape,717,1.8402383566549705,0.06611159289608534
20231107,0,20,0.05,six_neighbor_surface,717,1.920379112977119,0.06946036881207311
20231107,0,20,0.1,donor_template,682,2.908821812844975,0.10208295288013039
20231107,0,20,0.1,nearest_visible_surface,682,1.87605267593566,0.06559377626708132
20231107,0,20,0.1,six_neighbor_depth_shared_shape,682,1.6399867504698076,0.05602778579876806
20231107,0,20,0.1,six_neighbor_surface,682,1.6876476987593272,0.05785470131043084
20231107,0,20,0.2,donor_template,605,3.0660618999800153,0.1020110052014711
20231107,0,20,0.2,nearest_visible_surface,605,1.4252278918395098,0.05196762554506326
20231107,0,20,0.2,six_neighbor_depth_shared_shape,605,1.2735546455758942,0.04634910031010805
20231107,0,20,0.2,six_neighbor_surface,605,1.2687185538435841,0.046252868521911746
20231107,0,20,0.4,donor_template,458,3.1871852052179968,0.11143173208136176
20231107,0,20,0.4,nearest_visible_surface,458,1.4125234973250027,0.04869207832852867
20231107,0,20,0.4,six_neighbor_depth_shared_shape,458,1.111701410168907,0.04118237003888438
20231107,0,20,0.4,six_neighbor_surface,458,1.1129465649047026,0.04110389779304076
20231107,0,21,0.01,donor_template,749,3.0501267124579434,0.10251199029750793
20231107,0,21,0.01,nearest_visible_surface,749,3.1778635063766156,0.11200132133053989
20231107,0,21,0.01,six_neighbor_depth_shared_shape,749,2.4300079001989703,0.08699072507049112
20231107,0,21,0.01,six_neighbor_surface,749,2.5075343936165573,0.08931230322363402
20231107,0,21,0.02,donor_template,741,3.043863466543622,0.10445042202909297
20231107,0,21,0.02,nearest_visible_surface,741,2.7530659859933024,0.09554762144603625
20231107,0,21,0.02,six_neighbor_depth_shared_shape,741,2.4283799172997704,0.08280580610335007
20231107,0,21,0.02,six_neighbor_surface,741,2.447919982242421,0.08392874436542569
20231107,0,21,0.05,donor_template,717,3.0464853977506823,0.10239540130583498
20231107,0,21,0.05,nearest_visible_surface,717,2.05668495962103,0.07372377449134025
20231107,0,21,0.05,six_neighbor_depth_shared_shape,717,1.8589801823989063,0.06517698985862244
20231107,0,21,0.05,six_neighbor_surface,717,1.9283098178734732,0.06721625801775265
20231107,0,21,0.1,donor_template,679,3.2142464452717006,0.10737906894661388
20231107,0,21,0.1,nearest_visible_surface,679,1.7711779835731638,0.06581683979631044
20231107,0,21,0.1,six_neighbor_depth_shared_shape,679,1.6189595339940697,0.05660660572191971
20231107,0,21,0.1,six_neighbor_surface,679,1.6171711436261547,0.05776352254150506
20231107,0,21,0.2,donor_template,603,3.092096092575792,0.10551425154062104
20231107,0,21,0.2,nearest_visible_surface,603,1.486908750981522,0.052641977997697494
20231107,0,21,0.2,six_neighbor_depth_shared_shape,603,1.3437793697130387,0.04835211334968394
20231107,0,21,0.2,six_neighbor_surface,603,1.3344840844280366,0.04908816116235592
20231107,0,21,0.4,donor_template,450,2.947158765585476,0.10381248011732758
20231107,0,21,0.4,nearest_visible_surface,450,1.327611645845304,0.048322596809176804
20231107,0,21,0.4,six_neighbor_depth_shared_shape,450,1.0327289083370816,0.036981897397348064
20231107,0,21,0.4,six_neighbor_surface,450,1.0218288278530043,0.03743049824515529
20231107,0,22,0.01,donor_template,749,3.078966735225179,0.09934060834669291
20231107,0,22,0.01,nearest_visible_surface,749,3.2335925267969787,0.11501014018058517
20231107,0,22,0.01,six_neighbor_depth_shared_shape,749,1.946905342417495,0.07045958468187204
20231107,0,22,0.01,six_neighbor_surface,749,1.9425410136651278,0.07052824749211507
20231107,0,22,0.02,donor_template,742,2.976711149960786,0.10183816255461473
20231107,0,22,0.02,nearest_visible_surface,742,2.663887699219922,0.09478115459859385
20231107,0,22,0.02,six_neighbor_depth_shared_shape,742,1.982688631798342,0.07148305831923286
20231107,0,22,0.02,six_neighbor_surface,742,1.969846930784072,0.0709386098422041
20231107,0,22,0.05,donor_template,719,3.007242762997695,0.10074571881543333
20231107,0,22,0.05,nearest_visible_surface,719,2.0533696569115496,0.07386448230385281
20231107,0,22,0.05,six_neighbor_depth_shared_shape,719,1.6720061341529533,0.060557903917240676
20231107,0,22,0.05,six_neighbor_surface,719,1.6734270842841434,0.06158611419043087
20231107,0,22,0.1,donor_template,679,3.002519700820576,0.10346867855913472
20231107,0,22,0.1,nearest_visible_surface,679,1.5217372925281563,0.05698214548145783
20231107,0,22,0.1,six_neighbor_depth_shared_shape,679,1.5765022058355986,0.05717873721368492
20231107,0,22,0.1,six_neighbor_surface,679,1.5965421070608234,0.057025025937522934
20231107,0,22,0.2,donor_template,606,3.0055930444023256,0.1005644861910619
20231107,0,22,0.2,nearest_visible_surface,606,1.5893099874514096,0.05641046103303558
20231107,0,22,0.2,six_neighbor_depth_shared_shape,606,1.4499382241651688,0.05141820891950822
20231107,0,22,0.2,six_neighbor_surface,606,1.4516331141339673,0.05152070285645404
20231107,0,22,0.4,donor_template,451,3.0021585405567044,0.10025538833149869
20231107,0,22,0.4,nearest_visible_surface,451,1.3710667948088766,0.04793003846497165
20231107,0,22,0.4,six_neighbor_depth_shared_shape,451,1.1180401407669402,0.039964298675170914
20231107,0,22,0.4,six_neighbor_surface,451,1.1243099430460863,0.03974320730168229
20231107,0,23,0.01,donor_template,749,3.7278417261931396,0.1270745998195229
20231107,0,23,0.01,nearest_visible_surface,749,3.9495114856766733,0.13712846022018424
20231107,0,23,0.01,six_neighbor_depth_shared_shape,749,3.0115093761911713,0.10648029175779983
20231107,0,23,0.01,six_neighbor_surface,749,2.9564610473912007,0.10510649169368658
20231107,0,23,0.02,donor_template,741,3.578482889268102,0.12272069480194267
20231107,0,23,0.02,nearest_visible_surface,741,3.3068277423268513,0.11816675736213651
20231107,0,23,0.02,six_neighbor_depth_shared_shape,741,2.60023112103439,0.09311622105895563
20231107,0,23,0.02,six_neighbor_surface,741,2.617604849541872,0.09603073555086009
20231107,0,23,0.05,donor_template,717,3.2772609885079516,0.1134999332843752
20231107,0,23,0.05,nearest_visible_surface,717,2.126630998433993,0.0767691913052968
20231107,0,23,0.05,six_neighbor_depth_shared_shape,717,1.8899437678528235,0.06927334106871735
20231107,0,23,0.05,six_neighbor_surface,717,1.8762122900451228,0.06983478246901526
20231107,0,23,0.1,donor_template,677,2.918754697029822,0.10324523020959778
20231107,0,23,0.1,nearest_visible_surface,677,1.824835576088996,0.06592762880240871
20231107,0,23,0.1,six_neighbor_depth_shared_shape,677,1.500887360411588,0.05506824673979938
20231107,0,23,0.1,six_neighbor_surface,677,1.5351551730913484,0.05713121837160852
20231107,0,23,0.2,donor_template,604,3.040622134836134,0.10513761430089111
20231107,0,23,0.2,nearest_visible_surface,604,1.4717304702277092,0.05230165910109326
20231107,0,23,0.2,six_neighbor_depth_shared_shape,604,1.259602593111716,0.04462797100040641
20231107,0,23,0.2,six_neighbor_surface,604,1.2402377382798497,0.045378015323747224
20231107,0,23,0.4,donor_template,456,3.166096350491715,0.10609498923157959
20231107,0,23,0.4,nearest_visible_surface,456,1.3170990478328968,0.04668433920020125
20231107,0,23,0.4,six_neighbor_depth_shared_shape,456,0.9962197000086697,0.0363908053917185
20231107,0,23,0.4,six_neighbor_surface,456,0.9900791075340919,0.036430019306576356
20231107,0,24,0.01,donor_template,749,3.014923993016583,0.1020791480153683
20231107,0,24,0.01,nearest_visible_surface,749,2.8482644362148233,0.10219315371972272
20231107,0,24,0.01,six_neighbor_depth_shared_shape,749,2.5791902262102493,0.09274729288811022
20231107,0,24,0.01,six_neighbor_surface,749,2.5821933607121665,0.09329194878840659
20231107,0,24,0.02,donor_template,741,3.006529673294069,0.10109962304880082
20231107,0,24,0.02,nearest_visible_surface,741,2.719985629438187,0.09492241032370519
20231107,0,24,0.02,six_neighbor_depth_shared_shape,741,2.5841693300783954,0.08997317685939678
20231107,0,24,0.02,six_neighbor_surface,741,2.5812100571355305,0.09071776089544482
20231107,0,24,0.05,donor_template,718,3.0004654614425537,0.10036118350445324
20231107,0,24,0.05,nearest_visible_surface,718,2.3156583610754424,0.08240880300244002
20231107,0,24,0.05,six_neighbor_depth_shared_shape,718,2.121460710108269,0.07557594435259966
20231107,0,24,0.05,six_neighbor_surface,718,2.126061997144409,0.07549091966567212
20231107,0,24,0.1,donor_template,681,2.9015781608211313,0.10158840693020706
20231107,0,24,0.1,nearest_visible_surface,681,1.9187953611527384,0.0700769013656082
20231107,0,24,0.1,six_neighbor_depth_shared_shape,681,1.569247622766016,0.05586927354336041
20231107,0,24,0.1,six_neighbor_surface,681,1.5421251369969338,0.05586831017640681
20231107,0,24,0.2,donor_template,604,3.037291458908758,0.10260574703157543
20231107,0,24,0.2,nearest_visible_surface,604,1.5119132560023008,0.05317480940297996
20231107,0,24,0.2,six_neighbor_depth_shared_shape,604,1.2603756186641424,0.04608813551672659
20231107,0,24,0.2,six_neighbor_surface,604,1.262869857319708,0.0462502703267742
20231107,0,24,0.4,donor_template,450,3.086584623648092,0.10154972771665416
20231107,0,24,0.4,nearest_visible_surface,450,1.3849988401937647,0.05000052510156346
20231107,0,24,0.4,six_neighbor_depth_shared_shape,450,1.0356621479599535,0.03649680073065531
20231107,0,24,0.4,six_neighbor_surface,450,1.0691539469974447,0.03761424638834392
20231107,1,0,0.01,donor_template,762,3.6781096749567697,0.12202845657287353
20231107,1,0,0.01,nearest_visible_surface,762,2.892440766768722,0.1015268472448837
20231107,1,0,0.01,six_neighbor_depth_shared_shape,762,3.0131821420734735,0.0994622759584165
20231107,1,0,0.01,six_neighbor_surface,762,3.011591902148449,0.09877709477790395
20231107,1,0,0.02,donor_template,754,2.95207374347586,0.10116020819584753
20231107,1,0,0.02,nearest_visible_surface,754,2.2977588341627504,0.07773732415720697
20231107,1,0,0.02,six_neighbor_depth_shared_shape,754,2.022107449944121,0.06635568705178008
20231107,1,0,0.02,six_neighbor_surface,754,2.024920858678703,0.06583630457753152
20231107,1,0,0.05,donor_template,732,3.0138210645258257,0.10200721285577732
20231107,1,0,0.05,nearest_visible_surface,732,2.133956022106726,0.07569893180015097
20231107,1,0,0.05,six_neighbor_depth_shared_shape,732,1.9251040708830016,0.06452386538491123
20231107,1,0,0.05,six_neighbor_surface,732,1.8997678507813736,0.06471033633931661
20231107,1,0,0.1,donor_template,693,3.0684318050779167,0.10183862848149097
20231107,1,0,0.1,nearest_visible_surface,693,1.8787409324565065,0.06540720275844238
20231107,1,0,0.1,six_neighbor_depth_shared_shape,693,1.6463791059600983,0.05628572847318093
20231107,1,0,0.1,six_neighbor_surface,693,1.66785966100322,0.05613396275684168
20231107,1,0,0.2,donor_template,617,3.108990758004655,0.10545275502511947
20231107,1,0,0.2,nearest_visible_surface,617,1.7827575556397748,0.06116601610691879
20231107,1,0,0.2,six_neighbor_depth_shared_shape,617,1.3836823271655914,0.0469362144407606
20231107,1,0,0.2,six_neighbor_surface,617,1.3933242692751386,0.04854278086242936
20231107,1,0,0.4,donor_template,464,2.802308842429169,0.09512883893505841
20231107,1,0,0.4,nearest_visible_surface,464,1.630642505811184,0.05516504348703404
20231107,1,0,0.4,six_neighbor_depth_shared_shape,464,1.2863243027042905,0.04324832965565402
20231107,1,0,0.4,six_neighbor_surface,464,1.3061202669222087,0.04361108811588436
20231107,1,1,0.01,donor_template,762,3.0582902424946745,0.10350402944276714
20231107,1,1,0.01,nearest_visible_surface,762,2.717474556238848,0.09332966041143886
20231107,1,1,0.01,six_neighbor_depth_shared_shape,762,2.1448615079807265,0.06997263799561793
20231107,1,1,0.01,six_neighbor_surface,762,2.147566192193567,0.07101611697592755
20231107,1,1,0.02,donor_template,754,3.0791997417231647,0.10521207812838937
20231107,1,1,0.02,nearest_visible_surface,754,2.5991506330655616,0.08834982158207128
20231107,1,1,0.02,six_neighbor_depth_shared_shape,754,2.015144679402421,0.06977537021422836
20231107,1,1,0.02,six_neighbor_surface,754,2.071830359925361,0.07125963633565417
20231107,1,1,0.05,donor_template,732,3.013703293254353,0.10039674649905003
20231107,1,1,0.05,nearest_visible_surface,732,2.2867200124809113,0.07608011979796353
20231107,1,1,0.05,six_neighbor_depth_shared_shape,732,1.7863051025486703,0.06077377535170973
20231107,1,1,0.05,six_neighbor_surface,732,1.82333246869026,0.06308500438087072
20231107,1,1,0.1,donor_template,693,2.9754827108166655,0.09969084192975891
20231107,1,1,0.1,nearest_visible_surface,693,2.0268178919043742,0.06912836184908301
20231107,1,1,0.1,six_neighbor_depth_shared_shape,693,1.528641743198017,0.05394899754245768
20231107,1,1,0.1,six_neighbor_surface,693,1.5564516491785487,0.05392063113589876
20231107,1,1,0.2,donor_template,616,2.972035308190007,0.1007459838192124
20231107,1,1,0.2,nearest_visible_surface,616,1.7914388791683296,0.06089012192272628
20231107,1,1,0.2,six_neighbor_depth_shared_shape,616,1.4548971606609946,0.05059140693093926
20231107,1,1,0.2,six_neighbor_surface,616,1.4715462654969933,0.04993794493939227
20231107,1,1,0.4,donor_template,468,2.9680874711096754,0.10247467750205404
20231107,1,1,0.4,nearest_visible_surface,468,1.680708432061224,0.057921920391520124
20231107,1,1,0.4,six_neighbor_depth_shared_shape,468,1.3792939014065366,0.04835845268808965
20231107,1,1,0.4,six_neighbor_surface,468,1.3653009623447272,0.04851957378122969
20231107,1,2,0.01,donor_template,763,3.2683233104959006,0.11375403071732651
20231107,1,2,0.01,nearest_visible_surface,763,3.686789048100241,0.13282057970775824
20231107,1,2,0.01,six_neighbor_depth_shared_shape,763,2.911065482276242,0.10340184201288535
20231107,1,2,0.01,six_neighbor_surface,763,2.886940156132209,0.10435214968834342
20231107,1,2,0.02,donor_template,757,3.0938888490457583,0.10827798738001718
20231107,1,2,0.02,nearest_visible_surface,757,3.12863592316522,0.10734044493794019
20231107,1,2,0.02,six_neighbor_depth_shared_shape,757,2.578214048083551,0.09050941158208824
20231107,1,2,0.02,six_neighbor_surface,757,2.53891406418575,0.09077332767655319
20231107,1,2,0.05,donor_template,734,3.223176459594825,0.11223521162377816
20231107,1,2,0.05,nearest_visible_surface,734,2.425536659880746,0.084065969411988
20231107,1,2,0.05,six_neighbor_depth_shared_shape,734,2.071175785120646,0.07255163153683178
20231107,1,2,0.05,six_neighbor_surface,734,2.087654480650718,0.07318184659559654
20231107,1,2,0.1,donor_template,698,3.1883682834434013,0.10742118587095771
20231107,1,2,0.1,nearest_visible_surface,698,2.22960473355956,0.07419186263521939
20231107,1,2,0.1,six_neighbor_depth_shared_shape,698,1.6632188159741474,0.05736204209896795
20231107,1,2,0.1,six_neighbor_surface,698,1.7037476068589321,0.058517025767817935
20231107,1,2,0.2,donor_template,618,3.1646663783883944,0.10588929892296978
20231107,1,2,0.2,nearest_visible_surface,618,1.8695370967599194,0.063451539529738
20231107,1,2,0.2,six_neighbor_depth_shared_shape,618,1.392608396056174,0.04688566935894456
20231107,1,2,0.2,six_neighbor_surface,618,1.4088737444250898,0.04823457049485429
20231107,1,2,0.4,donor_template,462,3.0730520635906897,0.10486204548735709
20231107,1,2,0.4,nearest_visible_surface,462,1.527497660452549,0.05185599607689008
20231107,1,2,0.4,six_neighbor_depth_shared_shape,462,1.2702967659807856,0.042772797223710926
20231107,1,2,0.4,six_neighbor_surface,462,1.2872589246525161,0.04371125633528391
20231107,1,3,0.01,donor_template,763,2.994803831196588,0.09749432321529308
20231107,1,3,0.01,nearest_visible_surface,763,3.6255350448055577,0.1255334413740347
20231107,1,3,0.01,six_neighbor_depth_shared_shape,763,2.9646035322315165,0.1007371449238181
20231107,1,3,0.01,six_neighbor_surface,763,2.990257871890997,0.10038578313295367
20231107,1,3,0.02,donor_template,755,2.9662534127117786,0.10008776788613703
20231107,1,3,0.02,nearest_visible_surface,755,3.3107639211391486,0.11475787503281595
20231107,1,3,0.02,six_neighbor_depth_shared_shape,755,2.697358588101745,0.09152776074418598
20231107,1,3,0.02,six_neighbor_surface,755,2.7933922349850917,0.0955943751926469
20231107,1,3,0.05,donor_template,731,2.973284346284468,0.09892857322740164
20231107,1,3,0.05,nearest_visible_surface,731,2.744021674488552,0.09461771140476508
20231107,1,3,0.05,six_neighbor_depth_shared_shape,731,2.308104301921734,0.07938656775177463
20231107,1,3,0.05,six_neighbor_surface,731,2.3588706236689774,0.08180974003165414
20231107,1,3,0.1,donor_template,693,3.000077013891709,0.10119732868119947
20231107,1,3,0.1,nearest_visible_surface,693,1.9383439097320174,0.06885370727005827
20231107,1,3,0.1,six_neighbor_depth_shared_shape,693,1.6889568780866406,0.05757463667959018
20231107,1,3,0.1,six_neighbor_surface,693,1.7264383875977107,0.060562090035462146
20231107,1,3,0.2,donor_template,616,3.072762797328255,0.10205749534007053
20231107,1,3,0.2,nearest_visible_surface,616,1.8267932783581218,0.06319939710327092
20231107,1,3,0.2,six_neighbor_depth_shared_shape,616,1.4646927026792795,0.05028158739704106
20231107,1,3,0.2,six_neighbor_surface,616,1.4750715189202475,0.0508574242415024
20231107,1,3,0.4,donor_template,464,3.105865508682059,0.10555230580791668
20231107,1,3,0.4,nearest_visible_surface,464,1.7204474516124906,0.060213610400768385
20231107,1,3,0.4,six_neighbor_depth_shared_shape,464,1.2267804179042074,0.040849858464671304
20231107,1,3,0.4,six_neighbor_surface,464,1.2670417098709383,0.044664686398069364
20231107,1,4,0.01,donor_template,762,2.9999187858324836,0.10094812951408413
20231107,1,4,0.01,nearest_visible_surface,762,3.286282052486925,0.11204253893192798
20231107,1,4,0.01,six_neighbor_depth_shared_shape,762,2.750080483165692,0.09348590040050495
20231107,1,4,0.01,six_neighbor_surface,762,2.7502589112819877,0.0935256130769575
20231107,1,4,0.02,donor_template,754,2.90951040676348,0.09863837672308276
20231107,1,4,0.02,nearest_visible_surface,754,2.944628674435517,0.10077212197058918
20231107,1,4,0.02,six_neighbor_depth_shared_shape,754,2.6539737742383602,0.08968194392528894
20231107,1,4,0.02,six_neighbor_surface,754,2.659865642254631,0.09028394887411718
20231107,1,4,0.05,donor_template,731,2.943029745222621,0.10044305725598977
20231107,1,4,0.05,nearest_visible_surface,731,2.330430115718904,0.07969034972623223
20231107,1,4,0.05,six_neighbor_depth_shared_shape,731,2.008883676514993,0.07099144906803612
20231107,1,4,0.05,six_neighbor_surface,731,2.001809910157832,0.07022252863273812
20231107,1,4,0.1,donor_template,693,2.9474288748838897,0.097402981666713
20231107,1,4,0.1,nearest_visible_surface,693,2.0494638087717534,0.07139733820284658
20231107,1,4,0.1,six_neighbor_depth_shared_shape,693,1.8224493051767323,0.0615926368156449
20231107,1,4,0.1,six_neighbor_surface,693,1.8500630284933972,0.06290670960557401
20231107,1,4,0.2,donor_template,616,2.854390566368324,0.0972013020547396
20231107,1,4,0.2,nearest_visible_surface,616,1.8247338462599656,0.06328551300882887
20231107,1,4,0.2,six_neighbor_depth_shared_shape,616,1.4560900261821652,0.05058915186614411
20231107,1,4,0.2,six_neighbor_surface,616,1.4623886407632891,0.050692871894295666
20231107,1,4,0.4,donor_template,460,2.870772950329621,0.09834568472605376
20231107,1,4,0.4,nearest_visible_surface,460,1.7610627513247006,0.059960778483696645
20231107,1,4,0.4,six_neighbor_depth_shared_shape,460,1.268953797275544,0.04258637857483181
20231107,1,4,0.4,six_neighbor_surface,460,1.2799696147978887,0.04271035660606616
20231107,1,5,0.01,donor_template,762,3.097374161640447,0.10498044505927548
20231107,1,5,0.01,nearest_visible_surface,762,3.7081304714603687,0.12032287012639775
20231107,1,5,0.01,six_neighbor_depth_shared_shape,762,2.8494772683055425,0.09791570196625526
20231107,1,5,0.01,six_neighbor_surface,762,2.8391456621267226,0.09812996993631398
20231107,1,5,0.02,donor_template,755,3.0657293207907044,0.10456884725426464
20231107,1,5,0.02,nearest_visible_surface,755,2.7104472958877714,0.09212877500382252
20231107,1,5,0.02,six_neighbor_depth_shared_shape,755,2.267953124221283,0.07467860898633433
20231107,1,5,0.02,six_neighbor_surface,755,2.25256499025281,0.07602295773761963
20231107,1,5,0.05,donor_template,731,2.915573026057229,0.09953938785724227
20231107,1,5,0.05,nearest_visible_surface,731,2.3066826468933823,0.07810974660248626
20231107,1,5,0.05,six_neighbor_depth_shared_shape,731,1.9938968132813428,0.06702488189760042
20231107,1,5,0.05,six_neighbor_surface,731,1.9907324687177355,0.06646142602840215
20231107,1,5,0.1,donor_template,694,2.944110296603333,0.09931989764246704
20231107,1,5,0.1,nearest_visible_surface,694,1.9769741591491792,0.06954636050631616
20231107,1,5,0.1,six_neighbor_depth_shared_shape,694,1.7357209442654784,0.0601441726210703
20231107,1,5,0.1,six_neighbor_surface,694,1.7365956670887068,0.059372406592061035
20231107,1,5,0.2,donor_template,618,3.026761401787322,0.09766504850175713
20231107,1,5,0.2,nearest_visible_surface,618,1.8056628786639235,0.06288366596895485
20231107,1,5,0.2,six_neighbor_depth_shared_shape,618,1.4015175574123364,0.049306279480726065
20231107,1,5,0.2,six_neighbor_surface,618,1.453374903263275,0.0495017606723277
20231107,1,5,0.4,donor_template,464,2.999135232875008,0.10227793725189138
20231107,1,5,0.4,nearest_visible_surface,464,1.5835082795566748,0.0553513853213893
20231107,1,5,0.4,six_neighbor_depth_shared_shape,464,1.330456547104541,0.04601340368884657
20231107,1,5,0.4,six_neighbor_surface,464,1.3319852563583132,0.04702111935849643
20231107,1,6,0.01,donor_template,762,3.664050990253437,0.12077914479839144
20231107,1,6,0.01,nearest_visible_surface,762,3.852972076779059,0.12892206152071276
20231107,1,6,0.01,six_neighbor_depth_shared_shape,762,3.7167057504969905,0.12686102235901667
20231107,1,6,0.01,six_neighbor_surface,762,3.70568635905463,0.1270719827683517
20231107,1,6,0.02,donor_template,754,3.884033116231979,0.12911142073980741
20231107,1,6,0.02,nearest_visible_surface,754,3.4132378013621114,0.11218091628318934
20231107,1,6,0.02,six_neighbor_depth_shared_shape,754,3.9042351221958596,0.13157035612864762
20231107,1,6,0.02,six_neighbor_surface,754,3.867778023072492,0.13089720275509037
20231107,1,6,0.05,donor_template,731,2.9502017019926257,0.09851533307078088
20231107,1,6,0.05,nearest_visible_surface,731,2.8012902978716,0.09494906963980972
20231107,1,6,0.05,six_neighbor_depth_shared_shape,731,2.1123882642147103,0.07118080169711191
20231107,1,6,0.05,six_neighbor_surface,731,2.098615440437423,0.07042020953790207
20231107,1,6,0.1,donor_template,691,2.9077803630093353,0.09648058744064969
20231107,1,6,0.1,nearest_visible_surface,691,2.176885030710273,0.07440240039183373
20231107,1,6,0.1,six_neighbor_depth_shared_shape,691,1.7384986703724428,0.05950966943070881
20231107,1,6,0.1,six_neighbor_surface,691,1.7557288770156216,0.06034741897949799
20231107,1,6,0.2,donor_template,614,2.8364633383635978,0.09696365849888433
20231107,1,6,0.2,nearest_visible_surface,614,1.9241546914756236,0.06565209921760332
20231107,1,6,0.2,six_neighbor_depth_shared_shape,614,1.4818455503713457,0.05132601158530968
20231107,1,6,0.2,six_neighbor_surface,614,1.516026620022261,0.052310202838459496
20231107,1,6,0.4,donor_template,457,2.849470560012741,0.09471961597382637
20231107,1,6,0.4,nearest_visible_surface,457,1.5689369796289019,0.055145758195148026
20231107,1,6,0.4,six_neighbor_depth_shared_shape,457,1.323208372655521,0.044582083395938554
20231107,1,6,0.4,six_neighbor_surface,457,1.3551073768418458,0.04631713487358812
20231107,1,7,0.01,donor_template,762,3.069838194891183,0.10353130508522825
20231107,1,7,0.01,nearest_visible_surface,762,3.175305989243392,0.10578833139149249
20231107,1,7,0.01,six_neighbor_depth_shared_shape,762,2.936286155162626,0.09708913708300815
20231107,1,7,0.01,six_neighbor_surface,762,2.967849183063016,0.09771772529069922
20231107,1,7,0.02,donor_template,754,2.989918280422553,0.10108882684886533
20231107,1,7,0.02,nearest_visible_surface,754,2.886457003071418,0.09367588757151837
20231107,1,7,0.02,six_neighbor_depth_shared_shape,754,2.668887910280809,0.08743846581544718
20231107,1,7,0.02,six_neighbor_surface,754,2.695043581458372,0.08778038340066985
20231107,1,7,0.05,donor_template,731,2.9735229804564614,0.09699304420214815
20231107,1,7,0.05,nearest_visible_surface,731,2.3956892044312648,0.08092048287522724
20231107,1,7,0.05,six_neighbor_depth_shared_shape,731,2.175221066240699,0.0757323378542375
20231107,1,7,0.05,six_neighbor_surface,731,2.2162498503050028,0.07762810000926008
20231107,1,7,0.1,donor_template,695,2.9167439047893433,0.09734087499675287
20231107,1,7,0.1,nearest_visible_surface,695,2.083458145601624,0.07058889988005909
20231107,1,7,0.1,six_neighbor_depth_shared_shape,695,1.841939002322838,0.06326725542111526
20231107,1,7,0.1,six_neighbor_surface,695,1.8475915234504086,0.0648732916958209
20231107,1,7,0.2,donor_template,620,2.8998940878036517,0.09873280044481425
20231107,1,7,0.2,nearest_visible_surface,620,1.856887707750332,0.06432207124926026
20231107,1,7,0.2,six_neighbor_depth_shared_shape,620,1.6703148958892458,0.057326639143783886
20231107,1,7,0.2,six_neighbor_surface,620,1.674839289220777,0.057516759199278386
20231107,1,7,0.4,donor_template,466,2.9720170154873795,0.09851334357801425
20231107,1,7,0.4,nearest_visible_surface,466,1.5287119072130397,0.05412675044827209
20231107,1,7,0.4,six_neighbor_depth_shared_shape,466,1.3372177300666017,0.04519045250079567
20231107,1,7,0.4,six_neighbor_surface,466,1.3383379264758866,0.04456676627881953
20231107,1,8,0.01,donor_template,763,3.5509783661558387,0.12406471040450644
20231107,1,8,0.01,nearest_visible_surface,763,2.8069674431751226,0.09605217751309031
20231107,1,8,0.01,six_neighbor_depth_shared_shape,763,2.1315372129245125,0.07417736130241658
20231107,1,8,0.01,six_neighbor_surface,763,2.1233901316530153,0.0739241410704516
20231107,1,8,0.02,donor_template,755,2.946396201827136,0.10081518372820793
20231107,1,8,0.02,nearest_visible_surface,755,2.503548776265695,0.08955274612169772
20231107,1,8,0.02,six_neighbor_depth_shared_shape,755,2.035047187903957,0.06869795711004785
20231107,1,8,0.02,six_neighbor_surface,755,2.030447419753459,0.06905137444298398
20231107,1,8,0.05,donor_template,732,2.9428657804533023,0.10018151785195781
20231107,1,8,0.05,nearest_visible_surface,732,2.1352271202257285,0.074321252526381
20231107,1,8,0.05,six_neighbor_depth_shared_shape,732,1.9215241599671242,0.06677230231688677
20231107,1,8,0.05,six_neighbor_surface,732,1.9374135332724052,0.0678919088174044
20231107,1,8,0.1,donor_template,695,2.955079613259899,0.09601479796154437
20231107,1,8,0.1,nearest_visible_surface,695,2.00682237533219,0.06730831594782377
20231107,1,8,0.1,six_neighbor_depth_shared_shape,695,1.7327645016890658,0.058530264838725
20231107,1,8,0.1,six_neighbor_surface,695,1.7254770162218516,0.05837938682775413
20231107,1,8,0.2,donor_template,619,2.8886636593601693,0.09793086832778258
20231107,1,8,0.2,nearest_visible_surface,619,1.7668356079768994,0.061453812387901076
20231107,1,8,0.2,six_neighbor_depth_shared_shape,619,1.4182824233924372,0.04843255827148468
20231107,1,8,0.2,six_neighbor_surface,619,1.4318893193960043,0.04798243810224059
20231107,1,8,0.4,donor_template,460,2.856285164227507,0.09929525566795122
20231107,1,8,0.4,nearest_visible_surface,460,1.572849087739622,0.05509171996014002
20231107,1,8,0.4,six_neighbor_depth_shared_shape,460,1.2491331921364102,0.04483857768094632
20231107,1,8,0.4,six_neighbor_surface,460,1.2645535580618938,0.044798400730266544
20231107,1,9,0.01,donor_template,762,3.330431690006944,0.11792580535961754
20231107,1,9,0.01,nearest_visible_surface,762,3.3796259769945687,0.11639259699935353
20231107,1,9,0.01,six_neighbor_depth_shared_shape,762,2.758439716798404,0.0958359991323424
20231107,1,9,0.01,six_neighbor_surface,762,2.980430155195485,0.10133164131801306
20231107,1,9,0.02,donor_template,754,3.1279062533968056,0.1089003144517095
20231107,1,9,0.02,nearest_visible_surface,754,3.0424522499889406,0.10187224385189425
20231107,1,9,0.02,six_neighbor_depth_shared_shape,754,2.150821172701729,0.0745468203265175
20231107,1,9,0.02,six_neighbor_surface,754,2.2577775744183155,0.07694881219952449
20231107,1,9,0.05,donor_template,732,3.016131294508776,0.10128709969355087
20231107,1,9,0.05,nearest_visible_surface,732,2.3382430064298,0.08040990342514467
20231107,1,9,0.05,six_neighbor_depth_shared_shape,732,1.896842245162937,0.06394492614953631
20231107,1,9,0.05,six_neighbor_surface,732,1.9050662222693269,0.06530026887955387
20231107,1,9,0.1,donor_template,695,2.9768967426920407,0.10064074405005907
20231107,1,9,0.1,nearest_visible_surface,695,2.1066055848117857,0.07088929881243097
20231107,1,9,0.1,six_neighbor_depth_shared_shape,695,1.949458473097841,0.06346761772165811
20231107,1,9,0.1,six_neighbor_surface,695,1.9415752575653091,0.0647655058957575
20231107,1,9,0.2,donor_template,617,3.073503083030579,0.1027784404581616
20231107,1,9,0.2,nearest_visible_surface,617,1.8398365272245727,0.06312954950271835
20231107,1,9,0.2,six_neighbor_depth_shared_shape,617,1.4995532613479334,0.050978088274862825
20231107,1,9,0.2,six_neighbor_surface,617,1.5077816278605534,0.051804441997321454
20231107,1,9,0.4,donor_template,461,3.140054064618158,0.1040358499556771
20231107,1,9,0.4,nearest_visible_surface,461,1.585056989441831,0.056441400833385585
20231107,1,9,0.4,six_neighbor_depth_shared_shape,461,1.3095455878541542,0.04611922718081433
20231107,1,9,0.4,six_neighbor_surface,461,1.3256829697332386,0.04693906967822706
20231107,1,10,0.01,donor_template,762,2.963030678238576,0.10068187471889065
20231107,1,10,0.01,nearest_visible_surface,762,3.0822034156081695,0.10259569454511833
20231107,1,10,0.01,six_neighbor_depth_shared_shape,762,2.221093217911898,0.07823879927560493
20231107,1,10,0.01,six_neighbor_surface,762,2.2619290686284153,0.08046744226212535
20231107,1,10,0.02,donor_template,754,2.9560494526645558,0.10018581467528279
20231107,1,10,0.02,nearest_visible_surface,754,2.661026519635576,0.09210680901976603
20231107,1,10,0.02,six_neighbor_depth_shared_shape,754,2.2586986129841673,0.07735008837301945
20231107,1,10,0.02,six_neighbor_surface,754,2.274545040281294,0.07903892756206564
20231107,1,10,0.05,donor_template,733,2.9751561402417686,0.10020599604418118
20231107,1,10,0.05,nearest_visible_surface,733,2.2458431160943646,0.07794375092062404
20231107,1,10,0.05,six_neighbor_depth_shared_shape,733,1.8371809641199122,0.06397512326055557
20231107,1,10,0.05,six_neighbor_surface,733,1.8696627214130932,0.06380190027663567
20231107,1,10,0.1,donor_template,693,2.931614285865891,0.1006353443896446
20231107,1,10,0.1,nearest_visible_surface,693,2.0635458672334996,0.07063651629155583
20231107,1,10,0.1,six_neighbor_depth_shared_shape,693,1.799995288011459,0.061336836580381485
20231107,1,10,0.1,six_neighbor_surface,693,1.7996190944814037,0.0618322644583172
20231107,1,10,0.2,donor_template,614,3.00467441631908,0.1004702858473546
20231107,1,10,0.2,nearest_visible_surface,614,1.8590661948012923,0.0640025242272452
20231107,1,10,0.2,six_neighbor_depth_shared_shape,614,1.6718524933443661,0.05736328708785695
20231107,1,10,0.2,six_neighbor_surface,614,1.671407377003915,0.058270570658968866
20231107,1,10,0.4,donor_template,460,2.9797886869761827,0.09960053111411914
20231107,1,10,0.4,nearest_visible_surface,460,1.6787229268555166,0.057685119823691504
20231107,1,10,0.4,six_neighbor_depth_shared_shape,460,1.3747981142694954,0.04749163027867753
20231107,1,10,0.4,six_neighbor_surface,460,1.3801236440823144,0.046909275906478254
20231107,1,11,0.01,donor_template,763,4.258996939420828,0.14830716074445024
20231107,1,11,0.01,nearest_visible_surface,763,3.8252441287565704,0.13321142696559926
20231107,1,11,0.01,six_neighbor_depth_shared_shape,763,4.030437291256357,0.13554479546997794
20231107,1,11,0.01,six_neighbor_surface,763,4.0757802350529175,0.13837717972361485
20231107,1,11,0.02,donor_template,756,3.9241014658430786,0.13508483421777145
20231107,1,11,0.02,nearest_visible_surface,756,3.982917167187563,0.13351468141967726
20231107,1,11,0.02,six_neighbor_depth_shared_shape,756,3.237795209619983,0.11411075458899206
20231107,1,11,0.02,six_neighbor_surface,756,3.297819712557688,0.11457646112575184
20231107,1,11,0.05,donor_template,734,2.944940742955117,0.10017350441781873
20231107,1,11,0.05,nearest_visible_surface,734,2.4824165511637504,0.0822911549558816
20231107,1,11,0.05,six_neighbor_depth_shared_shape,734,2.1232294708194708,0.07655823263685772
20231107,1,11,0.05,six_neighbor_surface,734,2.102750172981478,0.07726562138182488
20231107,1,11,0.1,donor_template,696,2.9773882583622493,0.09904961818082017
20231107,1,11,0.1,nearest_visible_surface,696,1.9788490420272473,0.06798183718385682
20231107,1,11,0.1,six_neighbor_depth_shared_shape,696,1.6425059223087684,0.056415727055036655
20231107,1,11,0.1,six_neighbor_surface,696,1.6530776775950309,0.05710503991927375
20231107,1,11,0.2,donor_template,619,2.8839914451643005,0.09588658654971093
20231107,1,11,0.2,nearest_visible_surface,619,1.781025925404551,0.05962662342618574
20231107,1,11,0.2,six_neighbor_depth_shared_shape,619,1.357491696042013,0.04761551860659456
20231107,1,11,0.2,six_neighbor_surface,619,1.3215724779505582,0.046171701703047796
20231107,1,11,0.4,donor_template,462,2.989636674159246,0.09972144379076686
20231107,1,11,0.4,nearest_visible_surface,462,1.5687217026626978,0.054089866556250615
20231107,1,11,0.4,six_neighbor_depth_shared_shape,462,1.240441438047549,0.04173549183166228
20231107,1,11,0.4,six_neighbor_surface,462,1.224321458989066,0.04191287249848927
20231107,1,12,0.01,donor_template,762,2.956049082271284,0.10038343340819791
20231107,1,12,0.01,nearest_visible_surface,762,2.7532084727299875,0.09157236919018258
20231107,1,12,0.01,six_neighbor_depth_shared_shape,762,2.4158589945975444,0.08178301018267928
20231107,1,12,0.01,six_neighbor_surface,762,2.436137057178545,0.08169804477336097
20231107,1,12,0.02,donor_template,755,2.9924463415008127,0.1010807952234349
20231107,1,12,0.02,nearest_visible_surface,755,2.487484349785698,0.08516499084906169
20231107,1,12,0.02,six_neighbor_depth_shared_shape,755,2.3444097894690032,0.07937037655462031
20231107,1,12,0.02,six_neighbor_surface,755,2.3349126104933227,0.08023522160350324
20231107,1,12,0.05,donor_template,733,3.1458750471818364,0.10744805128470836
20231107,1,12,0.05,nearest_visible_surface,733,2.646274258689997,0.08688929456358306
20231107,1,12,0.05,six_neighbor_depth_shared_shape,733,2.2361712680803447,0.07439143627360205
20231107,1,12,0.05,six_neighbor_surface,733,2.246970247154834,0.07473841381672854
20231107,1,12,0.1,donor_template,693,3.1212436768162997,0.10569245666328664
20231107,1,12,0.1,nearest_visible_surface,693,2.096587037709189,0.07013331366089186
20231107,1,12,0.1,six_neighbor_depth_shared_shape,693,1.8202622911128008,0.06213835959870886
20231107,1,12,0.1,six_neighbor_surface,693,1.8054261720867888,0.06340888492641343
20231107,1,12,0.2,donor_template,615,3.0140784658982667,0.1014112193868992
20231107,1,12,0.2,nearest_visible_surface,615,1.77941963512371,0.0612085743328841
20231107,1,12,0.2,six_neighbor_depth_shared_shape,615,1.520902492767602,0.0507047689373394
20231107,1,12,0.2,six_neighbor_surface,615,1.5122939254491554,0.05121388035451916
20231107,1,12,0.4,donor_template,464,3.1550607574048826,0.10495279364191312
20231107,1,12,0.4,nearest_visible_surface,464,1.599395947809509,0.0565217402804305
20231107,1,12,0.4,six_neighbor_depth_shared_shape,464,1.3279026741111846,0.045811461354889185
20231107,1,12,0.4,six_neighbor_surface,464,1.3300298340065086,0.04627284418159107
20231107,1,13,0.01,donor_template,763,4.929611416212885,0.16907315291617628
20231107,1,13,0.01,nearest_visible_surface,763,4.1345123320021155,0.14234889476112572
20231107,1,13,0.01,six_neighbor_depth_shared_shape,763,3.9727006365922537,0.14063285373927753
20231107,1,13,0.01,six_neighbor_surface,763,4.145129848300276,0.14647260342737015
20231107,1,13,0.02,donor_template,755,3.407681476758465,0.11871015205917401
20231107,1,13,0.02,nearest_visible_surface,755,2.494174804585999,0.08793447561702164
20231107,1,13,0.02,six_neighbor_depth_shared_shape,755,2.447347580877623,0.087129165030618
20231107,1,13,0.02,six_neighbor_surface,755,2.5051209446061016,0.0883151588818031
20231107,1,13,0.05,donor_template,732,3.092006399122819,0.10780698906760938
20231107,1,13,0.05,nearest_visible_surface,732,2.404096372098798,0.08277710653447642
20231107,1,13,0.05,six_neighbor_depth_shared_shape,732,2.1911832445169637,0.0774375340970021
20231107,1,13,0.05,six_neighbor_surface,732,2.237260417140135,0.07966342436889502
20231107,1,13,0.1,donor_template,697,3.1248133315848685,0.11107053758296265
20231107,1,13,0.1,nearest_visible_surface,697,2.185062916218474,0.07702660669690432
20231107,1,13,0.1,six_neighbor_depth_shared_shape,697,1.8941168094501941,0.06646818091925777
20231107,1,13,0.1,six_neighbor_surface,697,1.9107201178534594,0.06677343968136448
20231107,1,13,0.2,donor_template,619,3.021946158981165,0.09946519341136632
20231107,1,13,0.2,nearest_visible_surface,619,1.6955734004679084,0.05939587941114746
20231107,1,13,0.2,six_neighbor_depth_shared_shape,619,1.3895374510366998,0.04729142810632935
20231107,1,13,0.2,six_neighbor_surface,619,1.3984105408252372,0.047687554136660655
20231107,1,13,0.4,donor_template,462,2.9581764480492385,0.09828529587949253
20231107,1,13,0.4,nearest_visible_surface,462,1.5620343398680006,0.05204566622136379
20231107,1,13,0.4,six_neighbor_depth_shared_shape,462,1.3161604604216173,0.0457578039416223
20231107,1,13,0.4,six_neighbor_surface,462,1.322384418192495,0.046848527604359945
20231107,1,14,0.01,donor_template,762,3.012496858751894,0.10118867332217321
20231107,1,14,0.01,nearest_visible_surface,762,2.8454587566973055,0.09607868114833078
20231107,1,14,0.01,six_neighbor_depth_shared_shape,762,2.827511675612479,0.09217451309609612
20231107,1,14,0.01,six_neighbor_surface,762,2.8323323172315256,0.09212892455768991
20231107,1,14,0.02,donor_template,754,3.0999410502415783,0.1032852106688682
20231107,1,14,0.02,nearest_visible_surface,754,3.142766918504572,0.1072350836675634
20231107,1,14,0.02,six_neighbor_depth_shared_shape,754,2.5907860943220067,0.08567441858346475
20231107,1,14,0.02,six_neighbor_surface,754,2.5649360703683968,0.08501195799522901
20231107,1,14,0.05,donor_template,730,2.9295415022159212,0.09955681288715025
20231107,1,14,0.05,nearest_visible_surface,730,2.425890938445032,0.08134663037488321
20231107,1,14,0.05,six_neighbor_depth_shared_shape,730,1.883671566256102,0.06197144719443388
20231107,1,14,0.05,six_neighbor_surface,730,1.963043691821762,0.06360952655172662
20231107,1,14,0.1,donor_template,693,2.8714125425915684,0.09884942584716885
20231107,1,14,0.1,nearest_visible_surface,693,2.1692944237110665,0.07399506068972657
20231107,1,14,0.1,six_neighbor_depth_shared_shape,693,1.7661850814846924,0.05868389503511943
20231107,1,14,0.1,six_neighbor_surface,693,1.8029437675861668,0.06019418006114681
20231107,1,14,0.2,donor_template,616,2.8628199063364175,0.09765601751515869
20231107,1,14,0.2,nearest_visible_surface,616,1.6438872949196486,0.05793110177971229
20231107,1,14,0.2,six_neighbor_depth_shared_shape,616,1.3530972312550684,0.046443832478086144
20231107,1,14,0.2,six_neighbor_surface,616,1.3848785263644068,0.047533744068128714
20231107,1,14,0.4,donor_template,464,2.8706753277733297,0.09746700268344602
20231107,1,14,0.4,nearest_visible_surface,464,1.6312125020062063,0.05713641758707112
20231107,1,14,0.4,six_neighbor_depth_shared_shape,464,1.230579795361411,0.04071741600305813
20231107,1,14,0.4,six_neighbor_surface,464,1.2683887720302214,0.042237263134174155
20231107,1,15,0.01,donor_template,762,3.0835996721276415,0.10334258930096715
20231107,1,15,0.01,nearest_visible_surface,762,3.028755110761638,0.10212732739727513
20231107,1,15,0.01,six_neighbor_depth_shared_shape,762,2.329265169075536,0.07964951156699503
20231107,1,15,0.01,six_neighbor_surface,762,2.303905196576338,0.07938908638092876
20231107,1,15,0.02,donor_template,755,3.0290098110475427,0.1008050683882032
20231107,1,15,0.02,nearest_visible_surface,755,2.4608827244600633,0.0826844971890597
20231107,1,15,0.02,six_neighbor_depth_shared_shape,755,2.131057568517818,0.07275594639001763
20231107,1,15,0.02,six_neighbor_surface,755,2.1149140150935923,0.07340691624180898
20231107,1,15,0.05,donor_template,731,2.9528641725890736,0.09758106550479168
20231107,1,15,0.05,nearest_visible_surface,731,2.2559749603540595,0.07604983696920374
20231107,1,15,0.05,six_neighbor_depth_shared_shape,731,1.8675446177342157,0.06329248680978754
20231107,1,15,0.05,six_neighbor_surface,731,1.8866971377201947,0.0641249453165625
20231107,1,15,0.1,donor_template,693,2.959577792605911,0.09728993770183372
20231107,1,15,0.1,nearest_visible_surface,693,2.0649114763919734,0.07103673574704623
20231107,1,15,0.1,six_neighbor_depth_shared_shape,693,1.5649683150815992,0.05399412916299699
20231107,1,15,0.1,six_neighbor_surface,693,1.5927437934112592,0.05439376258603468
20231107,1,15,0.2,donor_template,620,2.9659725129289507,0.0994623706316071
20231107,1,15,0.2,nearest_visible_surface,620,1.750435606610234,0.060617315364935226
20231107,1,15,0.2,six_neighbor_depth_shared_shape,620,1.4541897711724836,0.04898269048616834
20231107,1,15,0.2,six_neighbor_surface,620,1.4667792587999622,0.04956000274707046
20231107,1,15,0.4,donor_template,461,3.0943479524829303,0.10338136071463096
20231107,1,15,0.4,nearest_visible_surface,461,1.5885126033153405,0.0567909754470136
20231107,1,15,0.4,six_neighbor_depth_shared_shape,461,1.1743166376832055,0.04124716467067657
20231107,1,15,0.4,six_neighbor_surface,461,1.1960476149830535,0.041963557010730915
20231107,1,16,0.01,donor_template,762,3.012099388010997,0.100145729221496
20231107,1,16,0.01,nearest_visible_surface,762,2.6856006135569572,0.09144177443529691
20231107,1,16,0.01,six_neighbor_depth_shared_shape,762,2.392014619620843,0.08214975288713171
20231107,1,16,0.01,six_neighbor_surface,762,2.4728113795004236,0.08254313562774024
20231107,1,16,0.02,donor_template,754,2.994038364418504,0.1000646574466887
20231107,1,16,0.02,nearest_visible_surface,754,2.644681068886264,0.08892580768295934
20231107,1,16,0.02,six_neighbor_depth_shared_shape,754,2.2984343504443303,0.07951664449446447
20231107,1,16,0.02,six_neighbor_surface,754,2.289095572374671,0.08033709983572421
20231107,1,16,0.05,donor_template,733,2.9847584137388674,0.09997799239789655
20231107,1,16,0.05,nearest_visible_surface,733,2.2788401353271905,0.07722734674689412
20231107,1,16,0.05,six_neighbor_depth_shared_shape,733,1.9031627806450995,0.06413903945525946
20231107,1,16,0.05,six_neighbor_surface,733,1.9185174868751758,0.06472828899986106
20231107,1,16,0.1,donor_template,696,3.0167925927267403,0.10109328768465842
20231107,1,16,0.1,nearest_visible_surface,696,2.0084424272268144,0.06738777375542426
20231107,1,16,0.1,six_neighbor_depth_shared_shape,696,1.7878366535278472,0.06104768857227573
20231107,1,16,0.1,six_neighbor_surface,696,1.7972503410402285,0.061718262064206234
20231107,1,16,0.2,donor_template,617,3.0180777607778055,0.10136761461037173
20231107,1,16,0.2,nearest_visible_surface,617,1.7938386501644332,0.05934211668439916
20231107,1,16,0.2,six_neighbor_depth_shared_shape,617,1.5084755752970944,0.05315330832805943
20231107,1,16,0.2,six_neighbor_surface,617,1.5481124920508909,0.053821249256249835
20231107,1,16,0.4,donor_template,464,2.9345334083942554,0.09855548273827815
20231107,1,16,0.4,nearest_visible_surface,464,1.6441432820667026,0.0573430326243195
20231107,1,16,0.4,six_neighbor_depth_shared_shape,464,1.3321304149647943,0.04510548098327655
20231107,1,16,0.4,six_neighbor_surface,464,1.3199504088627392,0.04526634119522127
20231107,1,17,0.01,donor_template,764,3.1011267641521982,0.10536763596751217
20231107,1,17,0.01,nearest_visible_surface,764,2.403464406469941,0.0809398458411396
20231107,1,17,0.01,six_neighbor_depth_shared_shape,764,2.3184514404616294,0.07872997830278489
20231107,1,17,0.01,six_neighbor_surface,764,2.3324167654681816,0.07869377225669494
20231107,1,17,0.02,donor_template,756,3.098092527049065,0.1066855447421356
20231107,1,17,0.02,nearest_visible_surface,756,2.1972507081361634,0.07624106116420995
20231107,1,17,0.02,six_neighbor_depth_shared_shape,756,2.091168626820753,0.0723058606883911
20231107,1,17,0.02,six_neighbor_surface,756,2.1217420721709233,0.07290566423729931
20231107,1,17,0.05,donor_template,734,3.0464348891331925,0.10321801537722046
20231107,1,17,0.05,nearest_visible_surface,734,2.2351593978748374,0.07705551228210816
20231107,1,17,0.05,six_neighbor_depth_shared_shape,734,2.1408869229007985,0.07362132669408375
20231107,1,17,0.05,six_neighbor_surface,734,2.129211523670898,0.07392378132297137
20231107,1,17,0.1,donor_template,698,3.051144305685978,0.10273299328565172
20231107,1,17,0.1,nearest_visible_surface,698,1.9509782488552028,0.06555568776558687
20231107,1,17,0.1,six_neighbor_depth_shared_shape,698,1.6817799946034833,0.05711722008074879
20231107,1,17,0.1,six_neighbor_surface,698,1.7119228029943274,0.05712040650078214
20231107,1,17,0.2,donor_template,622,3.1430833839476007,0.1062034325195989
20231107,1,17,0.2,nearest_visible_surface,622,1.7846681057683615,0.061882983482109834
20231107,1,17,0.2,six_neighbor_depth_shared_shape,622,1.4985975360306676,0.0521650902981743
20231107,1,17,0.2,six_neighbor_surface,622,1.4920832504655486,0.05190278285553836
20231107,1,17,0.4,donor_template,464,2.9938166555603347,0.0994437028348914
20231107,1,17,0.4,nearest_visible_surface,464,1.5795523327914875,0.054562134702715794
20231107,1,17,0.4,six_neighbor_depth_shared_shape,464,1.2843604448090469,0.044044989922747614
20231107,1,17,0.4,six_neighbor_surface,464,1.2480439886759016,0.04375251708208309
20231107,1,18,0.01,donor_template,763,3.1141586763708675,0.10913136036694411
20231107,1,18,0.01,nearest_visible_surface,763,2.6167798176883394,0.0896558889981859
20231107,1,18,0.01,six_neighbor_depth_shared_shape,763,2.3024110696440663,0.07924996801729771
20231107,1,18,0.01,six_neighbor_surface,763,2.287447632993961,0.07964191359083321
20231107,1,18,0.02,donor_template,755,2.9719961006139037,0.0977994553573964
20231107,1,18,0.02,nearest_visible_surface,755,2.4333586980168462,0.08075306368959703
20231107,1,18,0.02,six_neighbor_depth_shared_shape,755,2.2432769691551493,0.07544707668848552
20231107,1,18,0.02,six_neighbor_surface,755,2.2657562069836743,0.07621507814975705
20231107,1,18,0.05,donor_template,733,3.1213264681393325,0.10523212969032912
20231107,1,18,0.05,nearest_visible_surface,733,2.2411583609254673,0.07632251156851622
20231107,1,18,0.05,six_neighbor_depth_shared_shape,733,1.9480820347902645,0.06797430409490784
20231107,1,18,0.05,six_neighbor_surface,733,1.9632533447463691,0.06817056697847279
20231107,1,18,0.1,donor_template,695,3.0971756335945626,0.10522335895253423
20231107,1,18,0.1,nearest_visible_surface,695,1.798702938346852,0.06031133931497489
20231107,1,18,0.1,six_neighbor_depth_shared_shape,695,1.6006171236022075,0.0544352809812088
20231107,1,18,0.1,six_neighbor_surface,695,1.591576478182338,0.05491407842987025
20231107,1,18,0.2,donor_template,619,3.039122302140602,0.10268679058482617
20231107,1,18,0.2,nearest_visible_surface,619,1.654241174063089,0.05980742140330724
20231107,1,18,0.2,six_neighbor_depth_shared_shape,619,1.4441708395677486,0.05102774903604409
20231107,1,18,0.2,six_neighbor_surface,619,1.4442131363203452,0.051358662129323274
20231107,1,18,0.4,donor_template,464,3.351422746539922,0.11252988085274715
20231107,1,18,0.4,nearest_visible_surface,464,1.6422777040790537,0.05962517556808347
20231107,1,18,0.4,six_neighbor_depth_shared_shape,464,1.313055116910721,0.0450264428716973
20231107,1,18,0.4,six_neighbor_surface,464,1.3304240874726116,0.04560261003365605
20231107,1,19,0.01,donor_template,763,3.3583924720774183,0.11112578472607232
20231107,1,19,0.01,nearest_visible_surface,763,3.076221125788412,0.10177829315622473
20231107,1,19,0.01,six_neighbor_depth_shared_shape,763,2.8848566315040207,0.09623252938897757
20231107,1,19,0.01,six_neighbor_surface,763,2.85425078340428,0.09569298764046308
20231107,1,19,0.02,donor_template,756,3.0074887337316683,0.09751949284602326
20231107,1,19,0.02,nearest_visible_surface,756,2.871980846343753,0.10037028379655402
20231107,1,19,0.02,six_neighbor_depth_shared_shape,756,2.2318106130343125,0.07660212424661653
20231107,1,19,0.02,six_neighbor_surface,756,2.2330139931219666,0.0773084347826027
20231107,1,19,0.05,donor_template,734,2.9649065822132696,0.10106163035711319
20231107,1,19,0.05,nearest_visible_surface,734,2.402113143270382,0.08141110286694761
20231107,1,19,0.05,six_neighbor_depth_shared_shape,734,2.0129532175179916,0.06907983786428343
20231107,1,19,0.05,six_neighbor_surface,734,2.053278041263444,0.0699668741439155
20231107,1,19,0.1,donor_template,697,2.9907413660796456,0.10098460190706332
20231107,1,19,0.1,nearest_visible_surface,697,1.9626518316459272,0.0672298684739376
20231107,1,19,0.1,six_neighbor_depth_shared_shape,697,1.7293319397524654,0.05827221294271435
20231107,1,19,0.1,six_neighbor_surface,697,1.7261494390612566,0.059783523537481294
20231107,1,19,0.2,donor_template,622,3.0088575562433415,0.10264238464812775
20231107,1,19,0.2,nearest_visible_surface,622,1.7306737417546132,0.06066657666267933
20231107,1,19,0.2,six_neighbor_depth_shared_shape,622,1.4058031281184198,0.050237448877690494
20231107,1,19,0.2,six_neighbor_surface,622,1.432840723862437,0.050726396916623825
20231107,1,19,0.4,donor_template,465,2.952253943131409,0.09776414212308865
20231107,1,19,0.4,nearest_visible_surface,465,1.6591617094411975,0.05449549587294935
20231107,1,19,0.4,six_neighbor_depth_shared_shape,465,1.2574154499739028,0.04174676473783126
20231107,1,19,0.4,six_neighbor_surface,465,1.269933333864793,0.04349922162719277
20231107,1,20,0.01,donor_template,762,4.839591270246481,0.16550855353606975
20231107,1,20,0.01,nearest_visible_surface,762,3.6970197485268055,0.13029985088888696
20231107,1,20,0.01,six_neighbor_depth_shared_shape,762,3.028934970387117,0.11016793130915876
20231107,1,20,0.01,six_neighbor_surface,762,3.0960855714629574,0.11150054257278702
20231107,1,20,0.02,donor_template,754,2.938848440919442,0.10080289886403704
20231107,1,20,0.02,nearest_visible_surface,754,3.127985216357251,0.10727997769318569
20231107,1,20,0.02,six_neighbor_depth_shared_shape,754,2.35710049757392,0.08043497949515624
20231107,1,20,0.02,six_neighbor_surface,754,2.367600931407287,0.0803259116542655
20231107,1,20,0.05,donor_template,733,2.9862666867615713,0.10099095522337326
20231107,1,20,0.05,nearest_visible_surface,733,1.9378783280494687,0.06573786912248476
20231107,1,20,0.05,six_neighbor_depth_shared_shape,733,1.7124303556737706,0.059328710762105094
20231107,1,20,0.05,six_neighbor_surface,733,1.6723449902797043,0.0590110904879667
20231107,1,20,0.1,donor_template,696,2.953802666281267,0.10105771442195646
20231107,1,20,0.1,nearest_visible_surface,696,2.011345344776295,0.06887204248376133
20231107,1,20,0.1,six_neighbor_depth_shared_shape,696,1.7225787193259654,0.05975659841648649
20231107,1,20,0.1,six_neighbor_surface,696,1.7290308143660869,0.05925174310105372
20231107,1,20,0.2,donor_template,619,2.980445631808451,0.10103398888560475
20231107,1,20,0.2,nearest_visible_surface,619,1.8212107773695096,0.06164900088451265
20231107,1,20,0.2,six_neighbor_depth_shared_shape,619,1.5040793050431576,0.05260721773404394
20231107,1,20,0.2,six_neighbor_surface,619,1.5223811259995816,0.052635405181950284
20231107,1,20,0.4,donor_template,462,3.0011058498400205,0.10323840135462596
20231107,1,20,0.4,nearest_visible_surface,462,1.7727957890364792,0.06105763434209044
20231107,1,20,0.4,six_neighbor_depth_shared_shape,462,1.3530832454392132,0.045537186571116675
20231107,1,20,0.4,six_neighbor_surface,462,1.3910280717223396,0.0457548619167159
20231107,1,21,0.01,donor_template,762,3.1725077033048903,0.10849222543134789
20231107,1,21,0.01,nearest_visible_surface,762,3.1341803391946965,0.10381103323688161
20231107,1,21,0.01,six_neighbor_depth_shared_shape,762,2.2611051780349634,0.0750777822300283
20231107,1,21,0.01,six_neighbor_surface,762,2.267197957572761,0.07620188135294864
20231107,1,21,0.02,donor_template,756,3.1558650039600185,0.10649738516507451
20231107,1,21,0.02,nearest_visible_surface,756,2.978530216618214,0.0998700279550673
20231107,1,21,0.02,six_neighbor_depth_shared_shape,756,2.560136106165733,0.0857448786339046
20231107,1,21,0.02,six_neighbor_surface,756,2.5538305063286426,0.08681997594369016
20231107,1,21,0.05,donor_template,733,2.948341035978251,0.10113625234965529
20231107,1,21,0.05,nearest_visible_surface,733,2.311508646561432,0.0785797709937384
20231107,1,21,0.05,six_neighbor_depth_shared_shape,733,1.8979336275805745,0.06507925281374985
20231107,1,21,0.05,six_neighbor_surface,733,1.9455067464340268,0.06618365502672562
20231107,1,21,0.1,donor_template,693,2.9964447835355883,0.10298704902083076
20231107,1,21,0.1,nearest_visible_surface,693,1.9191219360761318,0.06407677427049331
20231107,1,21,0.1,six_neighbor_depth_shared_shape,693,1.6655419901086173,0.05559981117571917
20231107,1,21,0.1,six_neighbor_surface,693,1.7056805030366955,0.056698121734552256
20231107,1,21,0.2,donor_template,614,2.872712002705372,0.09940036214272344
20231107,1,21,0.2,nearest_visible_surface,614,1.7038513217697127,0.05863855495957785
20231107,1,21,0.2,six_neighbor_depth_shared_shape,614,1.5306663564692458,0.053171550893464814
20231107,1,21,0.2,six_neighbor_surface,614,1.548456251739799,0.05316665987369479
20231107,1,21,0.4,donor_template,457,2.8323645487605793,0.09656290649392757
20231107,1,21,0.4,nearest_visible_surface,457,1.568506425696494,0.05555777810642416
20231107,1,21,0.4,six_neighbor_depth_shared_shape,457,1.2617927922942744,0.04363033414174426
20231107,1,21,0.4,six_neighbor_surface,457,1.2732952776810602,0.044255419350005216
20231107,1,22,0.01,donor_template,762,2.9326134498110834,0.09923540806553964
20231107,1,22,0.01,nearest_visible_surface,762,3.3392602852829665,0.11693793289662852
20231107,1,22,0.01,six_neighbor_depth_shared_shape,762,2.520128401422266,0.08159424160588337
20231107,1,22,0.01,six_neighbor_surface,762,2.4687698740652753,0.08222066761682674
20231107,1,22,0.02,donor_template,754,2.99291301833136,0.10000039700657747
20231107,1,22,0.02,nearest_visible_surface,754,2.6875519949287723,0.09121810691764214
20231107,1,22,0.02,six_neighbor_depth_shared_shape,754,2.1707471305360873,0.07348707507467407
20231107,1,22,0.02,six_neighbor_surface,754,2.154477970323019,0.0732259953535567
20231107,1,22,0.05,donor_template,731,2.9673250892508904,0.1000341071108864
20231107,1,22,0.05,nearest_visible_surface,731,2.388803444589514,0.07975450068230108
20231107,1,22,0.05,six_neighbor_depth_shared_shape,731,2.024072253743832,0.06968437390348133
20231107,1,22,0.05,six_neighbor_surface,731,2.002170040112197,0.06926745119017186
20231107,1,22,0.1,donor_template,694,2.9519207751244023,0.09946905361298053
20231107,1,22,0.1,nearest_visible_surface,694,2.007014070859888,0.06983735304935951
20231107,1,22,0.1,six_neighbor_depth_shared_shape,694,1.600859731562799,0.057439057703169184
20231107,1,22,0.1,six_neighbor_surface,694,1.6348621924236943,0.05788496877499323
20231107,1,22,0.2,donor_template,617,2.9180817328406237,0.09951700495969061
20231107,1,22,0.2,nearest_visible_surface,617,1.7777624620110632,0.060254947405821616
20231107,1,22,0.2,six_neighbor_depth_shared_shape,617,1.3780427271236608,0.04827789407877883
20231107,1,22,0.2,six_neighbor_surface,617,1.4281417584699327,0.0492348774768202
20231107,1,22,0.4,donor_template,467,3.0576267690554073,0.10322175736499165
20231107,1,22,0.4,nearest_visible_surface,467,1.638547914850993,0.05569142287723214
20231107,1,22,0.4,six_neighbor_depth_shared_shape,467,1.1416336905618898,0.03912811547413013
20231107,1,22,0.4,six_neighbor_surface,467,1.1764194411177642,0.040692809766613845
20231107,1,23,0.01,donor_template,762,2.961905261292342,0.09779200815000352
20231107,1,23,0.01,nearest_visible_surface,762,3.097035111842408,0.10557859881991716
20231107,1,23,0.01,six_neighbor_depth_shared_shape,762,3.000840604621117,0.10115198638070788
20231107,1,23,0.01,six_neighbor_surface,762,2.992233155435234,0.10084189054170187
20231107,1,23,0.02,donor_template,754,2.9617233032506523,0.10043221302086863
20231107,1,23,0.02,nearest_visible_surface,754,2.823503511025417,0.09770854003147149
20231107,1,23,0.02,six_neighbor_depth_shared_shape,754,2.3872956513429466,0.0812206421135213
20231107,1,23,0.02,six_neighbor_surface,754,2.3844342591413277,0.08210742210690762
20231107,1,23,0.05,donor_template,732,2.965528935392175,0.10019819576228424
20231107,1,23,0.05,nearest_visible_surface,732,2.1069164714542037,0.0740695624571017
20231107,1,23,0.05,six_neighbor_depth_shared_shape,732,1.8795428146812578,0.06454311404171786
20231107,1,23,0.05,six_neighbor_surface,732,1.8984891165760442,0.06845656447854813
20231107,1,23,0.1,donor_template,693,2.9789004272228152,0.10102739875988635
20231107,1,23,0.1,nearest_visible_surface,693,1.9554093419335434,0.07058889988005909
20231107,1,23,0.1,six_neighbor_depth_shared_shape,693,1.6113497221739952,0.05617499078819239
20231107,1,23,0.1,six_neighbor_surface,693,1.6458147193363137,0.058327664421507316
20231107,1,23,0.2,donor_template,613,2.9850033382342582,0.10146606444581155
20231107,1,23,0.2,nearest_visible_surface,613,1.7665650991318684,0.06171270584004756
20231107,1,23,0.2,six_neighbor_depth_shared_shape,613,1.4609580566204612,0.04970861122098427
20231107,1,23,0.2,six_neighbor_surface,613,1.4890110823508924,0.05128881721994827
20231107,1,23,0.4,donor_template,461,2.961434189791039,0.09949121411637334
20231107,1,23,0.4,nearest_visible_surface,461,1.732875179602768,0.05907745810476846
20231107,1,23,0.4,six_neighbor_depth_shared_shape,461,1.2655445040922337,0.04353439919631814
20231107,1,23,0.4,six_neighbor_surface,461,1.2581149678843895,0.04377038011178347
20231107,1,24,0.01,donor_template,762,3.1889438427245285,0.11150060497218198
20231107,1,24,0.01,nearest_visible_surface,762,3.8819202189826867,0.12820726550782827
20231107,1,24,0.01,six_neighbor_depth_shared_shape,762,2.686585428578243,0.09278467539308399
20231107,1,24,0.01,six_neighbor_surface,762,2.7351136531965508,0.09397018628386956
20231107,1,24,0.02,donor_template,754,2.9786380499467224,0.10134628304554882
20231107,1,24,0.02,nearest_visible_surface,754,2.9329717482321955,0.09899003135984334
20231107,1,24,0.02,six_neighbor_depth_shared_shape,754,2.153886797270331,0.07742063294466944
20231107,1,24,0.02,six_neighbor_surface,754,2.189946772762703,0.07781641458732994
20231107,1,24,0.05,donor_template,730,3.0147768520578078,0.10255110209869206
20231107,1,24,0.05,nearest_visible_surface,730,2.1826975494041436,0.07267828547956759
20231107,1,24,0.05,six_neighbor_depth_shared_shape,730,1.777347567764386,0.0635501949750939
20231107,1,24,0.05,six_neighbor_surface,730,1.852813064973319,0.06532564993162071
20231107,1,24,0.1,donor_template,691,2.956430760116498,0.10142591801063691
20231107,1,24,0.1,nearest_visible_surface,691,2.0084801945109025,0.06814377362974025
20231107,1,24,0.1,six_neighbor_depth_shared_shape,691,1.6569459860554006,0.05792032953871232
20231107,1,24,0.1,six_neighbor_surface,691,1.7362732399947864,0.05983649579559492
20231107,1,24,0.2,donor_template,617,2.978999938578103,0.09948344374852836
20231107,1,24,0.2,nearest_visible_surface,617,1.8748836779839555,0.06363836119960209
20231107,1,24,0.2,six_neighbor_depth_shared_shape,617,1.5000674574051573,0.05103684727173726
20231107,1,24,0.2,six_neighbor_surface,617,1.5327148674470736,0.053710193110788
20231107,1,24,0.4,donor_template,465,2.8932844587109043,0.0975052961314233
20231107,1,24,0.4,nearest_visible_surface,465,1.686106630092448,0.06094925257726209
20231107,1,24,0.4,six_neighbor_depth_shared_shape,465,1.3008905136502227,0.04526646074716533
20231107,1,24,0.4,six_neighbor_surface,465,1.2883359519752668,0.04517008793727304
20240530,0,0,0.01,donor_template,775,0.6501940043822431,0.04038835038889625
20240530,0,0,0.01,nearest_visible_surface,775,0.6461241235369911,0.03937263339944856
20240530,0,0,0.01,six_neighbor_depth_shared_shape,775,0.6480903464778581,0.03931959362373619
20240530,0,0,0.01,six_neighbor_surface,775,0.6607576635153478,0.039907206087728284
20240530,0,0,0.02,donor_template,767,0.6435605347789338,0.039651791753830434
20240530,0,0,0.02,nearest_visible_surface,767,0.7705542996659095,0.04788991786045677
20240530,0,0,0.02,six_neighbor_depth_shared_shape,767,0.7275114091231699,0.044427756864292595
20240530,0,0,0.02,six_neighbor_surface,767,0.781413950082647,0.0491140162364318
20240530,0,0,0.05,donor_template,743,0.6315007565578368,0.03884532497876098
20240530,0,0,0.05,nearest_visible_surface,743,0.6574314474030363,0.04081224361488229
20240530,0,0,0.05,six_neighbor_depth_shared_shape,743,0.612790099073631,0.038346306253342594
20240530,0,0,0.05,six_neighbor_surface,743,0.6511000829786487,0.04023315195256571
20240530,0,0,0.1,donor_template,703,0.6552656271073856,0.03986733225733352
20240530,0,0,0.1,nearest_visible_surface,703,0.5274831655539555,0.03356025714569934
20240530,0,0,0.1,six_neighbor_depth_shared_shape,703,0.5527925056916148,0.033808152227141786
20240530,0,0,0.1,six_neighbor_surface,703,0.5494047624222015,0.03484358540961479
20240530,0,0,0.2,donor_template,627,0.6538545310339886,0.040251524026491785
20240530,0,0,0.2,nearest_visible_surface,627,0.4460357250960358,0.02773128054423716
20240530,0,0,0.2,six_neighbor_depth_shared_shape,627,0.4421742946823471,0.027241034468412372
20240530,0,0,0.2,six_neighbor_surface,627,0.45762707216125015,0.02876810096868824
20240530,0,0,0.4,donor_template,471,0.6409547501554339,0.039279323846686226
20240530,0,0,0.4,nearest_visible_surface,471,0.3979299655107503,0.024651175228946626
20240530,0,0,0.4,six_neighbor_depth_shared_shape,471,0.40099755469599874,0.024229698493162952
20240530,0,0,0.4,six_neighbor_surface,471,0.3937053335732461,0.024458980581445976
20240530,0,1,0.01,donor_template,775,0.6687709123779975,0.04073658527902738
20240530,0,1,0.01,nearest_visible_surface,775,0.9533246658761224,0.05875952902531231
20240530,0,1,0.01,six_neighbor_depth_shared_shape,775,1.0292887014752292,0.06343572707638293
20240530,0,1,0.01,six_neighbor_surface,775,1.0930886730618012,0.06786375173518862
20240530,0,1,0.02,donor_template,767,0.6423395856639492,0.0396047190711912
20240530,0,1,0.02,nearest_visible_surface,767,0.7765756637696124,0.05004675329878391
20240530,0,1,0.02,six_neighbor_depth_shared_shape,767,0.775543986117224,0.04781294773727842
20240530,0,1,0.02,six_neighbor_surface,767,0.8123672070744203,0.049926194537025556
20240530,0,1,0.05,donor_template,743,0.6868142880798905,0.04254536360239266
20240530,0,1,0.05,nearest_visible_surface,743,0.5611424126062606,0.03526300677851895
20240530,0,1,0.05,six_neighbor_depth_shared_shape,743,0.5809461727147476,0.03732793783375183
20240530,0,1,0.05,six_neighbor_surface,743,0.5687621451406464,0.036545069049669004
20240530,0,1,0.1,donor_template,703,0.6636008727828582,0.04066957566648506
20240530,0,1,0.1,nearest_visible_surface,703,0.5143254557390646,0.03292518283117338
20240530,0,1,0.1,six_neighbor_depth_shared_shape,703,0.5791563164573313,0.03609684648408156
20240530,0,1,0.1,six_neighbor_surface,703,0.5602239543203706,0.03614006434382709
20240530,0,1,0.2,donor_template,624,0.6711897911591209,0.04106271162277263
20240530,0,1,0.2,nearest_visible_surface,624,0.4367801914630319,0.02723715023450727
20240530,0,1,0.2,six_neighbor_depth_shared_shape,624,0.43576498940591807,0.0268163595304706
20240530,0,1,0.2,six_neighbor_surface,624,0.43481379432732625,0.026868772730198286
20240530,0,1,0.4,donor_template,469,0.6744826888444297,0.04161584134444079
20240530,0,1,0.4,nearest_visible_surface,469,0.425373360076266,0.025716679762459282
20240530,0,1,0.4,six_neighbor_depth_shared_shape,469,0.38062131231452767,0.024175323163084534
20240530,0,1,0.4,six_neighbor_surface,469,0.3853419947031403,0.023471608207765074
20240530,0,2,0.01,donor_template,776,0.642241216416019,0.03907897402520866
20240530,0,2,0.01,nearest_visible_surface,776,0.788989687240204,0.05003669067210434
20240530,0,2,0.01,six_neighbor_depth_shared_shape,776,0.7825202596328444,0.0483273726077872
20240530,0,2,0.01,six_neighbor_surface,776,0.7845155359145761,0.049015276186545956
20240530,0,2,0.02,donor_template,768,0.639741502674636,0.03903198818119527
20240530,0,2,0.02,nearest_visible_surface,768,0.5669164616275194,0.036051989719578834
20240530,0,2,0.02,six_neighbor_depth_shared_shape,768,0.5988605494463155,0.03804545936696998
20240530,0,2,0.02,six_neighbor_surface,768,0.5952923223492455,0.037850625984258486
20240530,0,2,0.05,donor_template,745,0.6429587829170338,0.03917169491164227
20240530,0,2,0.05,nearest_visible_surface,745,0.5454575623206854,0.03429241806722143
20240530,0,2,0.05,six_neighbor_depth_shared_shape,745,0.49612831841174393,0.03088040118050837
20240530,0,2,0.05,six_neighbor_surface,745,0.49312345569735794,0.0306248484803037
20240530,0,2,0.1,donor_template,705,0.6705278847361108,0.040743966154025535
20240530,0,2,0.1,nearest_visible_surface,705,0.48790784482566335,0.030045679620852497
20240530,0,2,0.1,six_neighbor_depth_shared_shape,705,0.5057617417039625,0.03188819741567006
20240530,0,2,0.1,six_neighbor_surface,705,0.4897443389348277,0.03195000499994145
20240530,0,2,0.2,donor_template,627,0.6420287438957907,0.039596640901597764
20240530,0,2,0.2,nearest_visible_surface,627,0.4928837814189263,0.03069117259196117
20240530,0,2,0.2,six_neighbor_depth_shared_shape,627,0.46879138512436197,0.028862425866728342
20240530,0,2,0.2,six_neighbor_surface,627,0.45839392646211413,0.02837307600176683
20240530,0,2,0.4,donor_template,469,0.6396771923621809,0.03909421769177627
20240530,0,2,0.4,nearest_visible_surface,469,0.4194069272794043,0.02591266517938156
20240530,0,2,0.4,six_neighbor_depth_shared_shape,469,0.3913113662795428,0.023926453379862753
20240530,0,2,0.4,six_neighbor_surface,469,0.3876308265239964,0.02372299066950047
20240530,0,3,0.01,donor_template,775,0.6326028155791734,0.03918755531835565
20240530,0,3,0.01,nearest_visible_surface,775,0.527461103761421,0.03215023326248238
20240530,0,3,0.01,six_neighbor_depth_shared_shape,775,0.5821075047206966,0.03484793670744061
20240530,0,3,0.01,six_neighbor_surface,775,0.58000076365798,0.034849140287888686
20240530,0,3,0.02,donor_template,767,0.6490537088110084,0.03953062957332899
20240530,0,3,0.02,nearest_visible_surface,767,0.5646672713706311,0.034879346234247384
20240530,0,3,0.02,six_neighbor_depth_shared_shape,767,0.6394057303501463,0.03988457473574107
20240530,0,3,0.02,six_neighbor_surface,767,0.6384026578168385,0.039913244462643944
20240530,0,3,0.05,donor_template,743,0.7007399819556981,0.04312893286943981
20240530,0,3,0.05,nearest_visible_surface,743,0.6352625107928027,0.03932387123747811
20240530,0,3,0.05,six_neighbor_depth_shared_shape,743,0.8011058943143436,0.05180448462414886
20240530,0,3,0.05,six_neighbor_surface,743,0.8554631743475349,0.05377357284371748
20240530,0,3,0.1,donor_template,703,0.6579862868300334,0.041254781009430204
20240530,0,3,0.1,nearest_visible_surface,703,0.5734851892882458,0.034879346234247384
20240530,0,3,0.1,six_neighbor_depth_shared_shape,703,0.5682265254571066,0.03579656324992938
20240530,0,3,0.1,six_neighbor_surface,703,0.5892485748422911,0.03758900907571479
20240530,0,3,0.2,donor_template,625,0.6281641499145477,0.03824942006792642
20240530,0,3,0.2,nearest_visible_surface,625,0.49669533155082335,0.030622059674452543
20240530,0,3,0.2,six_neighbor_depth_shared_shape,625,0.4678505203694166,0.02838978910077913
20240530,0,3,0.2,six_neighbor_surface,625,0.4402883222766019,0.027498063900626934
20240530,0,3,0.4,donor_template,468,0.593903100044554,0.03613118891788618
20240530,0,3,0.4,nearest_visible_surface,468,0.4389737663807068,0.026710298585217937
20240530,0,3,0.4,six_neighbor_depth_shared_shape,468,0.376119797970078,0.023787716901301423
20240530,0,3,0.4,six_neighbor_surface,468,0.35905220920277053,0.02241350978707292
20240530,0,4,0.01,donor_template,775,0.6565301885331789,0.04040578606783099
20240530,0,4,0.01,nearest_visible_surface,775,0.7864393377892991,0.04906460723421719
20240530,0,4,0.01,six_neighbor_depth_shared_shape,775,0.8536597860291364,0.05345747594912184
20240530,0,4,0.01,six_neighbor_surface,775,0.8426346013211526,0.053328040645174726
20240530,0,4,0.02,donor_template,767,0.6348622690138863,0.0394695345631901
20240530,0,4,0.02,nearest_visible_surface,767,0.5637820462035227,0.03460057460335874
20240530,0,4,0.02,six_neighbor_depth_shared_shape,767,0.5426262444773552,0.03325079733673775
20240530,0,4,0.02,six_neighbor_surface,767,0.5313114785862656,0.03296939032954463
20240530,0,4,0.05,donor_template,743,0.6351932429198884,0.038563643655395906
20240530,0,4,0.05,nearest_visible_surface,743,0.6078061957115856,0.03820538063516368
20240530,0,4,0.05,six_neighbor_depth_shared_shape,743,0.5707982838772342,0.03582368157301743
20240530,0,4,0.05,six_neighbor_surface,743,0.6670202369734665,0.040308069947032066
20240530,0,4,0.1,donor_template,704,0.6387281183434148,0.0394627651421943
20240530,0,4,0.1,nearest_visible_surface,704,0.6051988394383276,0.03817501984161438
20240530,0,4,0.1,six_neighbor_depth_shared_shape,704,0.5449738699806053,0.033711496583559986
20240530,0,4,0.1,six_neighbor_surface,704,0.567519940520961,0.03567011350655602
20240530,0,4,0.2,donor_template,628,0.6105026389907856,0.0378441531512989
20240530,0,4,0.2,nearest_visible_surface,628,0.5086834497508401,0.03182012917690862
20240530,0,4,0.2,six_neighbor_depth_shared_shape,628,0.4324512556558803,0.027136422741119055
20240530,0,4,0.2,six_neighbor_surface,628,0.4404112429021359,0.026887845222728392
20240530,0,4,0.4,donor_template,470,0.6125865563148292,0.03771486805355698
20240530,0,4,0.4,nearest_visible_surface,470,0.4076992433733787,0.025314838833422615
20240530,0,4,0.4,six_neighbor_depth_shared_shape,470,0.3550376388854758,0.02216201050301819
20240530,0,4,0.4,six_neighbor_surface,470,0.3632687896747673,0.021735563443867283
20240530,0,5,0.01,donor_template,775,0.7093934765322434,0.04440649196743422
20240530,0,5,0.01,nearest_visible_surface,775,0.8134859050977742,0.05117340194043162
20240530,0,5,0.01,six_neighbor_depth_shared_shape,775,0.7849074258913435,0.04790127453251462
20240530,0,5,0.01,six_neighbor_surface,775,0.8035813578209862,0.049953246051738086
20240530,0,5,0.02,donor_template,767,0.6664930365244895,0.04170220295495018
20240530,0,5,0.02,nearest_visible_surface,767,0.7716885528543916,0.04812379062478526
20240530,0,5,0.02,six_neighbor_depth_shared_shape,767,0.7112288216210042,0.04343238263617506
20240530,0,5,0.02,six_neighbor_surface,767,0.7848588903751964,0.04761242253889239
20240530,0,5,0.05,donor_template,743,0.6631733412070039,0.04124785250428396
20240530,0,5,0.05,nearest_visible_surface,743,0.5704902138195501,0.03525405412614273
20240530,0,5,0.05,six_neighbor_depth_shared_shape,743,0.5553300293298278,0.03435685675612776
20240530,0,5,0.05,six_neighbor_surface,743,0.5686734157683715,0.03575143733348522
20240530,0,5,0.1,donor_template,703,0.6539980335902102,0.03989749583641945
20240530,0,5,0.1,nearest_visible_surface,703,0.5747911541704029,0.03544130424471452
20240530,0,5,0.1,six_neighbor_depth_shared_shape,703,0.47632679116109183,0.029315110054152986
20240530,0,5,0.1,six_neighbor_surface,703,0.493595389121819,0.030304241313380272
20240530,0,5,0.2,donor_template,624,0.6555549310799846,0.04011512272515132
20240530,0,5,0.2,nearest_visible_surface,624,0.45482646154145207,0.027935861578280128
20240530,0,5,0.2,six_neighbor_depth_shared_shape,624,0.4182241497361674,0.026164336361808246
20240530,0,5,0.2,six_neighbor_surface,624,0.42153535828720734,0.026739356681651893
20240530,0,5,0.4,donor_template,470,0.6965854493522501,0.04257792659945146
20240530,0,5,0.4,nearest_visible_surface,470,0.401048213653705,0.02469646637737068
20240530,0,5,0.4,six_neighbor_depth_shared_shape,470,0.3764590187003295,0.022903731733062913
20240530,0,5,0.4,six_neighbor_surface,470,0.35859065244152594,0.022562161815333437
20240530,0,6,0.01,donor_template,775,0.7675562290167002,0.04791356839361323
20240530,0,6,0.01,nearest_visible_surface,775,0.9254894649839095,0.05968159451276461
20240530,0,6,0.01,six_neighbor_depth_shared_shape,775,0.8261548129400068,0.05136657178928815
20240530,0,6,0.01,six_neighbor_surface,775,0.8310818830058756,0.051815034563059345
20240530,0,6,0.02,donor_template,767,0.6425815267346509,0.039216302679289154
20240530,0,6,0.02,nearest_visible_surface,767,0.7433093144187134,0.046615857371879635
20240530,0,6,0.02,six_neighbor_depth_shared_shape,767,0.6708702054794536,0.04092809463929734
20240530,0,6,0.02,six_neighbor_surface,767,0.6690569510225354,0.04115974716470422
20240530,0,6,0.05,donor_template,744,0.6244251694391554,0.038199069602720334
20240530,0,6,0.05,nearest_visible_surface,744,0.587617673528589,0.03661237098500009
20240530,0,6,0.05,six_neighbor_depth_shared_shape,744,0.49937607500822834,0.03090705045570599
20240530,0,6,0.05,six_neighbor_surface,744,0.5134252089166238,0.031747001686565204
20240530,0,6,0.1,donor_template,704,0.6265190522267317,0.03870276228159985
20240530,0,6,0.1,nearest_visible_surface,704,0.5625505067396983,0.03481666101307075
20240530,0,6,0.1,six_neighbor_depth_shared_shape,704,0.5092030419393132,0.031052149796833843
20240530,0,6,0.1,six_neighbor_surface,704,0.5106565434643985,0.031191343896224945
20240530,0,6,0.2,donor_template,625,0.6296402734923133,0.038654119236923266
20240530,0,6,0.2,nearest_visible_surface,625,0.4725176718469702,0.02993286452311079
20240530,0,6,0.2,six_neighbor_depth_shared_shape,625,0.4217636975443674,0.026188862185269373
20240530,0,6,0.2,six_neighbor_surface,625,0.4292860266765306,0.026924483778007702
20240530,0,6,0.4,donor_template,468,0.6098505575829648,0.0370071369679387
20240530,0,6,0.4,nearest_visible_surface,468,0.4340850815243144,0.027296280035803026
20240530,0,6,0.4,six_neighbor_depth_shared_shape,468,0.37393256675418657,0.023506769493403565
20240530,0,6,0.4,six_neighbor_surface,468,0.3894033619642311,0.023630218168006614
20240530,0,7,0.01,donor_template,775,0.6462501620022082,0.03964359623579469
20240530,0,7,0.01,nearest_visible_surface,775,0.7187107603279667,0.04417573812997418
20240530,0,7,0.01,six_neighbor_depth_shared_shape,775,0.6698340397500909,0.04180222615677743
20240530,0,7,0.01,six_neighbor_surface,775,0.6695724539147074,0.04203780714086394
20240530,0,7,0.02,donor_template,767,0.6530506710035414,0.04015743625181276
20240530,0,7,0.02,nearest_visible_surface,767,0.8801742920411205,0.05419216249772235
20240530,0,7,0.02,six_neighbor_depth_shared_shape,767,0.8118318492121827,0.049668705995469825
20240530,0,7,0.02,six_neighbor_surface,767,0.8309152984401637,0.051536649676250476
20240530,0,7,0.05,donor_template,744,0.6452688746471689,0.039841584908494876
20240530,0,7,0.05,nearest_visible_surface,744,0.74129537037604,0.047374347797842775
20240530,0,7,0.05,six_neighbor_depth_shared_shape,744,0.6388551658435376,0.04012768113984065
20240530,0,7,0.05,six_neighbor_surface,744,0.6893503246492736,0.042590018940609556
20240530,0,7,0.1,donor_template,704,0.6844841636395769,0.041378638693852485
20240530,0,7,0.1,nearest_visible_surface,704,0.631079314418467,0.03907362688063664
20240530,0,7,0.1,six_neighbor_depth_shared_shape,704,0.5350905316074163,0.03356689457948319
20240530,0,7,0.1,six_neighbor_surface,704,0.5677377702013218,0.03563916831017036
20240530,0,7,0.2,donor_template,625,0.6373266018833804,0.038960444104823605
20240530,0,7,0.2,nearest_visible_surface,625,0.44221941972816003,0.027727711235240354
20240530,0,7,0.2,six_neighbor_depth_shared_shape,625,0.4500950493235785,0.027621858352049996
20240530,0,7,0.2,six_neighbor_surface,625,0.47635913187720885,0.028659102951037994
20240530,0,7,0.4,donor_template,469,0.6461164511934657,0.03883015345530748
20240530,0,7,0.4,nearest_visible_surface,469,0.4758259597594475,0.029114821789388408
20240530,0,7,0.4,six_neighbor_depth_shared_shape,469,0.3916393269139261,0.023972593716211733
20240530,0,7,0.4,six_neighbor_surface,469,0.3971224163816747,0.024967832967346913
20240530,0,8,0.01,donor_template,775,0.7882865536391336,0.04855218009283183
20240530,0,8,0.01,nearest_visible_surface,775,1.1574353442940541,0.07323840333500499
20240530,0,8,0.01,six_neighbor_depth_shared_shape,775,0.9193336340577036,0.057121885073467715
20240530,0,8,0.01,six_neighbor_surface,775,1.096918668644476,0.06751315483433148
20240530,0,8,0.02,donor_template,767,0.6626294934738637,0.04085558380320359
20240530,0,8,0.02,nearest_visible_surface,767,0.6640963196516947,0.040523464968228076
20240530,0,8,0.02,six_neighbor_depth_shared_shape,767,0.6653623597261131,0.04032167804408382
20240530,0,8,0.02,six_neighbor_surface,767,0.6920740002111611,0.04287107827695885
20240530,0,8,0.05,donor_template,743,0.6770757075550509,0.04212902865086548
20240530,0,8,0.05,nearest_visible_surface,743,0.5653093612231336,0.03430180176217753
20240530,0,8,0.05,six_neighbor_depth_shared_shape,743,0.5287552867836782,0.03254866912445292
20240530,0,8,0.05,six_neighbor_surface,743,0.5413633881922506,0.03382668904113498
20240530,0,8,0.1,donor_template,703,0.6920400068824336,0.04310485303628626
20240530,0,8,0.1,nearest_visible_surface,703,0.5183602319546708,0.03194527341677208
20240530,0,8,0.1,six_neighbor_depth_shared_shape,703,0.4800112840514295,0.029963897057823922
20240530,0,8,0.1,six_neighbor_surface,703,0.4847834435908066,0.030379252988549175
20240530,0,8,0.2,donor_template,626,0.679709689115905,0.0419671635043506
20240530,0,8,0.2,nearest_visible_surface,626,0.47274304717801463,0.029413501840580482
20240530,0,8,0.2,six_neighbor_depth_shared_shape,626,0.46960630339448595,0.02912000173747746
20240530,0,8,0.2,six_neighbor_surface,626,0.45687158682725537,0.028309536615547005
20240530,0,8,0.4,donor_template,471,0.6295764970367143,0.03816390222958048
20240530,0,8,0.4,nearest_visible_surface,471,0.43942449598775307,0.028093883780534127
20240530,0,8,0.4,six_neighbor_depth_shared_shape,471,0.40127423881703883,0.023931964772365352
20240530,0,8,0.4,six_neighbor_surface,471,0.3946794804112433,0.02496037595941201
20240530,0,9,0.01,donor_template,775,1.6215208063450333,0.10073773678052692
20240530,0,9,0.01,nearest_visible_surface,775,1.4132368805541666,0.08935528708962794
20240530,0,9,0.01,six_neighbor_depth_shared_shape,775,1.2586289937386688,0.07929464968220823
20240530,0,9,0.01,six_neighbor_surface,775,1.339488656560973,0.08288053360984246
20240530,0,9,0.02,donor_template,767,0.8921912144285723,0.054157148026006845
20240530,0,9,0.02,nearest_visible_surface,767,0.9778669436339229,0.06271577986164659
20240530,0,9,0.02,six_neighbor_depth_shared_shape,767,0.9731570316686184,0.06099878615689306
20240530,0,9,0.02,six_neighbor_surface,767,1.0059582463146162,0.06251114271565236
20240530,0,9,0.05,donor_template,743,0.7316473494296659,0.044759367697881275
20240530,0,9,0.05,nearest_visible_surface,743,0.7174915727504984,0.04654603223495882
20240530,0,9,0.05,six_neighbor_depth_shared_shape,743,0.6663877181811735,0.0416530580055439
20240530,0,9,0.05,six_neighbor_surface,743,0.6799701593562739,0.043065445084729974
20240530,0,9,0.1,donor_template,703,0.6489677404243388,0.04046343896379118
20240530,0,9,0.1,nearest_visible_surface,703,0.5615785679820793,0.03541280207415038
20240530,0,9,0.1,six_neighbor_depth_shared_shape,703,0.48521684227773904,0.029838433018348744
20240530,0,9,0.1,six_neighbor_surface,703,0.5012490623164855,0.03130596711698291
20240530,0,9,0.2,donor_template,626,0.6431683191582813,0.039559913979056546
20240530,0,9,0.2,nearest_visible_surface,626,0.47061145530514636,0.02948313556396541
20240530,0,9,0.2,six_neighbor_depth_shared_shape,626,0.4522128895135855,0.027865093281133315
20240530,0,9,0.2,six_neighbor_surface,626,0.4691506467396033,0.029126535530007252
20240530,0,9,0.4,donor_template,469,0.6676028233743319,0.04116418001141922
20240530,0,9,0.4,nearest_visible_surface,469,0.43072947723975646,0.02654817854891198
20240530,0,9,0.4,six_neighbor_depth_shared_shape,469,0.37268274117319117,0.02328431556398254
20240530,0,9,0.4,six_neighbor_surface,469,0.3677091519461359,0.022593356348378873
20240530,0,10,0.01,donor_template,775,0.7942112283362358,0.04862613185971873
20240530,0,10,0.01,nearest_visible_surface,775,0.9725022608427497,0.06158981311666975
20240530,0,10,0.01,six_neighbor_depth_shared_shape,775,0.9975192367830908,0.06170416719701355
20240530,0,10,0.01,six_neighbor_surface,775,1.0096779519753518,0.06305298375199446
20240530,0,10,0.02,donor_template,767,0.905819670529031,0.05554627111391897
20240530,0,10,0.02,nearest_visible_surface,767,0.9161213601437028,0.05708453796193478
20240530,0,10,0.02,six_neighbor_depth_shared_shape,767,0.7945580713356986,0.049172926026172466
20240530,0,10,0.02,six_neighbor_surface,767,0.877303540897083,0.055892980357236825
20240530,0,10,0.05,donor_template,743,0.6856209975488555,0.04163208259546765
20240530,0,10,0.05,nearest_visible_surface,743,0.6644702520477561,0.04233291665450214
20240530,0,10,0.05,six_neighbor_depth_shared_shape,743,0.5712084518777854,0.036118769439505344
20240530,0,10,0.05,six_neighbor_surface,743,0.6504924014312122,0.04094008962163061
20240530,0,10,0.1,donor_template,704,0.6623257185240963,0.040228454524810234
20240530,0,10,0.1,nearest_visible_surface,704,0.558598493974533,0.0353100201532016
20240530,0,10,0.1,six_neighbor_depth_shared_shape,704,0.5196996665966939,0.03265322595837697
20240530,0,10,0.1,six_neighbor_surface,704,0.5298531252421496,0.03439528251519669
20240530,0,10,0.2,donor_template,626,0.6543752314206699,0.04013767523031618
20240530,0,10,0.2,nearest_visible_surface,626,0.4686554438833627,0.02965218085371392
20240530,0,10,0.2,six_neighbor_depth_shared_shape,626,0.4256988090612132,0.026971332150214754
20240530,0,10,0.2,six_neighbor_surface,626,0.43485889230977876,0.027134134039249053
20240530,0,10,0.4,donor_template,469,0.663186757698637,0.040293058539602127
20240530,0,10,0.4,nearest_visible_surface,469,0.4296752271278157,0.02654198214985091
20240530,0,10,0.4,six_neighbor_depth_shared_shape,469,0.3773140816458411,0.023851954775140023
20240530,0,10,0.4,six_neighbor_surface,469,0.3755518931710909,0.02299423390060368
20240530,0,11,0.01,donor_template,775,0.6418586684953933,0.0393760054012002
20240530,0,11,0.01,nearest_visible_surface,775,0.7180576081127886,0.04357097655587037
20240530,0,11,0.01,six_neighbor_depth_shared_shape,775,0.6692301668012225,0.04089872906332263
20240530,0,11,0.01,six_neighbor_surface,775,0.6670573649273012,0.04061197381587731
20240530,0,11,0.02,donor_template,767,0.6407668224951113,0.03911304270313739
20240530,0,11,0.02,nearest_visible_surface,767,0.6501318506307776,0.04092115800753036
20240530,0,11,0.02,six_neighbor_depth_shared_shape,767,0.6120336350030616,0.03799562415566992
20240530,0,11,0.02,six_neighbor_surface,767,0.6013922629784033,0.037577700552018985
20240530,0,11,0.05,donor_template,743,0.6504007283784051,0.03986142520671215
20240530,0,11,0.05,nearest_visible_surface,743,0.5556043421509814,0.03432614058154569
20240530,0,11,0.05,six_neighbor_depth_shared_shape,743,0.546481352610718,0.03374750886078494
20240530,0,11,0.05,six_neighbor_surface,743,0.5462540504885607,0.03353521532680796
20240530,0,11,0.1,donor_template,703,0.660577339509792,0.040415903328566996
20240530,0,11,0.1,nearest_visible_surface,703,0.48772725296344227,0.03054843110840122
20240530,0,11,0.1,six_neighbor_depth_shared_shape,703,0.4981157400812518,0.03089278979929195
20240530,0,11,0.1,six_neighbor_surface,703,0.5068201247019993,0.031076591060825002
20240530,0,11,0.2,donor_template,624,0.6644798993670867,0.040223378483886615
20240530,0,11,0.2,nearest_visible_surface,624,0.46777601831119575,0.028608373816074208
20240530,0,11,0.2,six_neighbor_depth_shared_shape,624,0.4259580135530655,0.026237081810809176
20240530,0,11,0.2,six_neighbor_surface,624,0.4335697299474546,0.027183926180047287
20240530,0,11,0.4,donor_template,467,0.606343651812684,0.038218180893239605
20240530,0,11,0.4,nearest_visible_surface,467,0.41316419859619924,0.025556749382371832
20240530,0,11,0.4,six_neighbor_depth_shared_shape,467,0.34812241775147584,0.021370069911915097
20240530,0,11,0.4,six_neighbor_surface,467,0.34402050849022336,0.021495435260620616
20240530,0,12,0.01,donor_template,775,0.6401907257133937,0.03962105289838608
20240530,0,12,0.01,nearest_visible_surface,775,0.866378355909134,0.05388292423051541
20240530,0,12,0.01,six_neighbor_depth_shared_shape,775,0.7238057444517302,0.04508995266634226
20240530,0,12,0.01,six_neighbor_surface,775,0.7160461936388504,0.04511801676003708
20240530,0,12,0.02,donor_template,767,0.6777970383965669,0.04126052920000136
20240530,0,12,0.02,nearest_visible_surface,767,0.9858687029149165,0.0617411897627598
20240530,0,12,0.02,six_neighbor_depth_shared_shape,767,0.7455382646091953,0.04661765986336885
20240530,0,12,0.02,six_neighbor_surface,767,0.749415343725704,0.046816484866088824
20240530,0,12,0.05,donor_template,744,0.6652282720421943,0.04036672123295772
20240530,0,12,0.05,nearest_visible_surface,744,0.659365931659031,0.04149164377919241
20240530,0,12,0.05,six_neighbor_depth_shared_shape,744,0.5653330840865582,0.03543557054765972
20240530,0,12,0.05,six_neighbor_surface,744,0.5933657621892121,0.03636635231341154
20240530,0,12,0.1,donor_template,704,0.6372572791000459,0.039025279627708756
20240530,0,12,0.1,nearest_visible_surface,704,0.5731554418298901,0.03546387688738348
20240530,0,12,0.1,six_neighbor_depth_shared_shape,704,0.490236759560884,0.030446083695090113
20240530,0,12,0.1,six_neighbor_surface,704,0.4947874474249446,0.03072238832127092
20240530,0,12,0.2,donor_template,625,0.6150281496133038,0.03801882648473332
20240530,0,12,0.2,nearest_visible_surface,625,0.46232045049883164,0.028595854048545706
20240530,0,12,0.2,six_neighbor_depth_shared_shape,625,0.44705223953125134,0.0278201224764031
20240530,0,12,0.2,six_neighbor_surface,625,0.42268985550512234,0.026633117177918404
20240530,0,12,0.4,donor_template,470,0.6204722594397873,0.03759472107660544
20240530,0,12,0.4,nearest_visible_surface,470,0.38558192524631274,0.02397699734807321
20240530,0,12,0.4,six_neighbor_depth_shared_shape,470,0.3852969538007359,0.02341525053977582
20240530,0,12,0.4,six_neighbor_surface,470,0.3777766412974931,0.023366008451866295
20240530,0,13,0.01,donor_template,775,0.6434738544739532,0.03963866717232894
20240530,0,13,0.01,nearest_visible_surface,775,0.7044068697256493,0.04402320277068829
20240530,0,13,0.01,six_neighbor_depth_shared_shape,775,0.7443579920980178,0.04499821350074714
20240530,0,13,0.01,six_neighbor_surface,775,0.7688130240999558,0.04628561853003217
20240530,0,13,0.02,donor_template,767,0.6502529689182256,0.03961818440073224
20240530,0,13,0.02,nearest_visible_surface,767,0.6838353196223506,0.04039176914684789
20240530,0,13,0.02,six_neighbor_depth_shared_shape,767,0.6040336291567079,0.03713331178121537
20240530,0,13,0.02,six_neighbor_surface,767,0.6386980389492896,0.03945307534581613
20240530,0,13,0.05,donor_template,743,0.6391687922885866,0.03902180842810241
20240530,0,13,0.05,nearest_visible_surface,743,0.6054199848144988,0.03701431491198401
20240530,0,13,0.05,six_neighbor_depth_shared_shape,743,0.5562101932873076,0.034323274569921514
20240530,0,13,0.05,six_neighbor_surface,743,0.5954007637512523,0.03636763543770953
20240530,0,13,0.1,donor_template,704,0.6807226722384896,0.04131060339282175
20240530,0,13,0.1,nearest_visible_surface,704,0.508467757238097,0.03180634173527492
20240530,0,13,0.1,six_neighbor_depth_shared_shape,704,0.5175033605768131,0.032238047016153626
20240530,0,13,0.1,six_neighbor_surface,704,0.5266667435233356,0.03185847712974127
20240530,0,13,0.2,donor_template,625,0.6520169640796466,0.039929349978435114
20240530,0,13,0.2,nearest_visible_surface,625,0.4939997571846976,0.030833895831614486
20240530,0,13,0.2,six_neighbor_depth_shared_shape,625,0.4655047139647514,0.028293589024129873
20240530,0,13,0.2,six_neighbor_surface,625,0.479027838145557,0.029359808866835087
20240530,0,13,0.4,donor_template,468,0.6826120308362835,0.04227453221466294
20240530,0,13,0.4,nearest_visible_surface,468,0.4305970644417302,0.026840632335364226
20240530,0,13,0.4,six_neighbor_depth_shared_shape,468,0.4106324510855731,0.02579443031723217
20240530,0,13,0.4,six_neighbor_surface,468,0.4008427778486351,0.025330934908644
20240530,0,14,0.01,donor_template,775,0.6303006445131921,0.0394009560064376
20240530,0,14,0.01,nearest_visible_surface,775,0.7876235543062385,0.04939549572502071
20240530,0,14,0.01,six_neighbor_depth_shared_shape,775,0.6481306118946072,0.03992730065646714
20240530,0,14,0.01,six_neighbor_surface,775,0.6484283978619605,0.04008487911455977
20240530,0,14,0.02,donor_template,767,0.6418979759459131,0.03903893322753331
20240530,0,14,0.02,nearest_visible_surface,767,0.694637997857489,0.04304806394875444
20240530,0,14,0.02,six_neighbor_depth_shared_shape,767,0.6865781245095163,0.04218517291594671
20240530,0,14,0.02,six_neighbor_surface,767,0.7465854000981765,0.04629398020420953
20240530,0,14,0.05,donor_template,743,0.6682945461634674,0.040323589109494046
20240530,0,14,0.05,nearest_visible_surface,743,0.596781372523265,0.03732038347935969
20240530,0,14,0.05,six_neighbor_depth_shared_shape,743,0.5754893073247722,0.035380718639818294
20240530,0,14,0.05,six_neighbor_surface,743,0.6100289311001104,0.03819185466797966
20240530,0,14,0.1,donor_template,703,0.6337135299385539,0.03903639309503745
20240530,0,14,0.1,nearest_visible_surface,703,0.5243261877011892,0.032830716748468436
20240530,0,14,0.1,six_neighbor_depth_shared_shape,703,0.5501621906323269,0.03418422990238048
20240530,0,14,0.1,six_neighbor_surface,703,0.5637424339089594,0.03583831826390794
20240530,0,14,0.2,donor_template,625,0.6076197704264787,0.03758787755388373
20240530,0,14,0.2,nearest_visible_surface,625,0.45641959058736997,0.02899529764535346
20240530,0,14,0.2,six_neighbor_depth_shared_shape,625,0.45123119722941946,0.028033920008325115
20240530,0,14,0.2,six_neighbor_surface,625,0.4612818698980608,0.02867222172930393
20240530,0,14,0.4,donor_template,469,0.6226889167308456,0.03790822081825641
20240530,0,14,0.4,nearest_visible_surface,469,0.40768513713951426,0.025186706994822537
20240530,0,14,0.4,six_neighbor_depth_shared_shape,469,0.38643508368038515,0.02365975559659448
20240530,0,14,0.4,six_neighbor_surface,469,0.3820357543995423,0.02409023012939007
20240530,0,15,0.01,donor_template,775,0.6466211048174296,0.03974293266105078
20240530,0,15,0.01,nearest_visible_surface,775,0.642910941842533,0.0397830801940381
20240530,0,15,0.01,six_neighbor_depth_shared_shape,775,0.5389999134150082,0.032926472143848695
20240530,0,15,0.01,six_neighbor_surface,775,0.5257491602596541,0.03257854333931125
20240530,0,15,0.02,donor_template,767,0.6579745958584676,0.03984541183669226
20240530,0,15,0.02,nearest_visible_surface,767,0.7701979775695232,0.04729526509379154
20240530,0,15,0.02,six_neighbor_depth_shared_shape,767,0.7693660373185521,0.04672709621030618
20240530,0,15,0.02,six_neighbor_surface,767,0.7990632048789228,0.04959288981264191
20240530,0,15,0.05,donor_template,744,0.653927929143886,0.04012368837641701
20240530,0,15,0.05,nearest_visible_surface,744,0.5484159860037702,0.03366874492301259
20240530,0,15,0.05,six_neighbor_depth_shared_shape,744,0.6124686280959438,0.037882731849145715
20240530,0,15,0.05,six_neighbor_surface,744,0.6327728250397975,0.03837786749073707
20240530,0,15,0.1,donor_template,705,0.6813381948897336,0.041515085304963555
20240530,0,15,0.1,nearest_visible_surface,705,0.5022766699353083,0.031176346467820557
20240530,0,15,0.1,six_neighbor_depth_shared_shape,705,0.5017238374727602,0.030986987549636903
20240530,0,15,0.1,six_neighbor_surface,705,0.5055000942720212,0.032129385419355706
20240530,0,15,0.2,donor_template,627,0.6553562490461793,0.039685616358839035
20240530,0,15,0.2,nearest_visible_surface,627,0.4466978541120879,0.027843672376052186
20240530,0,15,0.2,six_neighbor_depth_shared_shape,627,0.4128630072213787,0.025534719502449895
20240530,0,15,0.2,six_neighbor_surface,627,0.4282181206361929,0.026659822911730458
20240530,0,15,0.4,donor_template,471,0.6778711334781756,0.04066320626725868
20240530,0,15,0.4,nearest_visible_surface,471,0.40238501892474915,0.024977262743193687
20240530,0,15,0.4,six_neighbor_depth_shared_shape,471,0.3758065395767725,0.023306131538827653
20240530,0,15,0.4,six_neighbor_surface,471,0.380413816328754,0.02338707017887539
20240530,0,16,0.01,donor_template,776,0.8763305497963156,0.05450903194970422
20240530,0,16,0.01,nearest_visible_surface,776,0.7206796081263872,0.04538799830590994
20240530,0,16,0.01,six_neighbor_depth_shared_shape,776,0.9230384065352681,0.05850698959472039
20240530,0,16,0.01,six_neighbor_surface,776,0.999903165484988,0.06418708582448307
20240530,0,16,0.02,donor_template,768,0.6904209640016865,0.04164545278392066
20240530,0,16,0.02,nearest_visible_surface,768,0.7790612096210481,0.04849210548245429
20240530,0,16,0.02,six_neighbor_depth_shared_shape,768,0.6162202530422667,0.038879163922295984
20240530,0,16,0.02,six_neighbor_surface,768,0.6485025583574355,0.039881786497871434
20240530,0,16,0.05,donor_template,744,0.6552085648963983,0.040856215717527664
20240530,0,16,0.05,nearest_visible_surface,744,0.6126779840920777,0.03825657683015664
20240530,0,16,0.05,six_neighbor_depth_shared_shape,744,0.5214176205265834,0.0314583372157321
20240530,0,16,0.05,six_neighbor_surface,744,0.5354147800103815,0.033541174235957025
20240530,0,16,0.1,donor_template,704,0.6877855189128526,0.04186864539394578
20240530,0,16,0.1,nearest_visible_surface,704,0.5257552186315588,0.03239513882072258
20240530,0,16,0.1,six_neighbor_depth_shared_shape,704,0.4661518027101102,0.02891630817257865
20240530,0,16,0.1,six_neighbor_surface,704,0.4782137449145374,0.02992780252828736
20240530,0,16,0.2,donor_template,626,0.6518858133231613,0.040904349888979355
20240530,0,16,0.2,nearest_visible_surface,626,0.45396768711206026,0.028046322475781874
20240530,0,16,0.2,six_neighbor_depth_shared_shape,626,0.4601966231731961,0.028283754932471886
20240530,0,16,0.2,six_neighbor_surface,626,0.467560168052896,0.02872891669594339
20240530,0,16,0.4,donor_template,470,0.5737470531045261,0.035045856371327413
20240530,0,16,0.4,nearest_visible_surface,470,0.43292349673252495,0.026722162340723207
20240530,0,16,0.4,six_neighbor_depth_shared_shape,470,0.35776868136081746,0.02138961791013183
20240530,0,16,0.4,six_neighbor_surface,470,0.3453710717318198,0.021268457820982228
20240530,0,17,0.01,donor_template,775,0.674823847756496,0.042043549388490704
20240530,0,17,0.01,nearest_visible_surface,775,0.6593981833770339,0.040426663406444185
20240530,0,17,0.01,six_neighbor_depth_shared_shape,775,0.5645513156812162,0.03472835496939442
20240530,0,17,0.01,six_neighbor_surface,775,0.5467762796259241,0.03365896367133712
20240530,0,17,0.02,donor_template,767,0.7779491554375176,0.04866574072542094
20240530,0,17,0.02,nearest_visible_surface,767,0.6670088011010908,0.04135346489052495
20240530,0,17,0.02,six_neighbor_depth_shared_shape,767,0.6786765991669452,0.041875950085311885
20240530,0,17,0.02,six_neighbor_surface,767,0.6813683813993763,0.04226290311386119
20240530,0,17,0.05,donor_template,743,0.7006536557034231,0.04343429706584476
20240530,0,17,0.05,nearest_visible_surface,743,0.6016175764906148,0.03827483811904376
20240530,0,17,0.05,six_neighbor_depth_shared_shape,743,0.6810779636348715,0.04213809486803558
20240530,0,17,0.05,six_neighbor_surface,743,0.6862219946492303,0.043017807832566174
20240530,0,17,0.1,donor_template,704,0.670337380634205,0.04097712167555087
20240530,0,17,0.1,nearest_visible_surface,704,0.550489107003681,0.034114273701792985
20240530,0,17,0.1,six_neighbor_depth_shared_shape,704,0.5104137377382303,0.03203961204939554
20240530,0,17,0.1,six_neighbor_surface,704,0.5255266593009456,0.03291485945223756
20240530,0,17,0.2,donor_template,627,0.6810022573650644,0.04142215225229944
20240530,0,17,0.2,nearest_visible_surface,627,0.47451465783121705,0.029628412800367886
20240530,0,17,0.2,six_neighbor_depth_shared_shape,627,0.4656374737596628,0.029027707686865124
20240530,0,17,0.2,six_neighbor_surface,627,0.4595111922052409,0.028404647421660066
20240530,0,17,0.4,donor_template,470,0.7388471923465765,0.044699872380561875
20240530,0,17,0.4,nearest_visible_surface,470,0.458084219787804,0.028421037468342396
20240530,0,17,0.4,six_neighbor_depth_shared_shape,470,0.4281628391836856,0.026347388244562082
20240530,0,17,0.4,six_neighbor_surface,470,0.420144151095209,0.02590985970552245
20240530,0,18,0.01,donor_template,775,1.1094336970534564,0.06829161518440884
20240530,0,18,0.01,nearest_visible_surface,775,1.0908240615317548,0.06861141207674222
20240530,0,18,0.01,six_neighbor_depth_shared_shape,775,1.3434038383948383,0.0811621061134342
20240530,0,18,0.01,six_neighbor_surface,775,1.4318913761166119,0.08770873683861277
20240530,0,18,0.02,donor_template,767,0.8078884660215943,0.05011712548877645
20240530,0,18,0.02,nearest_visible_surface,767,0.9854750754926315,0.0625959544761659
20240530,0,18,0.02,six_neighbor_depth_shared_shape,767,1.0496066162899542,0.06520484288984757
20240530,0,18,0.02,six_neighbor_surface,767,1.1220710609377054,0.06938905581475115
20240530,0,18,0.05,donor_template,743,0.6570953443250513,0.04008262817858657
20240530,0,18,0.05,nearest_visible_surface,743,0.6287513973415929,0.03965135950508229
20240530,0,18,0.05,six_neighbor_depth_shared_shape,743,0.6048920094506639,0.03729683056077758
20240530,0,18,0.05,six_neighbor_surface,743,0.6535026170476363,0.04045441734482576
20240530,0,18,0.1,donor_template,703,0.6284992030235351,0.0392129236900409
20240530,0,18,0.1,nearest_visible_surface,703,0.5004553018549773,0.03064696042658179
20240530,0,18,0.1,six_neighbor_depth_shared_shape,703,0.47043468781733866,0.028780220365724543
20240530,0,18,0.1,six_neighbor_surface,703,0.502309167904226,0.03118398128429074
20240530,0,18,0.2,donor_template,625,0.6486850339152099,0.039725999619301504
20240530,0,18,0.2,nearest_visible_surface,625,0.43803841244458186,0.027518030363813364
20240530,0,18,0.2,six_neighbor_depth_shared_shape,625,0.4203433005840258,0.025649510863512134
20240530,0,18,0.2,six_neighbor_surface,625,0.42326815259180656,0.026915343648297792
20240530,0,18,0.4,donor_template,468,0.63022783526993,0.03826813618407797
20240530,0,18,0.4,nearest_visible_surface,468,0.39667131379038484,0.02404146718435242
20240530,0,18,0.4,six_neighbor_depth_shared_shape,468,0.3781078404760792,0.02313670701881215
20240530,0,18,0.4,six_neighbor_surface,468,0.3673659872746117,0.02308789645271201
20240530,0,19,0.01,donor_template,775,0.6441668971909019,0.03968935354255389
20240530,0,19,0.01,nearest_visible_surface,775,0.7270986333266732,0.04480145302970062
20240530,0,19,0.01,six_neighbor_depth_shared_shape,775,0.6087580381530292,0.03713827704469987
20240530,0,19,0.01,six_neighbor_surface,775,0.611594340937238,0.037744727577929134
20240530,0,19,0.02,donor_template,767,0.6278463664078363,0.03937932240339927
20240530,0,19,0.02,nearest_visible_surface,767,0.6345194702596273,0.04012770401932313
20240530,0,19,0.02,six_neighbor_depth_shared_shape,767,0.5741244700932303,0.03524875754897895
20240530,0,19,0.02,six_neighbor_surface,767,0.6136425074267455,0.037892141940665695
20240530,0,19,0.05,donor_template,743,0.6465256616771509,0.03990543720864933
20240530,0,19,0.05,nearest_visible_surface,743,0.5387094541779799,0.03384025716333952
20240530,0,19,0.05,six_neighbor_depth_shared_shape,743,0.6223000154397109,0.03908351557512729
20240530,0,19,0.05,six_neighbor_surface,743,0.6453625524096244,0.040179551689940966
20240530,0,19,0.1,donor_template,703,0.6512100373511794,0.04008546147792104
20240530,0,19,0.1,nearest_visible_surface,703,0.48359960632295806,0.030521117967628755
20240530,0,19,0.1,six_neighbor_depth_shared_shape,703,0.5111332262977036,0.030877592083347755
20240530,0,19,0.1,six_neighbor_surface,703,0.4929404319365268,0.030710580887680704
20240530,0,19,0.2,donor_template,626,0.6449202563787102,0.04001897698123682
20240530,0,19,0.2,nearest_visible_surface,626,0.4403142633417938,0.027664485714652062
20240530,0,19,0.2,six_neighbor_depth_shared_shape,626,0.43774621120762686,0.027420940747054735
20240530,0,19,0.2,six_neighbor_surface,626,0.4405413163299591,0.02733776988348758
20240530,0,19,0.4,donor_template,469,0.6198730492575018,0.03749869993538358
20240530,0,19,0.4,nearest_visible_surface,469,0.4296916518096106,0.026677490708965718
20240530,0,19,0.4,six_neighbor_depth_shared_shape,469,0.37309054077529996,0.023225796638039507
20240530,0,19,0.4,six_neighbor_surface,469,0.3642908894921063,0.022605287496693265
20240530,0,20,0.01,donor_template,775,0.6258000941155522,0.039258368078879634
20240530,0,20,0.01,nearest_visible_surface,775,0.688545150375275,0.04121290461669934
20240530,0,20,0.01,six_neighbor_depth_shared_shape,775,0.5307558310912953,0.032343226895131943
20240530,0,20,0.01,six_neighbor_surface,775,0.5740036166525591,0.0350500405660577
20240530,0,20,0.02,donor_template,767,0.6560618346488845,0.04002257700682459
20240530,0,20,0.02,nearest_visible_surface,767,0.6490555982909764,0.03951459079241285
20240530,0,20,0.02,six_neighbor_depth_shared_shape,767,0.644037352904783,0.03979589815159755
20240530,0,20,0.02,six_neighbor_surface,767,0.6753785603070003,0.042308359609800325
20240530,0,20,0.05,donor_template,743,0.6483484269307158,0.03974954374191335
20240530,0,20,0.05,nearest_visible_surface,743,0.61325897880459,0.037782314537386265
20240530,0,20,0.05,six_neighbor_depth_shared_shape,743,0.5195742890310047,0.031317224230053294
20240530,0,20,0.05,six_neighbor_surface,743,0.5455309791387439,0.03339201880793904
20240530,0,20,0.1,donor_template,704,0.6323121529774884,0.03902196015262625
20240530,0,20,0.1,nearest_visible_surface,704,0.5355144139968737,0.0331809897624218
20240530,0,20,0.1,six_neighbor_depth_shared_shape,704,0.4637859358506783,0.028854777473359326
20240530,0,20,0.1,six_neighbor_surface,704,0.5017626049471511,0.03005640320933206
20240530,0,20,0.2,donor_template,625,0.6420793574676725,0.039240387535736526
20240530,0,20,0.2,nearest_visible_surface,625,0.47237670691467964,0.029296335253667472
20240530,0,20,0.2,six_neighbor_depth_shared_shape,625,0.4289496187705974,0.025979342956614603
20240530,0,20,0.2,six_neighbor_surface,625,0.4461481562056609,0.02691806726369572
20240530,0,20,0.4,donor_template,470,0.6313341469812952,0.03825855001258778
20240530,0,20,0.4,nearest_visible_surface,470,0.4237557015235104,0.02619953123171545
20240530,0,20,0.4,six_neighbor_depth_shared_shape,470,0.38543663446047005,0.02399099463283351
20240530,0,20,0.4,six_neighbor_surface,470,0.38325289039489263,0.02323111176974977
20240530,0,21,0.01,donor_template,776,0.636527580769753,0.03931223840333689
20240530,0,21,0.01,nearest_visible_surface,776,0.7192424556813715,0.044118141647997725
20240530,0,21,0.01,six_neighbor_depth_shared_shape,776,0.5785432739649821,0.03596532988472044
20240530,0,21,0.01,six_neighbor_surface,776,0.5980252468053167,0.03719244539144619
20240530,0,21,0.02,donor_template,768,0.6384429817332753,0.03948609360012448
20240530,0,21,0.02,nearest_visible_surface,768,0.5887045847334664,0.035947711238461244
20240530,0,21,0.02,six_neighbor_depth_shared_shape,768,0.5072822470735984,0.0315570710965256
20240530,0,21,0.02,six_neighbor_surface,768,0.5291802256024771,0.03203497711162611
20240530,0,21,0.05,donor_template,745,0.639483774369203,0.038814369692747035
20240530,0,21,0.05,nearest_visible_surface,745,0.5482128655822397,0.03382978356396919
20240530,0,21,0.05,six_neighbor_depth_shared_shape,745,0.5745710650224424,0.035772821613203075
20240530,0,21,0.05,six_neighbor_surface,745,0.5819633834284239,0.03628402197525843
20240530,0,21,0.1,donor_template,705,0.6385622904902457,0.039304930970081434
20240530,0,21,0.1,nearest_visible_surface,705,0.5140283709041157,0.03198675945878101
20240530,0,21,0.1,six_neighbor_depth_shared_shape,705,0.5609776297867747,0.03371993920045213
20240530,0,21,0.1,six_neighbor_surface,705,0.5754367496283272,0.03583693851585071
20240530,0,21,0.2,donor_template,626,0.6366477099587575,0.03932625185662482
20240530,0,21,0.2,nearest_visible_surface,626,0.47765432232509464,0.029427919219413422
20240530,0,21,0.2,six_neighbor_depth_shared_shape,626,0.4554754813442796,0.027835842807199807
20240530,0,21,0.2,six_neighbor_surface,626,0.4496635756677844,0.027947288654946466
20240530,0,21,0.4,donor_template,471,0.6947624173231932,0.04240550011483664
20240530,0,21,0.4,nearest_visible_surface,471,0.4413420894039749,0.02735135365533351
20240530,0,21,0.4,six_neighbor_depth_shared_shape,471,0.40158680554483855,0.02439238985198551
20240530,0,21,0.4,six_neighbor_surface,471,0.39218806559233044,0.024111094206240417
20240530,0,22,0.01,donor_template,775,0.6423810826246686,0.03903402231053551
20240530,0,22,0.01,nearest_visible_surface,775,0.839776507917385,0.05204292735897134
20240530,0,22,0.01,six_neighbor_depth_shared_shape,775,0.7096612445396582,0.04430403678041672
20240530,0,22,0.01,six_neighbor_surface,775,0.7448228378869323,0.04580790325334
20240530,0,22,0.02,donor_template,767,0.6417876318753208,0.03970167509302048
20240530,0,22,0.02,nearest_visible_surface,767,0.8243355734095698,0.05040908564502418
20240530,0,22,0.02,six_neighbor_depth_shared_shape,767,0.6303661998762379,0.03988753641372175
20240530,0,22,0.02,six_neighbor_surface,767,0.6504461973581838,0.04041052844203903
20240530,0,22,0.05,donor_template,743,0.639545452529428,0.03860145870977433
20240530,0,22,0.05,nearest_visible_surface,743,0.7277407902319301,0.045590568424695756
20240530,0,22,0.05,six_neighbor_depth_shared_shape,743,0.5465809639691723,0.03356666183678924
20240530,0,22,0.05,six_neighbor_surface,743,0.5653027525711792,0.03395184885084484
20240530,0,22,0.1,donor_template,704,0.6301175143613237,0.03858204498125638
20240530,0,22,0.1,nearest_visible_surface,704,0.5433394623347332,0.03366306549919325
20240530,0,22,0.1,six_neighbor_depth_shared_shape,704,0.5061392288159623,0.03139269661455321
20240530,0,22,0.1,six_neighbor_surface,704,0.49818694158658894,0.03078218234937115
20240530,0,22,0.2,donor_template,626,0.6226793174690923,0.03919206524838125
20240530,0,22,0.2,nearest_visible_surface,626,0.4573474956746125,0.02877575052430887
20240530,0,22,0.2,six_neighbor_depth_shared_shape,626,0.4182505819696422,0.025235132209949364
20240530,0,22,0.2,six_neighbor_surface,626,0.41704743404076794,0.026213209040698748
20240530,0,22,0.4,donor_template,468,0.6549291351910607,0.03945278532212286
20240530,0,22,0.4,nearest_visible_surface,468,0.45442198513385096,0.029002183846994392
20240530,0,22,0.4,six_neighbor_depth_shared_shape,468,0.3772267573093828,0.023501833513868562
20240530,0,22,0.4,six_neighbor_surface,468,0.3940195218519401,0.024231303611169958
20240530,0,23,0.01,donor_template,775,0.6381644500563128,0.03915354515918834
20240530,0,23,0.01,nearest_visible_surface,775,0.706521842666233,0.04500083951589844
20240530,0,23,0.01,six_neighbor_depth_shared_shape,775,0.7146762710057,0.0441463939153775
20240530,0,23,0.01,six_neighbor_surface,775,0.7163077392623866,0.04474891309898623
20240530,0,23,0.02,donor_template,767,0.6465683154499986,0.03943047628131074
20240530,0,23,0.02,nearest_visible_surface,767,0.6480020569326953,0.04066038406543205
20240530,0,23,0.02,six_neighbor_depth_shared_shape,767,0.6897655813954903,0.04286955720496187
20240530,0,23,0.02,six_neighbor_surface,767,0.670612311738436,0.041957396305094694
20240530,0,23,0.05,donor_template,743,0.6358472555467842,0.03955994628302035
20240530,0,23,0.05,nearest_visible_surface,743,0.5706369944484325,0.03607377715463683
20240530,0,23,0.05,six_neighbor_depth_shared_shape,743,0.49727004989083196,0.030847062868164403
20240530,0,23,0.05,six_neighbor_surface,743,0.493532441621588,0.030506813238118526
20240530,0,23,0.1,donor_template,703,0.6566025278215423,0.03968759922616329
20240530,0,23,0.1,nearest_visible_surface,703,0.5189100390823282,0.03292518283117338
20240530,0,23,0.1,six_neighbor_depth_shared_shape,703,0.5098634689337296,0.03192541901885426
20240530,0,23,0.1,six_neighbor_surface,703,0.5229376905187575,0.03283273255451753
20240530,0,23,0.2,donor_template,624,0.6880363182611253,0.04182432243069018
20240530,0,23,0.2,nearest_visible_surface,624,0.4627223442255754,0.027931105260363055
20240530,0,23,0.2,six_neighbor_depth_shared_shape,624,0.47959378097607175,0.02977183880752454
20240530,0,23,0.2,six_neighbor_surface,624,0.4786184496889898,0.029816427358360365
20240530,0,23,0.4,donor_template,469,0.6858913475668099,0.04172583450213523
20240530,0,23,0.4,nearest_visible_surface,469,0.4528411277023801,0.027891124351247146
20240530,0,23,0.4,six_neighbor_depth_shared_shape,469,0.4028898337998914,0.024953509089870023
20240530,0,23,0.4,six_neighbor_surface,469,0.40261929578665356,0.025601249479530793
20240530,0,24,0.01,donor_template,775,1.2666901236087467,0.07785893897540551
20240530,0,24,0.01,nearest_visible_surface,775,1.2959102275798295,0.08667689491606154
20240530,0,24,0.01,six_neighbor_depth_shared_shape,775,1.4825595310835848,0.0925966626218056
20240530,0,24,0.01,six_neighbor_surface,775,1.4431644310450158,0.09016383715288886
20240530,0,24,0.02,donor_template,767,0.680824592347394,0.041610921933871385
20240530,0,24,0.02,nearest_visible_surface,767,0.6176393775729448,0.0391631737959418
20240530,0,24,0.02,six_neighbor_depth_shared_shape,767,0.7507114753622884,0.04796517690794694
20240530,0,24,0.02,six_neighbor_surface,767,0.7580161872241125,0.048414419732828666
20240530,0,24,0.05,donor_template,743,0.6693379280920467,0.04043486501997212
20240530,0,24,0.05,nearest_visible_surface,743,0.5469234165927609,0.033024131891939715
20240530,0,24,0.05,six_neighbor_depth_shared_shape,743,0.579721202917067,0.035756762429596356
20240530,0,24,0.05,six_neighbor_surface,743,0.5830193449828938,0.035569680221409904
20240530,0,24,0.1,donor_template,704,0.6808534590426236,0.042244166860514056
20240530,0,24,0.1,nearest_visible_surface,704,0.5106263197420433,0.03200699436464637
20240530,0,24,0.1,six_neighbor_depth_shared_shape,704,0.5049547311187212,0.03142343226694389
20240530,0,24,0.1,six_neighbor_surface,704,0.521924232154134,0.031683401422271745
20240530,0,24,0.2,donor_template,626,0.660332802751332,0.039915899858604914
20240530,0,24,0.2,nearest_visible_surface,626,0.5053199303402919,0.03163578664810132
20240530,0,24,0.2,six_neighbor_depth_shared_shape,626,0.42890329179247233,0.026390222357886996
20240530,0,24,0.2,six_neighbor_surface,626,0.45743696440068393,0.028111601854449407
20240530,0,24,0.4,donor_template,468,0.6689298218879471,0.040673163822149166
20240530,0,24,0.4,nearest_visible_surface,468,0.44264506678278814,0.02735100208528447
20240530,0,24,0.4,six_neighbor_depth_shared_shape,468,0.3805181961588318,0.024044933345088376
20240530,0,24,0.4,six_neighbor_surface,468,0.3768969452411871,0.02376555035465757
20240530,1,0,0.01,donor_template,783,0.8602303546198031,0.05126095856931131
20240530,1,0,0.01,nearest_visible_surface,783,0.9332489687715931,0.05718304172785587
20240530,1,0,0.01,six_neighbor_depth_shared_shape,783,0.8000635405658938,0.04867265639303798
20240530,1,0,0.01,six_neighbor_surface,783,0.8369367731932732,0.050124446102874684
20240530,1,0,0.02,donor_template,775,0.964185408090043,0.05743902660999621
20240530,1,0,0.02,nearest_visible_surface,775,0.8457990369558281,0.05157583155499785
20240530,1,0,0.02,six_neighbor_depth_shared_shape,775,0.8460892882102676,0.051489043659813785
20240530,1,0,0.02,six_neighbor_surface,775,0.8652356572239,0.05239172391915
20240530,1,0,0.05,donor_template,751,0.756447080284337,0.044859493066845176
20240530,1,0,0.05,nearest_visible_surface,751,0.6407389983512211,0.03865076083616932
20240530,1,0,0.05,six_neighbor_depth_shared_shape,751,0.6185096254530869,0.03683804462033253
20240530,1,0,0.05,six_neighbor_surface,751,0.6140285238055613,0.03741040315257504
20240530,1,0,0.1,donor_template,711,0.6844470867708082,0.040359532732940566
20240530,1,0,0.1,nearest_visible_surface,711,0.5466313584415908,0.03352602065593687
20240530,1,0,0.1,six_neighbor_depth_shared_shape,711,0.5140432247554677,0.031051007051622163
20240530,1,0,0.1,six_neighbor_surface,711,0.5182617706469516,0.03173686318765002
20240530,1,0,0.2,donor_template,631,0.6991617546557791,0.04093904075654942
20240530,1,0,0.2,nearest_visible_surface,631,0.5224462743332163,0.031833307219058
20240530,1,0,0.2,six_neighbor_depth_shared_shape,631,0.5129040823198764,0.03100437651970475
20240530,1,0,0.2,six_neighbor_surface,631,0.5229444363964744,0.031890748832957005
20240530,1,0,0.4,donor_template,473,0.7027025488682224,0.04098876466385238
20240530,1,0,0.4,nearest_visible_surface,473,0.47819732752537497,0.029166180669281998
20240530,1,0,0.4,six_neighbor_depth_shared_shape,473,0.4563986950804828,0.02728888769817197
20240530,1,0,0.4,six_neighbor_surface,473,0.45368082416453515,0.027090096163024064
20240530,1,1,0.01,donor_template,784,0.6845777831098427,0.04076962418970979
20240530,1,1,0.01,nearest_visible_surface,784,0.9304623085015032,0.05595970778870615
20240530,1,1,0.01,six_neighbor_depth_shared_shape,784,0.6440988501345684,0.03825842669000587
20240530,1,1,0.01,six_neighbor_surface,784,0.6586011238823839,0.039400978585514015
20240530,1,1,0.02,donor_template,776,0.7368350820740597,0.04396595360043837
20240530,1,1,0.02,nearest_visible_surface,776,0.8500118711942701,0.05103647139663978
20240530,1,1,0.02,six_neighbor_depth_shared_shape,776,0.7157327182396416,0.04326849863237259
20240530,1,1,0.02,six_neighbor_surface,776,0.6995600718902479,0.042778609019702526
20240530,1,1,0.05,donor_template,753,0.7982970044327438,0.047326657507869845
20240530,1,1,0.05,nearest_visible_surface,753,0.7163942161638521,0.0432231975535593
20240530,1,1,0.05,six_neighbor_depth_shared_shape,753,0.6084824143369034,0.03667599866645371
20240530,1,1,0.05,six_neighbor_surface,753,0.623656574844569,0.03752529194118461
20240530,1,1,0.1,donor_template,715,0.664841220263727,0.039535495099092606
20240530,1,1,0.1,nearest_visible_surface,715,0.5630334411165326,0.03337252204363073
20240530,1,1,0.1,six_neighbor_depth_shared_shape,715,0.5054704118075807,0.030884883702867946
20240530,1,1,0.1,six_neighbor_surface,715,0.5144629097355079,0.03128524936558803
20240530,1,1,0.2,donor_template,635,0.6510858199181431,0.0390225941019183
20240530,1,1,0.2,nearest_visible_surface,635,0.5087795483334842,0.03171886519445913
20240530,1,1,0.2,six_neighbor_depth_shared_shape,635,0.4650857093682776,0.027794506269666716
20240530,1,1,0.2,six_neighbor_surface,635,0.45422137092020193,0.02726324088373274
20240530,1,1,0.4,donor_template,478,0.6668303985371702,0.03950406430019421
20240530,1,1,0.4,nearest_visible_surface,478,0.4591400760942732,0.028139741009913486
20240530,1,1,0.4,six_neighbor_depth_shared_shape,478,0.4351749144988232,0.02655173871607945
20240530,1,1,0.4,six_neighbor_surface,478,0.4317421755748455,0.02611686751663854
20240530,1,2,0.01,donor_template,783,0.6731207538791854,0.038955913729240114
20240530,1,2,0.01,nearest_visible_surface,783,0.7922428647666021,0.04769060219755157
20240530,1,2,0.01,six_neighbor_depth_shared_shape,783,0.6604451976632213,0.03873107785074742
20240530,1,2,0.01,six_neighbor_surface,783,0.6699207888836316,0.04004540365457302
20240530,1,2,0.02,donor_template,775,0.6743912784997617,0.03962713787840552
20240530,1,2,0.02,nearest_visible_surface,775,0.7729708916349207,0.046050744860763694
20240530,1,2,0.02,six_neighbor_depth_shared_shape,775,0.6388532112025329,0.03819882543673514
20240530,1,2,0.02,six_neighbor_surface,775,0.6641079124747487,0.0394640338018858
20240530,1,2,0.05,donor_template,752,0.6621544490625211,0.03960760949199181
20240530,1,2,0.05,nearest_visible_surface,752,0.6013794971942512,0.03671109596969281
20240530,1,2,0.05,six_neighbor_depth_shared_shape,752,0.5476437576494864,0.03229289462968164
20240530,1,2,0.05,six_neighbor_surface,752,0.5417137012904631,0.03229209433468261
20240530,1,2,0.1,donor_template,712,0.6551418110354901,0.03974484276774619
20240530,1,2,0.1,nearest_visible_surface,712,0.5653011025683842,0.03427574219147293
20240530,1,2,0.1,six_neighbor_depth_shared_shape,712,0.5323430274538133,0.03222218142826735
20240530,1,2,0.1,six_neighbor_surface,712,0.5507613159591647,0.03325183274420545
20240530,1,2,0.2,donor_template,632,0.6617825896261365,0.03888300565612773
20240530,1,2,0.2,nearest_visible_surface,632,0.49923634643062864,0.031118855324438047
20240530,1,2,0.2,six_neighbor_depth_shared_shape,632,0.4832006560207403,0.029653446018553575
20240530,1,2,0.2,six_neighbor_surface,632,0.48902193717020187,0.029763505304636687
20240530,1,2,0.4,donor_template,474,0.6366605856377179,0.03825780043880436
20240530,1,2,0.4,nearest_visible_surface,474,0.46959310739892496,0.029233576224580678
20240530,1,2,0.4,six_neighbor_depth_shared_shape,474,0.443352618682209,0.02689217179539742
20240530,1,2,0.4,six_neighbor_surface,474,0.44198072636798336,0.02625666280536811
20240530,1,3,0.01,donor_template,783,0.7905073059308393,0.046447560889208435
20240530,1,3,0.01,nearest_visible_surface,783,1.0058738602175201,0.0627138253973371
20240530,1,3,0.01,six_neighbor_depth_shared_shape,783,0.8673086440968107,0.052981450158453375
20240530,1,3,0.01,six_neighbor_surface,783,0.8713286814680272,0.05428018083756061
20240530,1,3,0.02,donor_template,775,0.7813873741085207,0.04588871574686622
20240530,1,3,0.02,nearest_visible_surface,775,0.6732501811583002,0.0417309120578854
20240530,1,3,0.02,six_neighbor_depth_shared_shape,775,0.776302074557688,0.04847781511409228
20240530,1,3,0.02,six_neighbor_surface,775,0.7918385386149907,0.0488777378389093
20240530,1,3,0.05,donor_template,751,0.828697741193801,0.04964605748538337
20240530,1,3,0.05,nearest_visible_surface,751,0.5919090780382703,0.03584506322243084
20240530,1,3,0.05,six_neighbor_depth_shared_shape,751,0.6802872673546672,0.04097504140474949
20240530,1,3,0.05,six_neighbor_surface,751,0.6752238584633798,0.040881352896890474
20240530,1,3,0.1,donor_template,711,0.7672822447012043,0.04597845519457529
20240530,1,3,0.1,nearest_visible_surface,711,0.5203156274694758,0.03187533240043428
20240530,1,3,0.1,six_neighbor_depth_shared_shape,711,0.529128954778576,0.03228199996123314
20240530,1,3,0.1,six_neighbor_surface,711,0.5219826802644473,0.031712912666720765
20240530,1,3,0.2,donor_template,631,0.678278574855987,0.0401734944181812
20240530,1,3,0.2,nearest_visible_surface,631,0.49344400691960805,0.030423926047708924
20240530,1,3,0.2,six_neighbor_depth_shared_shape,631,0.49682668768456795,0.03041100978633071
20240530,1,3,0.2,six_neighbor_surface,631,0.4734276755243453,0.029311837855653552
20240530,1,3,0.4,donor_template,472,0.6761375035923087,0.040544706589027174
20240530,1,3,0.4,nearest_visible_surface,472,0.4444594217995569,0.02726879864187108
20240530,1,3,0.4,six_neighbor_depth_shared_shape,472,0.4341195798966201,0.02602182361191795
20240530,1,3,0.4,six_neighbor_surface,472,0.4184986365363963,0.025476337308312377
20240530,1,4,0.01,donor_template,783,0.6770971721956639,0.03967534095741994
20240530,1,4,0.01,nearest_visible_surface,783,0.9180267223881889,0.05617806440457674
20240530,1,4,0.01,six_neighbor_depth_shared_shape,783,0.8103434627277583,0.04864858659010803
20240530,1,4,0.01,six_neighbor_surface,783,0.8618866016679817,0.050629636034858955
20240530,1,4,0.02,donor_template,775,0.7387585436273462,0.043599957582737145
20240530,1,4,0.02,nearest_visible_surface,775,0.7514745286411993,0.04494442537881289
20240530,1,4,0.02,six_neighbor_depth_shared_shape,775,0.7479241244872205,0.045482445879002416
20240530,1,4,0.02,six_neighbor_surface,775,0.7705195126888398,0.0465643050192245
20240530,1,4,0.05,donor_template,751,0.6544952469000579,0.03920189947720478
20240530,1,4,0.05,nearest_visible_surface,751,0.5790080440292866,0.034829936121104826
20240530,1,4,0.05,six_neighbor_depth_shared_shape,751,0.515378246608251,0.031430132928327824
20240530,1,4,0.05,six_neighbor_surface,751,0.5174779732548315,0.031188281073752374
20240530,1,4,0.1,donor_template,711,0.6807947614108669,0.040539548331303146
20240530,1,4,0.1,nearest_visible_surface,711,0.6014190359471482,0.03672021599379287
20240530,1,4,0.1,six_neighbor_depth_shared_shape,711,0.5537424751029365,0.033343892192643304
20240530,1,4,0.1,six_neighbor_surface,711,0.584726614050579,0.035648150957728
20240530,1,4,0.2,donor_template,632,0.7769093815065377,0.04560823118875186
20240530,1,4,0.2,nearest_visible_surface,632,0.4998257396152852,0.031151121161025204
20240530,1,4,0.2,six_neighbor_depth_shared_shape,632,0.49894005473337966,0.030336581103509903
20240530,1,4,0.2,six_neighbor_surface,632,0.5079515497416441,0.032148997063454525
20240530,1,4,0.4,donor_template,474,0.7006285886918864,0.04086488415032115
20240530,1,4,0.4,nearest_visible_surface,474,0.450089042781014,0.027609073039537406
20240530,1,4,0.4,six_neighbor_depth_shared_shape,474,0.4188790079530107,0.02574904447822319
20240530,1,4,0.4,six_neighbor_surface,474,0.40904047757680373,0.02531722017827557
20240530,1,5,0.01,donor_template,784,1.0340033883679054,0.060970087173567444
20240530,1,5,0.01,nearest_visible_surface,784,1.0056371987699255,0.06139421607338697
20240530,1,5,0.01,six_neighbor_depth_shared_shape,784,1.218788399832464,0.074285732626335
20240530,1,5,0.01,six_neighbor_surface,784,1.2328002568641194,0.07652593102854352
20240530,1,5,0.02,donor_template,776,0.8172147238901475,0.04857753474563406
20240530,1,5,0.02,nearest_visible_surface,776,0.8690601960686161,0.05409712203102257
20240530,1,5,0.02,six_neighbor_depth_shared_shape,776,0.9568010573216923,0.058966475416177694
20240530,1,5,0.02,six_neighbor_surface,776,0.9805216532367327,0.06034269391702982
20240530,1,5,0.05,donor_template,752,0.7824613212253024,0.04613289980717265
20240530,1,5,0.05,nearest_visible_surface,752,0.7475818565114755,0.04648981618388535
20240530,1,5,0.05,six_neighbor_depth_shared_shape,752,0.7321681909979267,0.04509054627212837
20240530,1,5,0.05,six_neighbor_surface,752,0.8167853262714284,0.049266292592956826
20240530,1,5,0.1,donor_template,712,0.7599830055769226,0.0448538887737887
20240530,1,5,0.1,nearest_visible_surface,712,0.6624776011344949,0.040422017888015326
20240530,1,5,0.1,six_neighbor_depth_shared_shape,712,0.6286518304932887,0.03852295337849233
20240530,1,5,0.1,six_neighbor_surface,712,0.6689644057581948,0.04011363297980543
20240530,1,5,0.2,donor_template,633,0.7284518634675985,0.04404277534632378
20240530,1,5,0.2,nearest_visible_surface,633,0.5046535615380422,0.030393675762451982
20240530,1,5,0.2,six_neighbor_depth_shared_shape,633,0.48495794487680777,0.029537143865228946
20240530,1,5,0.2,six_neighbor_surface,633,0.4996724471488247,0.029570284149312835
20240530,1,5,0.4,donor_template,474,0.7096701488238066,0.042124356253644496
20240530,1,5,0.4,nearest_visible_surface,474,0.48689591475279,0.03026000211839293
20240530,1,5,0.4,six_neighbor_depth_shared_shape,474,0.42756872979513966,0.025700967431078983
20240530,1,5,0.4,six_neighbor_surface,474,0.40843896863053286,0.02513959040693372
20240530,1,6,0.01,donor_template,783,0.7964116144629813,0.046770413115710716
20240530,1,6,0.01,nearest_visible_surface,783,1.0068778887151226,0.06082720913111957
20240530,1,6,0.01,six_neighbor_depth_shared_shape,783,0.9858167569883215,0.05928227826552486
20240530,1,6,0.01,six_neighbor_surface,783,1.0853116734781205,0.0651469423624901
20240530,1,6,0.02,donor_template,775,0.6673739466791512,0.03944415528234345
20240530,1,6,0.02,nearest_visible_surface,775,0.8384351971866063,0.051173412482823935
20240530,1,6,0.02,six_neighbor_depth_shared_shape,775,0.7817419233215582,0.047414848269177155
20240530,1,6,0.02,six_neighbor_surface,775,0.854176742273879,0.05249370105774889
20240530,1,6,0.05,donor_template,751,0.7700236487756064,0.04532965873618751
20240530,1,6,0.05,nearest_visible_surface,751,0.7015697378177713,0.042677544743527376
20240530,1,6,0.05,six_neighbor_depth_shared_shape,751,0.6861705211747068,0.042496296788654325
20240530,1,6,0.05,six_neighbor_surface,751,0.7197738412027481,0.04501099856722051
20240530,1,6,0.1,donor_template,712,0.6951234465407652,0.041159778329130786
20240530,1,6,0.1,nearest_visible_surface,712,0.5824659671441004,0.03579232818995305
20240530,1,6,0.1,six_neighbor_depth_shared_shape,712,0.562135630118281,0.035676464719688716
20240530,1,6,0.1,six_neighbor_surface,712,0.6027677489532115,0.03652095827524397
20240530,1,6,0.2,donor_template,633,0.6965972642367533,0.040690354241969866
20240530,1,6,0.2,nearest_visible_surface,633,0.5188556511019378,0.03181705307590631
20240530,1,6,0.2,six_neighbor_depth_shared_shape,633,0.4981274929609675,0.030206409083265207
20240530,1,6,0.2,six_neighbor_surface,633,0.48662613911227726,0.030955362372933573
20240530,1,6,0.4,donor_template,475,0.7132844223537597,0.04221833095957107
20240530,1,6,0.4,nearest_visible_surface,475,0.48247228155584343,0.02952628404217619
20240530,1,6,0.4,six_neighbor_depth_shared_shape,475,0.47564544487321675,0.027323183430643126
20240530,1,6,0.4,six_neighbor_surface,475,0.4535573366936828,0.027195290412672574
20240530,1,7,0.01,donor_template,783,0.6889089132958197,0.04148637124982608
20240530,1,7,0.01,nearest_visible_surface,783,0.8782658841138707,0.05297813756812728
20240530,1,7,0.01,six_neighbor_depth_shared_shape,783,0.792111338547714,0.046920222208494636
20240530,1,7,0.01,six_neighbor_surface,783,0.8341362312608676,0.04936912162070708
20240530,1,7,0.02,donor_template,775,0.7230221895420055,0.041930663958554076
20240530,1,7,0.02,nearest_visible_surface,775,0.8781507590756642,0.05297813756812728
20240530,1,7,0.02,six_neighbor_depth_shared_shape,775,0.8045954622643879,0.04792191724926198
20240530,1,7,0.02,six_neighbor_surface,775,0.8614524591383305,0.051389800883967114
20240530,1,7,0.05,donor_template,751,0.6811884057335145,0.04028617428628617
20240530,1,7,0.05,nearest_visible_surface,751,0.5935360850075588,0.03576805284346156
20240530,1,7,0.05,six_neighbor_depth_shared_shape,751,0.6029337119279755,0.03674377136096545
20240530,1,7,0.05,six_neighbor_surface,751,0.6675518078642653,0.03970226160443895
20240530,1,7,0.1,donor_template,712,0.6973386680262847,0.04105394053047591
20240530,1,7,0.1,nearest_visible_surface,712,0.5210124247334721,0.03216242376104813
20240530,1,7,0.1,six_neighbor_depth_shared_shape,712,0.5487628444400311,0.03349254264486426
20240530,1,7,0.1,six_neighbor_surface,712,0.5785698478942545,0.03475084406193482
20240530,1,7,0.2,donor_template,634,0.7326159850174963,0.043131915331534695
20240530,1,7,0.2,nearest_visible_surface,634,0.4989566662377749,0.030317051123513412
20240530,1,7,0.2,six_neighbor_depth_shared_shape,634,0.5327133226712291,0.032217408001233905
20240530,1,7,0.2,six_neighbor_surface,634,0.5246914143069026,0.03251285270597475
20240530,1,7,0.4,donor_template,476,0.6567983549061356,0.03859636517414194
20240530,1,7,0.4,nearest_visible_surface,476,0.4430532792053795,0.027235531492992907
20240530,1,7,0.4,six_neighbor_depth_shared_shape,476,0.39253505405383793,0.02306462382940725
20240530,1,7,0.4,six_neighbor_surface,476,0.3929785277264431,0.023570543175877784
20240530,1,8,0.01,donor_template,783,0.6634173729762775,0.03918787330003488
20240530,1,8,0.01,nearest_visible_surface,783,0.9784267135320313,0.05924413320798813
20240530,1,8,0.01,six_neighbor_depth_shared_shape,783,0.7528386587197515,0.0459096198957518
20240530,1,8,0.01,six_neighbor_surface,783,0.8543821550067883,0.0511071201545127
20240530,1,8,0.02,donor_template,775,0.6781739186270505,0.04018004019536377
20240530,1,8,0.02,nearest_visible_surface,775,0.8387199005633303,0.051813486534823316
20240530,1,8,0.02,six_neighbor_depth_shared_shape,775,0.7598894582836649,0.04628656782024516
20240530,1,8,0.02,six_neighbor_surface,775,0.803923118560058,0.049551593562467064
20240530,1,8,0.05,donor_template,752,0.6530849571836954,0.03959776619373799
20240530,1,8,0.05,nearest_visible_surface,752,0.5989442180992066,0.036083010883226824
20240530,1,8,0.05,six_neighbor_depth_shared_shape,752,0.5259335831028408,0.030981285070402417
20240530,1,8,0.05,six_neighbor_surface,752,0.5424929889751029,0.032113948430871425
20240530,1,8,0.1,donor_template,712,0.6885929756191055,0.040444633830999305
20240530,1,8,0.1,nearest_visible_surface,712,0.603732622960645,0.03670675805239433
20240530,1,8,0.1,six_neighbor_depth_shared_shape,712,0.5930070140913064,0.03552903179763905
20240530,1,8,0.1,six_neighbor_surface,712,0.6232053229243862,0.03773160734363022
20240530,1,8,0.2,donor_template,633,0.7245385043761586,0.042581337378430464
20240530,1,8,0.2,nearest_visible_surface,633,0.5599230083017952,0.03375924053880174
20240530,1,8,0.2,six_neighbor_depth_shared_shape,633,0.5243692317657026,0.031212319182698813
20240530,1,8,0.2,six_neighbor_surface,633,0.5331553353491619,0.03227072503481327
20240530,1,8,0.4,donor_template,475,0.7080816247937138,0.04187912247003252
20240530,1,8,0.4,nearest_visible_surface,475,0.46819013425953115,0.029842984179869452
20240530,1,8,0.4,six_neighbor_depth_shared_shape,475,0.39205508342412565,0.02370343979052591
20240530,1,8,0.4,six_neighbor_surface,475,0.39062194257708205,0.023649466023730234
20240530,1,9,0.01,donor_template,783,0.6589357253837159,0.03940524173506908
20240530,1,9,0.01,nearest_visible_surface,783,0.8026090702393625,0.04873708824634639
20240530,1,9,0.01,six_neighbor_depth_shared_shape,783,0.8103980280711661,0.04793624859774146
20240530,1,9,0.01,six_neighbor_surface,783,0.8679610455105804,0.051067115030532816
20240530,1,9,0.02,donor_template,775,0.65686269786785,0.039069841680454284
20240530,1,9,0.02,nearest_visible_surface,775,0.8619972417683974,0.052537969749229994
20240530,1,9,0.02,six_neighbor_depth_shared_shape,775,0.8115545368034922,0.04885266684514145
20240530,1,9,0.02,six_neighbor_surface,775,0.9812603871438256,0.060012471938297896
20240530,1,9,0.05,donor_template,751,0.6486437438277646,0.03867478753290422
20240530,1,9,0.05,nearest_visible_surface,751,0.6677599459297248,0.040576737480109044
20240530,1,9,0.05,six_neighbor_depth_shared_shape,751,0.695931650967114,0.0424357530300489
20240530,1,9,0.05,six_neighbor_surface,751,0.7107345655050846,0.04281842178136714
20240530,1,9,0.1,donor_template,712,0.6529120038613131,0.03835456755954131
20240530,1,9,0.1,nearest_visible_surface,712,0.5703973643187473,0.034291926196038505
20240530,1,9,0.1,six_neighbor_depth_shared_shape,712,0.572994278156338,0.033877166629214694
20240530,1,9,0.1,six_neighbor_surface,712,0.5900203775283344,0.035495222631448095
20240530,1,9,0.2,donor_template,632,0.6549127959456045,0.03867153780123518
20240530,1,9,0.2,nearest_visible_surface,632,0.5188887348139857,0.03191354000890444
20240530,1,9,0.2,six_neighbor_depth_shared_shape,632,0.5258300455260904,0.031555553003161735
20240530,1,9,0.2,six_neighbor_surface,632,0.5302171036168368,0.0314023682679103
20240530,1,9,0.4,donor_template,475,0.6688952972224401,0.03953463958398075
20240530,1,9,0.4,nearest_visible_surface,475,0.4612560300573729,0.028765056198784517
20240530,1,9,0.4,six_neighbor_depth_shared_shape,475,0.44265905448560366,0.027047350639944324
20240530,1,9,0.4,six_neighbor_surface,475,0.4358486431881586,0.026311373941035034
20240530,1,10,0.01,donor_template,783,0.6554357606373318,0.039282584017512966
20240530,1,10,0.01,nearest_visible_surface,783,0.8355215551122351,0.0500335784880692
20240530,1,10,0.01,six_neighbor_depth_shared_shape,783,0.8042880795162155,0.047352669513143715
20240530,1,10,0.01,six_neighbor_surface,783,0.8393019412449151,0.050434231025477345
20240530,1,10,0.02,donor_template,775,0.6669166622463122,0.03995113429306394
20240530,1,10,0.02,nearest_visible_surface,775,0.7893699744239261,0.04821052844528706
20240530,1,10,0.02,six_neighbor_depth_shared_shape,775,0.8277829623396651,0.049807565510994724
20240530,1,10,0.02,six_neighbor_surface,775,0.8333031166629861,0.05136925589029098
20240530,1,10,0.05,donor_template,751,0.6713482421471149,0.039845811576088644
20240530,1,10,0.05,nearest_visible_surface,751,0.6266721408387463,0.03733884004096597
20240530,1,10,0.05,six_neighbor_depth_shared_shape,751,0.6487957975250002,0.038918118540677435
20240530,1,10,0.05,six_neighbor_surface,751,0.6600254742263417,0.03947776020964844
20240530,1,10,0.1,donor_template,711,0.68314107506071,0.040333113240597594
20240530,1,10,0.1,nearest_visible_surface,711,0.5470660151523425,0.0341078228410047
20240530,1,10,0.1,six_neighbor_depth_shared_shape,711,0.5358392867115467,0.03210506680877722
20240530,1,10,0.1,six_neighbor_surface,711,0.551050656690605,0.03343416246989953
20240530,1,10,0.2,donor_template,631,0.6846558971172252,0.04078295643731724
20240530,1,10,0.2,nearest_visible_surface,631,0.4987767256028679,0.031152345677251992
20240530,1,10,0.2,six_neighbor_depth_shared_shape,631,0.519504021647296,0.0319341766361518
20240530,1,10,0.2,six_neighbor_surface,631,0.5364288088301047,0.0327155569559708
20240530,1,10,0.4,donor_template,473,0.6793038778503314,0.03983058328194179
20240530,1,10,0.4,nearest_visible_surface,473,0.476417760492896,0.030356261513414896
20240530,1,10,0.4,six_neighbor_depth_shared_shape,473,0.45196063784186946,0.027359749490070653
20240530,1,10,0.4,six_neighbor_surface,473,0.4446513193199254,0.027228107648953694
20240530,1,11,0.01,donor_template,783,0.8621353884495901,0.05124926544021964
20240530,1,11,0.01,nearest_visible_surface,783,0.8681974303197679,0.053423428328884665
20240530,1,11,0.01,six_neighbor_depth_shared_shape,783,0.9047281619747657,0.055303061209068104
20240530,1,11,0.01,six_neighbor_surface,783,0.9577020993516611,0.05863033116688616
20240530,1,11,0.02,donor_template,776,0.7232711309207918,0.043229922227602795
20240530,1,11,0.02,nearest_visible_surface,776,0.8322940805849468,0.051228041253343175
20240530,1,11,0.02,six_neighbor_depth_shared_shape,776,0.9012348430775029,0.05569990626711216
20240530,1,11,0.02,six_neighbor_surface,776,0.9660901235849698,0.059824227415943385
20240530,1,11,0.05,donor_template,752,0.6921386518423296,0.04109451971665533
20240530,1,11,0.05,nearest_visible_surface,752,0.6822174479973424,0.041675122109027934
20240530,1,11,0.05,six_neighbor_depth_shared_shape,752,0.7130193917068524,0.04362597967838911
20240530,1,11,0.05,six_neighbor_surface,752,0.7485912492879915,0.045673648147019436
20240530,1,11,0.1,donor_template,713,0.6629415243548193,0.039570964644416534
20240530,1,11,0.1,nearest_visible_surface,713,0.60372223001035,0.03714922660029855
20240530,1,11,0.1,six_neighbor_depth_shared_shape,713,0.5568193391439838,0.03485127793007253
20240530,1,11,0.1,six_neighbor_surface,713,0.5751313885037087,0.035051673028422874
20240530,1,11,0.2,donor_template,634,0.6665243139794792,0.0393933384191935
20240530,1,11,0.2,nearest_visible_surface,634,0.48694149127300157,0.030546088818891627
20240530,1,11,0.2,six_neighbor_depth_shared_shape,634,0.4921687999387029,0.030124159883955504
20240530,1,11,0.2,six_neighbor_surface,634,0.5000922315458025,0.03065010596967764
20240530,1,11,0.4,donor_template,475,0.7187395582995997,0.04240895273481158
20240530,1,11,0.4,nearest_visible_surface,475,0.47170894147332015,0.03008257308553739
20240530,1,11,0.4,six_neighbor_depth_shared_shape,475,0.4556118039207053,0.027666193181549673
20240530,1,11,0.4,six_neighbor_surface,475,0.4661002513665229,0.028872415275630774
20240530,1,12,0.01,donor_template,783,0.9469571750889715,0.05634230406373385
20240530,1,12,0.01,nearest_visible_surface,783,0.923638487824691,0.055343742086713686
20240530,1,12,0.01,six_neighbor_depth_shared_shape,783,1.1605048026158715,0.07068730232115014
20240530,1,12,0.01,six_neighbor_surface,783,1.1901376124426437,0.07318651553971108
20240530,1,12,0.02,donor_template,776,1.0589166701037627,0.06277389331406599
20240530,1,12,0.02,nearest_visible_surface,776,0.9449257861174774,0.05694244957380923
20240530,1,12,0.02,six_neighbor_depth_shared_shape,776,1.2467202155066808,0.07615197068541785
20240530,1,12,0.02,six_neighbor_surface,776,1.294632035166027,0.07943973796288155
20240530,1,12,0.05,donor_template,752,0.8213438624444233,0.04909831744661641
20240530,1,12,0.05,nearest_visible_surface,752,0.6394232900447728,0.038867992385886216
20240530,1,12,0.05,six_neighbor_depth_shared_shape,752,0.6680274634079978,0.04134398735888396
20240530,1,12,0.05,six_neighbor_surface,752,0.6921271293302129,0.04199994624835342
20240530,1,12,0.1,donor_template,712,0.752614285361821,0.04420409559525775
20240530,1,12,0.1,nearest_visible_surface,712,0.5681541116047357,0.033969027036915844
20240530,1,12,0.1,six_neighbor_depth_shared_shape,712,0.5130036626165475,0.03188471747432164
20240530,1,12,0.1,six_neighbor_surface,712,0.5092081990253199,0.03144376770641992
20240530,1,12,0.2,donor_template,632,0.7538937786065056,0.04445220413181358
20240530,1,12,0.2,nearest_visible_surface,632,0.47616233743702174,0.0290863924642071
20240530,1,12,0.2,six_neighbor_depth_shared_shape,632,0.4594427961222901,0.027421882760245382
20240530,1,12,0.2,six_neighbor_surface,632,0.4556127990932167,0.0281210196904204
20240530,1,12,0.4,donor_template,475,0.6989586815564282,0.04116220315358871
20240530,1,12,0.4,nearest_visible_surface,475,0.46544272198021747,0.028269992884721713
20240530,1,12,0.4,six_neighbor_depth_shared_shape,475,0.4293658197590957,0.025602869521760913
20240530,1,12,0.4,six_neighbor_surface,475,0.4187773340787415,0.02526528153508256
20240530,1,13,0.01,donor_template,783,1.0856672588736829,0.06548849136876475
20240530,1,13,0.01,nearest_visible_surface,783,1.1012291086124097,0.06844579930016771
20240530,1,13,0.01,six_neighbor_depth_shared_shape,783,1.1671733625147178,0.07057629762880979
20240530,1,13,0.01,six_neighbor_surface,783,1.2004177274758339,0.07224071483493098
20240530,1,13,0.02,donor_template,775,0.9050968635877151,0.054263433424895216
20240530,1,13,0.02,nearest_visible_surface,775,0.8451888621957705,0.05158235117009934
20240530,1,13,0.02,six_neighbor_depth_shared_shape,775,0.7463540446841926,0.0452289073426604
20240530,1,13,0.02,six_neighbor_surface,775,0.7906926411344267,0.04835719628674252
20240530,1,13,0.05,donor_template,751,0.6850111287638584,0.04028104605983391
20240530,1,13,0.05,nearest_visible_surface,751,0.6818537505150603,0.04342836952484327
20240530,1,13,0.05,six_neighbor_depth_shared_shape,751,0.6089507638691483,0.036395134928874716
20240530,1,13,0.05,six_neighbor_surface,751,0.6159795746560359,0.03724840893313823
20240530,1,13,0.1,donor_template,712,0.6930363588662337,0.04101136538144767
20240530,1,13,0.1,nearest_visible_surface,712,0.5974018838311852,0.03681572266695354
20240530,1,13,0.1,six_neighbor_depth_shared_shape,712,0.5227028907392762,0.03196214504728705
20240530,1,13,0.1,six_neighbor_surface,712,0.5200380910102489,0.032194771546181916
20240530,1,13,0.2,donor_template,633,0.7033397382718959,0.04116982097347581
20240530,1,13,0.2,nearest_visible_surface,633,0.49468984090020107,0.030888556599163505
20240530,1,13,0.2,six_neighbor_depth_shared_shape,633,0.4570407925911748,0.028330106659988034
20240530,1,13,0.2,six_neighbor_surface,633,0.46149993338367185,0.028505949547457075
20240530,1,13,0.4,donor_template,473,0.6601866185391733,0.04002497137726441
20240530,1,13,0.4,nearest_visible_surface,473,0.4515326930665176,0.028723258445792096
20240530,1,13,0.4,six_neighbor_depth_shared_shape,473,0.38354396402596624,0.023420207958410953
20240530,1,13,0.4,six_neighbor_surface,473,0.369528482503635,0.02306309516141586
20240530,1,14,0.01,donor_template,783,0.6619492858624846,0.039071736402340906
20240530,1,14,0.01,nearest_visible_surface,783,0.9742994482312672,0.05893208462835477
20240530,1,14,0.01,six_neighbor_depth_shared_shape,783,0.6942630420005912,0.04137143167072597
20240530,1,14,0.01,six_neighbor_surface,783,0.7385946796945456,0.043760290888204524
20240530,1,14,0.02,donor_template,776,0.6575298902218694,0.038895027082629825
20240530,1,14,0.02,nearest_visible_surface,776,0.7820756660704815,0.04726526952467716
20240530,1,14,0.02,six_neighbor_depth_shared_shape,776,0.5962480100575677,0.03615724047681322
20240530,1,14,0.02,six_neighbor_surface,776,0.6351761597176349,0.03745029998841207
20240530,1,14,0.05,donor_template,752,0.7471989401224739,0.04448805946420094
20240530,1,14,0.05,nearest_visible_surface,752,0.6143553072819659,0.037532517590998106
20240530,1,14,0.05,six_neighbor_depth_shared_shape,752,0.5938142392355669,0.03638843913270597
20240530,1,14,0.05,six_neighbor_surface,752,0.6422628559922647,0.03775576776082497
20240530,1,14,0.1,donor_template,712,0.7405744587487952,0.04366003396120881
20240530,1,14,0.1,nearest_visible_surface,712,0.6143553072819659,0.03633698195808738
20240530,1,14,0.1,six_neighbor_depth_shared_shape,712,0.5338816977525933,0.03221107296104281
20240530,1,14,0.1,six_neighbor_surface,712,0.5702459477172164,0.034897355442540086
20240530,1,14,0.2,donor_template,633,0.7338032535367305,0.04324235611455879
20240530,1,14,0.2,nearest_visible_surface,633,0.5188556511019378,0.03146583680094436
20240530,1,14,0.2,six_neighbor_depth_shared_shape,633,0.49283186090109293,0.029515414659959483
20240530,1,14,0.2,six_neighbor_surface,633,0.49083304360580793,0.029547485783395847
20240530,1,14,0.4,donor_template,473,0.7450589156179096,0.043218053898354605
20240530,1,14,0.4,nearest_visible_surface,473,0.47283944875619116,0.028503816997644926
20240530,1,14,0.4,six_neighbor_depth_shared_shape,473,0.4309334384807031,0.0254417748030379
20240530,1,14,0.4,six_neighbor_surface,473,0.4289089872981458,0.025679597980650566
20240530,1,15,0.01,donor_template,783,0.7439913055790904,0.04440533334148708
20240530,1,15,0.01,nearest_visible_surface,783,0.853798297717342,0.05121701785243842
20240530,1,15,0.01,six_neighbor_depth_shared_shape,783,1.0622455178502623,0.06333038173438905
20240530,1,15,0.01,six_neighbor_surface,783,1.093006682628124,0.06580157990360712
20240530,1,15,0.02,donor_template,775,0.6668009089683099,0.03945765183717893
20240530,1,15,0.02,nearest_visible_surface,775,0.8568427366809582,0.0530607063834223
20240530,1,15,0.02,six_neighbor_depth_shared_shape,775,1.0814410418952263,0.06594185983770041
20240530,1,15,0.02,six_neighbor_surface,775,1.0922231182956803,0.06629436997265185
20240530,1,15,0.05,donor_template,751,0.7480648861532436,0.04457051401522313
20240530,1,15,0.05,nearest_visible_surface,751,0.6469563049143968,0.04054337266935994
20240530,1,15,0.05,six_neighbor_depth_shared_shape,751,0.658208543675473,0.04109138017708735
20240530,1,15,0.05,six_neighbor_surface,751,0.6984203017749494,0.042785228161522824
20240530,1,15,0.1,donor_template,711,0.6994047963818163,0.04086301008538409
20240530,1,15,0.1,nearest_visible_surface,711,0.5482921428459495,0.03385769631800612
20240530,1,15,0.1,six_neighbor_depth_shared_shape,711,0.5580329328640655,0.03310433815621733
20240530,1,15,0.1,six_neighbor_surface,711,0.568040121185461,0.0350470530375506
20240530,1,15,0.2,donor_template,632,0.6785093763782148,0.04040193063119201
20240530,1,15,0.2,nearest_visible_surface,632,0.5019236281034418,0.030574291637880967
20240530,1,15,0.2,six_neighbor_depth_shared_shape,632,0.4602604420966614,0.027873601841804957
20240530,1,15,0.2,six_neighbor_surface,632,0.47387936601157454,0.028644061359656206
20240530,1,15,0.4,donor_template,474,0.6702686410069132,0.04007115019924523
20240530,1,15,0.4,nearest_visible_surface,474,0.45221238056916047,0.028161602270248547
20240530,1,15,0.4,six_neighbor_depth_shared_shape,474,0.4135086152047003,0.025150194096005093
20240530,1,15,0.4,six_neighbor_surface,474,0.4166259350137165,0.02515874009185005
20240530,1,16,0.01,donor_template,783,0.9409974356856703,0.05577558170007433
20240530,1,16,0.01,nearest_visible_surface,783,1.2307456839755564,0.07442098141526644
20240530,1,16,0.01,six_neighbor_depth_shared_shape,783,1.3150666233787325,0.07893511040251136
20240530,1,16,0.01,six_neighbor_surface,783,1.389253777668722,0.08424644031469272
20240530,1,16,0.02,donor_template,775,0.8284015141935536,0.05027093339590814
20240530,1,16,0.02,nearest_visible_surface,775,0.8494198120151382,0.0524205277749933
20240530,1,16,0.02,six_neighbor_depth_shared_shape,775,0.9875217086705828,0.06171456701873122
20240530,1,16,0.02,six_neighbor_surface,775,1.0012923465182773,0.06157394595638841
20240530,1,16,0.05,donor_template,751,0.8249061185939499,0.048878106654812306
20240530,1,16,0.05,nearest_visible_surface,751,0.6585091259522077,0.04066505495406873
20240530,1,16,0.05,six_neighbor_depth_shared_shape,751,0.7301211280658436,0.044105644473747194
20240530,1,16,0.05,six_neighbor_surface,751,0.7244708097037698,0.0443933930813636
20240530,1,16,0.1,donor_template,711,0.7220222804412224,0.04232591287702395
20240530,1,16,0.1,nearest_visible_surface,711,0.5535472157681274,0.03314491164585196
20240530,1,16,0.1,six_neighbor_depth_shared_shape,711,0.5439341062894493,0.0330889767377495
20240530,1,16,0.1,six_neighbor_surface,711,0.5278053685626433,0.031916415935855036
20240530,1,16,0.2,donor_template,632,0.717093723767203,0.041788440137988034
20240530,1,16,0.2,nearest_visible_surface,632,0.5201150049658883,0.03119671558109255
20240530,1,16,0.2,six_neighbor_depth_shared_shape,632,0.49028273189169513,0.029603531454229864
20240530,1,16,0.2,six_neighbor_surface,632,0.47711652930845067,0.0288926967722963
20240530,1,16,0.4,donor_template,473,0.6649521396987207,0.03933455117018756
20240530,1,16,0.4,nearest_visible_surface,473,0.4588082657397028,0.02813480305356302
20240530,1,16,0.4,six_neighbor_depth_shared_shape,473,0.4085715949018853,0.024931340281862883
20240530,1,16,0.4,six_neighbor_surface,473,0.3924942224250981,0.024534776965324596
20240530,1,17,0.01,donor_template,783,1.1310433944187792,0.06818807336880468
20240530,1,17,0.01,nearest_visible_surface,783,1.4455047720764023,0.08745330620650338
20240530,1,17,0.01,six_neighbor_depth_shared_shape,783,1.6263879249030158,0.0979735080620517
20240530,1,17,0.01,six_neighbor_surface,783,1.67545685281201,0.10101508924423597
20240530,1,17,0.02,donor_template,775,0.8939514351870963,0.05359134072029376
20240530,1,17,0.02,nearest_visible_surface,775,0.9990943222016729,0.059417904844719045
20240530,1,17,0.02,six_neighbor_depth_shared_shape,775,1.0988343887246421,0.06679687880315796
20240530,1,17,0.02,six_neighbor_surface,775,1.146617902578608,0.07030993427348801
20240530,1,17,0.05,donor_template,751,0.7930310464732062,0.04676100453477659
20240530,1,17,0.05,nearest_visible_surface,751,0.7157401591363576,0.04324200261302557
20240530,1,17,0.05,six_neighbor_depth_shared_shape,751,0.6843822783633281,0.04174202123316979
20240530,1,17,0.05,six_neighbor_surface,751,0.7229502507159894,0.04278468873961195
20240530,1,17,0.1,donor_template,712,0.8078358424836194,0.04831695461342707
20240530,1,17,0.1,nearest_visible_surface,712,0.6408477271845976,0.03955213159826253
20240530,1,17,0.1,six_neighbor_depth_shared_shape,712,0.5973368571389446,0.03535394741727758
20240530,1,17,0.1,six_neighbor_surface,712,0.607299910919237,0.036990215149390854
20240530,1,17,0.2,donor_template,632,0.7291047437538958,0.04312333305166241
20240530,1,17,0.2,nearest_visible_surface,632,0.5218332075474781,0.03221654356728858
20240530,1,17,0.2,six_neighbor_depth_shared_shape,632,0.5205760101389758,0.031028597999694353
20240530,1,17,0.2,six_neighbor_surface,632,0.5255522924355804,0.03118997994889519
20240530,1,17,0.4,donor_template,474,0.6889684250978515,0.040111237721492436
20240530,1,17,0.4,nearest_visible_surface,474,0.4349517059644435,0.026687971472070957
20240530,1,17,0.4,six_neighbor_depth_shared_shape,474,0.40425636669599707,0.023923402138602952
20240530,1,17,0.4,six_neighbor_surface,474,0.40759294763271503,0.024270289779857672
20240530,1,18,0.01,donor_template,784,0.733598750054381,0.043283937849954046
20240530,1,18,0.01,nearest_visible_surface,784,1.0414592258859177,0.062361320519248246
20240530,1,18,0.01,six_neighbor_depth_shared_shape,784,0.9637386498260136,0.05771626442162615
20240530,1,18,0.01,six_neighbor_surface,784,0.9596571236370636,0.05765183672531865
20240530,1,18,0.02,donor_template,776,0.9004660069522725,0.054262359606398886
20240530,1,18,0.02,nearest_visible_surface,776,0.8232234143586169,0.04954313714207211
20240530,1,18,0.02,six_neighbor_depth_shared_shape,776,1.0749247308845085,0.06519398510631141
20240530,1,18,0.02,six_neighbor_surface,776,1.1033311791703555,0.06720355355726462
20240530,1,18,0.05,donor_template,752,0.6778947892725834,0.040555722019535737
20240530,1,18,0.05,nearest_visible_surface,752,0.6539062309880201,0.04089574281257154
20240530,1,18,0.05,six_neighbor_depth_shared_shape,752,0.7473085929889222,0.04499690335725445
20240530,1,18,0.05,six_neighbor_surface,752,0.7741094798246757,0.04730628096306068
20240530,1,18,0.1,donor_template,712,0.6783627068775389,0.04029574529103479
20240530,1,18,0.1,nearest_visible_surface,712,0.5752814915380338,0.03514008129971476
20240530,1,18,0.1,six_neighbor_depth_shared_shape,712,0.5296492907945719,0.03212402803064303
20240530,1,18,0.1,six_neighbor_surface,712,0.5672441030951261,0.035423768554944654
20240530,1,18,0.2,donor_template,633,0.6732267502195195,0.040123916859639695
20240530,1,18,0.2,nearest_visible_surface,633,0.49074721952991524,0.030483583754994107
20240530,1,18,0.2,six_neighbor_depth_shared_shape,633,0.44771317422623774,0.026991773846709536
20240530,1,18,0.2,six_neighbor_surface,633,0.4580223675780404,0.028007962229727693
20240530,1,18,0.4,donor_template,476,0.728704453231235,0.04218276990953693
20240530,1,18,0.4,nearest_visible_surface,476,0.4652907992460368,0.02868532605672181
20240530,1,18,0.4,six_neighbor_depth_shared_shape,476,0.4199910311711094,0.0248008854900843
20240530,1,18,0.4,six_neighbor_surface,476,0.39930698248908436,0.02401640434239631
20240530,1,19,0.01,donor_template,783,0.6810889589790327,0.040675428537280255
20240530,1,19,0.01,nearest_visible_surface,783,0.9325136731363476,0.05657288780410286
20240530,1,19,0.01,six_neighbor_depth_shared_shape,783,1.1756210891324483,0.07006579705424969
20240530,1,19,0.01,six_neighbor_surface,783,1.2053621044855216,0.07545359448314296
20240530,1,19,0.02,donor_template,775,0.6604766170894508,0.03911301451645531
20240530,1,19,0.02,nearest_visible_surface,775,0.8106651669985655,0.04908563268991545
20240530,1,19,0.02,six_neighbor_depth_shared_shape,775,0.9008824013741797,0.05268971752675573
20240530,1,19,0.02,six_neighbor_surface,775,0.9141493473781823,0.05523144318050747
20240530,1,19,0.05,donor_template,752,0.6595378870039603,0.03883729605429513
20240530,1,19,0.05,nearest_visible_surface,752,0.6613745219960092,0.0402063812723004
20240530,1,19,0.05,six_neighbor_depth_shared_shape,752,0.705392298786794,0.042878596456990055
20240530,1,19,0.05,six_neighbor_surface,752,0.7611269120302422,0.04579749821700851
20240530,1,19,0.1,donor_template,713,0.6493883502624876,0.03878134101561767
20240530,1,19,0.1,nearest_visible_surface,713,0.5531748469973429,0.033831409076840756
20240530,1,19,0.1,six_neighbor_depth_shared_shape,713,0.5838372803419484,0.035066715728802766
20240530,1,19,0.1,six_neighbor_surface,713,0.5778546720387521,0.03511056783775287
20240530,1,19,0.2,donor_template,633,0.6547874502606823,0.03901262781180682
20240530,1,19,0.2,nearest_visible_surface,633,0.5135995196688153,0.03219199773826184
20240530,1,19,0.2,six_neighbor_depth_shared_shape,633,0.5130573120396664,0.031144313551841742
20240530,1,19,0.2,six_neighbor_surface,633,0.4822356605935528,0.029347962398556558
20240530,1,19,0.4,donor_template,475,0.6788221747517836,0.04027645873756689
20240530,1,19,0.4,nearest_visible_surface,475,0.4479879469547152,0.027348564136387588
20240530,1,19,0.4,six_neighbor_depth_shared_shape,475,0.4383311617975499,0.025849004108116042
20240530,1,19,0.4,six_neighbor_surface,475,0.4430138632120497,0.027026491156679107
20240530,1,20,0.01,donor_template,783,0.6574126458229966,0.03909738866358718
20240530,1,20,0.01,nearest_visible_surface,783,0.7241278012105752,0.04331403336365995
20240530,1,20,0.01,six_neighbor_depth_shared_shape,783,0.6269821080564699,0.037172645462380235
20240530,1,20,0.01,six_neighbor_surface,783,0.6436660872182367,0.03876897942358268
20240530,1,20,0.02,donor_template,776,0.741754806475653,0.04396867850557506
20240530,1,20,0.02,nearest_visible_surface,776,0.8215407084822836,0.05107352886148812
20240530,1,20,0.02,six_neighbor_depth_shared_shape,776,0.7742994433418189,0.04816718395401903
20240530,1,20,0.02,six_neighbor_surface,776,0.8067452864688232,0.04946370999007791
20240530,1,20,0.05,donor_template,752,0.7201573554065251,0.04196137866251681
20240530,1,20,0.05,nearest_visible_surface,752,0.6789874665196167,0.04096668990729984
20240530,1,20,0.05,six_neighbor_depth_shared_shape,752,0.6885921327743632,0.04142176583813527
20240530,1,20,0.05,six_neighbor_surface,752,0.7099992113156438,0.04285103818910309
20240530,1,20,0.1,donor_template,712,0.6806899143710843,0.04053033837386055
20240530,1,20,0.1,nearest_visible_surface,712,0.5953368069355123,0.036038154512077966
20240530,1,20,0.1,six_neighbor_depth_shared_shape,712,0.6198740087198062,0.03729562204349542
20240530,1,20,0.1,six_neighbor_surface,712,0.6100458309991126,0.037454418632175634
20240530,1,20,0.2,donor_template,632,0.70180278009939,0.040852419686943336
20240530,1,20,0.2,nearest_visible_surface,632,0.5053887761976124,0.03130254080739595
20240530,1,20,0.2,six_neighbor_depth_shared_shape,632,0.5222588890958315,0.03191015564494658
20240530,1,20,0.2,six_neighbor_surface,632,0.5356606370686543,0.03182971160332143
20240530,1,20,0.4,donor_template,473,0.6665340832711685,0.03987129990077972
20240530,1,20,0.4,nearest_visible_surface,473,0.43938908073591043,0.02701110790767166
20240530,1,20,0.4,six_neighbor_depth_shared_shape,473,0.4228153697285765,0.025140763154792915
20240530,1,20,0.4,six_neighbor_surface,473,0.41560837191666516,0.025422632420293776
20240530,1,21,0.01,donor_template,783,0.7954742063208468,0.04718024846575587
20240530,1,21,0.01,nearest_visible_surface,783,1.050931558182199,0.06372587255403538
20240530,1,21,0.01,six_neighbor_depth_shared_shape,783,0.8309274604110383,0.04914548431799215
20240530,1,21,0.01,six_neighbor_surface,783,0.8330283307678324,0.04930605735343464
20240530,1,21,0.02,donor_template,776,0.6503790755559242,0.03905741372202439
20240530,1,21,0.02,nearest_visible_surface,776,0.8650734058084356,0.052566543033668395
20240530,1,21,0.02,six_neighbor_depth_shared_shape,776,0.7237749572114445,0.04315482717399542
20240530,1,21,0.02,six_neighbor_surface,776,0.7246405038726675,0.0437991569848323
20240530,1,21,0.05,donor_template,752,0.8064451174641318,0.04773310103274167
20240530,1,21,0.05,nearest_visible_surface,752,0.6955351417629864,0.04328795088511294
20240530,1,21,0.05,six_neighbor_depth_shared_shape,752,0.6040471131695202,0.03672364761243113
20240530,1,21,0.05,six_neighbor_surface,752,0.5960528267750678,0.037375366165582666
20240530,1,21,0.1,donor_template,713,0.6814735102631175,0.04034543151092312
20240530,1,21,0.1,nearest_visible_surface,713,0.5964921872229005,0.03671555652070987
20240530,1,21,0.1,six_neighbor_depth_shared_shape,713,0.5676701149671312,0.03384208998572217
20240530,1,21,0.1,six_neighbor_surface,713,0.5737929255545781,0.03417570910421135
20240530,1,21,0.2,donor_template,634,0.7136953941443873,0.04177336350634482
20240530,1,21,0.2,nearest_visible_surface,634,0.5282741211890254,0.03190086412455502
20240530,1,21,0.2,six_neighbor_depth_shared_shape,634,0.4653304077594956,0.0287441322372226
20240530,1,21,0.2,six_neighbor_surface,634,0.46561730584707706,0.02888705312529432
20240530,1,21,0.4,donor_template,474,0.6844222746371588,0.04026768630460668
20240530,1,21,0.4,nearest_visible_surface,474,0.44033566916109157,0.02816120984610611
20240530,1,21,0.4,six_neighbor_depth_shared_shape,474,0.40695111982880505,0.024366402684233287
20240530,1,21,0.4,six_neighbor_surface,474,0.41422942689896947,0.024666917896572958
20240530,1,22,0.01,donor_template,783,0.6540408654150612,0.039108227581972854
20240530,1,22,0.01,nearest_visible_surface,783,0.8013979112193091,0.04866949107716378
20240530,1,22,0.01,six_neighbor_depth_shared_shape,783,0.748692031814117,0.04527838150553272
20240530,1,22,0.01,six_neighbor_surface,783,0.8123741361273406,0.04912344919544146
20240530,1,22,0.02,donor_template,775,0.6898225857603768,0.04088377394010646
20240530,1,22,0.02,nearest_visible_surface,775,0.7409115395154907,0.044749051115616036
20240530,1,22,0.02,six_neighbor_depth_shared_shape,775,0.6915672451348146,0.04191836463314252
20240530,1,22,0.02,six_neighbor_surface,775,0.7298632893318238,0.04604919337448141
20240530,1,22,0.05,donor_template,751,0.720583825102783,0.04209529068615697
20240530,1,22,0.05,nearest_visible_surface,751,0.6474333819236693,0.03913834496988809
20240530,1,22,0.05,six_neighbor_depth_shared_shape,751,0.5585396241892759,0.03387302244361425
20240530,1,22,0.05,six_neighbor_surface,751,0.6180539093462732,0.037120860320985605
20240530,1,22,0.1,donor_template,712,0.659828291532391,0.03900162061478762
20240530,1,22,0.1,nearest_visible_surface,712,0.5771602166045546,0.03484713883418491
20240530,1,22,0.1,six_neighbor_depth_shared_shape,712,0.5341525587815247,0.03250340674315452
20240530,1,22,0.1,six_neighbor_surface,712,0.5447869483926207,0.03304303089379629
20240530,1,22,0.2,donor_template,633,0.6681309603990796,0.03943860010199025
20240530,1,22,0.2,nearest_visible_surface,633,0.5155962678319883,0.031965907622914395
20240530,1,22,0.2,six_neighbor_depth_shared_shape,633,0.49857309673098993,0.029359422894350225
20240530,1,22,0.2,six_neighbor_surface,633,0.48955469846748234,0.02911743484942001
20240530,1,22,0.4,donor_template,474,0.6976026286406638,0.041117486470707135
20240530,1,22,0.4,nearest_visible_surface,474,0.46181933478288467,0.028044957319406004
20240530,1,22,0.4,six_neighbor_depth_shared_shape,474,0.43544202667784376,0.026850170793567794
20240530,1,22,0.4,six_neighbor_surface,474,0.423506616756548,0.025634283438987958
20240530,1,23,0.01,donor_template,783,0.7103472174082697,0.04174011416597957
20240530,1,23,0.01,nearest_visible_surface,783,0.8571513495980161,0.05084741920055004
20240530,1,23,0.01,six_neighbor_depth_shared_shape,783,0.7956178563962354,0.04651542831319722
20240530,1,23,0.01,six_neighbor_surface,783,0.8106872265453616,0.04731069186211657
20240530,1,23,0.02,donor_template,775,0.6585418707844942,0.039133428163724754
20240530,1,23,0.02,nearest_visible_surface,775,0.8258361652000034,0.05071357423670857
20240530,1,23,0.02,six_neighbor_depth_shared_shape,775,0.6817179534374811,0.04052908092956745
20240530,1,23,0.02,six_neighbor_surface,775,0.6953087158193706,0.04176491183582598
20240530,1,23,0.05,donor_template,751,0.6908491881975655,0.04034591151066615
20240530,1,23,0.05,nearest_visible_surface,751,0.7134314642858494,0.042402598389251756
20240530,1,23,0.05,six_neighbor_depth_shared_shape,751,0.6610920320884685,0.039668622224663504
20240530,1,23,0.05,six_neighbor_surface,751,0.6668664340576544,0.03960622671284439
20240530,1,23,0.1,donor_template,711,0.6679873145728024,0.040576227202312874
20240530,1,23,0.1,nearest_visible_surface,711,0.5871274430239116,0.03565145777668574
20240530,1,23,0.1,six_neighbor_depth_shared_shape,711,0.5450457678348257,0.0327335188616577
20240530,1,23,0.1,six_neighbor_surface,711,0.5504163114892662,0.03411058764429825
20240530,1,23,0.2,donor_template,631,0.6848529815079099,0.04016995907401602
20240530,1,23,0.2,nearest_visible_surface,631,0.5321244986096758,0.03255264048645422
20240530,1,23,0.2,six_neighbor_depth_shared_shape,631,0.5149078955868021,0.03116607518167117
20240530,1,23,0.2,six_neighbor_surface,631,0.5104087139562523,0.031360106546269646
20240530,1,23,0.4,donor_template,473,0.7087928235306283,0.04191665433316918
20240530,1,23,0.4,nearest_visible_surface,473,0.4769772989846797,0.02955500353745941
20240530,1,23,0.4,six_neighbor_depth_shared_shape,473,0.4472796106043764,0.027359522983462326
20240530,1,23,0.4,six_neighbor_surface,473,0.42817817875131103,0.02662915252341552
20240530,1,24,0.01,donor_template,783,0.7724188181867495,0.04548498537603054
20240530,1,24,0.01,nearest_visible_surface,783,0.9930821077377561,0.059885060157584054
20240530,1,24,0.01,six_neighbor_depth_shared_shape,783,1.0275610661181707,0.062003208231111856
20240530,1,24,0.01,six_neighbor_surface,783,1.0798418177640532,0.0667432398067082
20240530,1,24,0.02,donor_template,775,0.8834050570232951,0.052907711336544185
20240530,1,24,0.02,nearest_visible_surface,775,1.0972760174711762,0.0667295992583064
20240530,1,24,0.02,six_neighbor_depth_shared_shape,775,1.042973189267107,0.0643362538092108
20240530,1,24,0.02,six_neighbor_surface,775,1.078231120792186,0.06546091549211928
20240530,1,24,0.05,donor_template,752,0.7302821297009991,0.043335190308250254
20240530,1,24,0.05,nearest_visible_surface,752,0.6506406790695425,0.040341713966449436
20240530,1,24,0.05,six_neighbor_depth_shared_shape,752,0.6418544262613939,0.038536207924262725
20240530,1,24,0.05,six_neighbor_surface,752,0.6477915840528443,0.039041126187873205
20240530,1,24,0.1,donor_template,712,0.7089784505268946,0.04132749504967258
20240530,1,24,0.1,nearest_visible_surface,712,0.5764414853341473,0.034894285609220324
20240530,1,24,0.1,six_neighbor_depth_shared_shape,712,0.5887854223549547,0.035906629048348335
20240530,1,24,0.1,six_neighbor_surface,712,0.6098729168395443,0.03707494619880583
20240530,1,24,0.2,donor_template,634,0.7137129480936442,0.041740218244433996
20240530,1,24,0.2,nearest_visible_surface,634,0.5357688189307408,0.03245995693306731
20240530,1,24,0.2,six_neighbor_depth_shared_shape,634,0.5100457025835231,0.0317665065910296
20240530,1,24,0.2,six_neighbor_surface,634,0.5215747991259703,0.03197596389454278
20240530,1,24,0.4,donor_template,477,0.7307597299165038,0.042822483427879324
20240530,1,24,0.4,nearest_visible_surface,477,0.4623826395083964,0.027872717851892274
20240530,1,24,0.4,six_neighbor_depth_shared_shape,477,0.44056191550304113,0.026403349806001748
20240530,1,24,0.4,six_neighbor_surface,477,0.44510158889756635,0.026487818675540467
20240701,0,0,0.01,donor_template,823,1.0803035846083622,0.07631048173682387
20240701,0,0,0.01,nearest_visible_surface,823,1.6159248209150259,0.11805806971462372
20240701,0,0,0.01,six_neighbor_depth_shared_shape,823,1.1835593724984947,0.08544935973739284
20240701,0,0,0.01,six_neighbor_surface,823,1.1606212499682957,0.08553914209397574
20240701,0,0,0.02,donor_template,815,0.936985836501356,0.06662389595298954
20240701,0,0,0.02,nearest_visible_surface,815,1.624571613497672,0.11983623856096338
20240701,0,0,0.02,six_neighbor_depth_shared_shape,815,1.1908830609378296,0.08720786215817948
20240701,0,0,0.02,six_neighbor_surface,815,1.2219417258823606,0.09038152198016199
20240701,0,0,0.05,donor_template,790,0.8559156324574326,0.060065583966766076
20240701,0,0,0.05,nearest_visible_surface,790,0.9881544417924035,0.07213548754195864
20240701,0,0,0.05,six_neighbor_depth_shared_shape,790,0.9301071473879237,0.06690189261716822
20240701,0,0,0.05,six_neighbor_surface,790,0.945214403118811,0.06825212402337144
20240701,0,0,0.1,donor_template,748,0.8411631393802912,0.060643708669184254
20240701,0,0,0.1,nearest_visible_surface,748,0.7646879879303987,0.057047087035411365
20240701,0,0,0.1,six_neighbor_depth_shared_shape,748,0.7768628844225144,0.05681358790647776
20240701,0,0,0.1,six_neighbor_surface,748,0.7886678853340852,0.05730559944883371
20240701,0,0,0.2,donor_template,666,0.8475404591748064,0.05980657525868641
20240701,0,0,0.2,nearest_visible_surface,666,0.7182879293406776,0.053370975424935976
20240701,0,0,0.2,six_neighbor_depth_shared_shape,666,0.7086035805476338,0.051716334379281914
20240701,0,0,0.2,six_neighbor_surface,666,0.6940266409541569,0.05092166513630289
20240701,0,0,0.4,donor_template,500,0.8536718275197246,0.06104702641502734
20240701,0,0,0.4,nearest_visible_surface,500,0.6658700549952343,0.049253654988594395
20240701,0,0,0.4,six_neighbor_depth_shared_shape,500,0.5799220401775723,0.04196018969382993
20240701,0,0,0.4,six_neighbor_surface,500,0.5811136516503699,0.041719240888260775
20240701,0,1,0.01,donor_template,823,1.9648030069340918,0.14267898683582594
20240701,0,1,0.01,nearest_visible_surface,823,1.6982373547595515,0.1276185401991062
20240701,0,1,0.01,six_neighbor_depth_shared_shape,823,1.566097239059874,0.11700875490427515
20240701,0,1,0.01,six_neighbor_surface,823,1.6135581225800957,0.1184324720026368
20240701,0,1,0.02,donor_template,815,1.4022330618914025,0.10033059843769677
20240701,0,1,0.02,nearest_visible_surface,815,0.9656305414898477,0.07419255699516099
20240701,0,1,0.02,six_neighbor_depth_shared_shape,815,1.304266633188081,0.09679808550374117
20240701,0,1,0.02,six_neighbor_surface,815,1.3335327069869023,0.09944372119701805
20240701,0,1,0.05,donor_template,789,0.9531103383843299,0.06710406834479388
20240701,0,1,0.05,nearest_visible_surface,789,0.9497300329522418,0.06785796454365597
20240701,0,1,0.05,six_neighbor_depth_shared_shape,789,0.9239996198673377,0.06731063218877945
20240701,0,1,0.05,six_neighbor_surface,789,0.9756174691436601,0.0736293302965017
20240701,0,1,0.1,donor_template,748,0.974533602615393,0.06999652858609995
20240701,0,1,0.1,nearest_visible_surface,748,0.758271199778161,0.05530859000937778
20240701,0,1,0.1,six_neighbor_depth_shared_shape,748,0.7196269684084525,0.0526130637241376
20240701,0,1,0.1,six_neighbor_surface,748,0.7465200708138092,0.05523100862057519
20240701,0,1,0.2,donor_template,668,1.0224685095989892,0.0733306466919092
20240701,0,1,0.2,nearest_visible_surface,668,0.7517236369501699,0.05536416434839457
20240701,0,1,0.2,six_neighbor_depth_shared_shape,668,0.732997409985047,0.0525849232175744
20240701,0,1,0.2,six_neighbor_surface,668,0.7372023802426825,0.05289441331321877
20240701,0,1,0.4,donor_template,500,0.9720374569857988,0.06726143153429501
20240701,0,1,0.4,nearest_visible_surface,500,0.6689152853789595,0.0486354827701017
20240701,0,1,0.4,six_neighbor_depth_shared_shape,500,0.6111948191976664,0.0447144597191555
20240701,0,1,0.4,six_neighbor_surface,500,0.608911595497578,0.043065211427397034
20240701,0,2,0.01,donor_template,823,0.9552910034989792,0.06657014146004525
20240701,0,2,0.01,nearest_visible_surface,823,1.7545759169709938,0.12818873762807817
20240701,0,2,0.01,six_neighbor_depth_shared_shape,823,1.376559924619084,0.10008699561681832
20240701,0,2,0.01,six_neighbor_surface,823,1.5543374127880338,0.11093798758277916
20240701,0,2,0.02,donor_template,815,1.0552231098399412,0.07452124016857369
20240701,0,2,0.02,nearest_visible_surface,815,1.75669979545046,0.13281024393138202
20240701,0,2,0.02,six_neighbor_depth_shared_shape,815,1.5646019425872586,0.11727320525371089
20240701,0,2,0.02,six_neighbor_surface,815,1.630891659301972,0.12071982365250285
20240701,0,2,0.05,donor_template,790,0.9430477308681912,0.06853733501875647
20240701,0,2,0.05,nearest_visible_surface,790,1.0813161851588289,0.08100160425790912
20240701,0,2,0.05,six_neighbor_depth_shared_shape,790,1.0413440484070278,0.07761376133679004
20240701,0,2,0.05,six_neighbor_surface,790,1.089006779984939,0.08145660612938815
20240701,0,2,0.1,donor_template,749,0.9351271540005103,0.06504716077583272
20240701,0,2,0.1,nearest_visible_surface,749,0.8546051268182808,0.06321083955198033
20240701,0,2,0.1,six_neighbor_depth_shared_shape,749,0.8866997921933583,0.06458174150512376
20240701,0,2,0.1,six_neighbor_surface,749,0.9069971200040018,0.06515329366786822
20240701,0,2,0.2,donor_template,668,0.8798215174741171,0.06199236344260982
20240701,0,2,0.2,nearest_visible_surface,668,0.7583777087760939,0.056906192373056955
20240701,0,2,0.2,six_neighbor_depth_shared_shape,668,0.7027225962861068,0.05105304983391211
20240701,0,2,0.2,six_neighbor_surface,668,0.7038019798897053,0.05107618063965905
20240701,0,2,0.4,donor_template,501,0.9399834318714131,0.06628855852340719
20240701,0,2,0.4,nearest_visible_surface,501,0.6944104769956515,0.05072688780555416
20240701,0,2,0.4,six_neighbor_depth_shared_shape,501,0.6483551908436674,0.048133734331082555
20240701,0,2,0.4,six_neighbor_surface,501,0.6520812218878466,0.04697960046766985
20240701,0,3,0.01,donor_template,823,0.9028694562788492,0.06512689325826468
20240701,0,3,0.01,nearest_visible_surface,823,1.2044213398343617,0.09037888813697029
20240701,0,3,0.01,six_neighbor_depth_shared_shape,823,0.9338657312694446,0.06866410765224686
20240701,0,3,0.01,six_neighbor_surface,823,0.9230173083393928,0.06846961372456001
20240701,0,3,0.02,donor_template,815,1.0577999738588548,0.07623555873474265
20240701,0,3,0.02,nearest_visible_surface,815,1.182999545418669,0.08923725920576446
20240701,0,3,0.02,six_neighbor_depth_shared_shape,815,1.0672042702843403,0.08085369154344343
20240701,0,3,0.02,six_neighbor_surface,815,1.118141615949705,0.08318325229008108
20240701,0,3,0.05,donor_template,789,1.064121011551527,0.07699201685278757
20240701,0,3,0.05,nearest_visible_surface,789,0.8934326376171872,0.06493638247908153
20240701,0,3,0.05,six_neighbor_depth_shared_shape,789,0.8710721819448388,0.06337368245066945
20240701,0,3,0.05,six_neighbor_surface,789,0.9099370427909057,0.06535192880412836
20240701,0,3,0.1,donor_template,749,0.9599600030037049,0.06712203108454629
20240701,0,3,0.1,nearest_visible_surface,749,0.8129182158166044,0.060034942495620955
20240701,0,3,0.1,six_neighbor_depth_shared_shape,749,0.7076222807550238,0.051067422756421545
20240701,0,3,0.1,six_neighbor_surface,749,0.7487248110334787,0.05319826521478469
20240701,0,3,0.2,donor_template,667,0.9575364125647305,0.06776057458974157
20240701,0,3,0.2,nearest_visible_surface,667,0.710070818999341,0.05007289610537689
20240701,0,3,0.2,six_neighbor_depth_shared_shape,667,0.6540362049340903,0.04769223087163157
20240701,0,3,0.2,six_neighbor_surface,667,0.6626023243417904,0.047886385648879884
20240701,0,3,0.4,donor_template,501,0.9323524828877128,0.0639369361736049
20240701,0,3,0.4,nearest_visible_surface,501,0.6191918214638522,0.04725230016244191
20240701,0,3,0.4,six_neighbor_depth_shared_shape,501,0.6066086534262752,0.04355592223520274
20240701,0,3,0.4,six_neighbor_surface,501,0.5705378696026344,0.04458727925083617
20240701,0,4,0.01,donor_template,823,0.9007913246458109,0.0634534290249594
20240701,0,4,0.01,nearest_visible_surface,823,1.4341537522920589,0.10351125064860403
20240701,0,4,0.01,six_neighbor_depth_shared_shape,823,1.0830616435125626,0.07839959861752789
20240701,0,4,0.01,six_neighbor_surface,823,1.1413099609823578,0.0813261913997028
20240701,0,4,0.02,donor_template,815,0.9131118541822535,0.0649730451729293
20240701,0,4,0.02,nearest_visible_surface,815,1.1016875578871814,0.07847141847198591
20240701,0,4,0.02,six_neighbor_depth_shared_shape,815,1.0249897134225787,0.0736363398489071
20240701,0,4,0.02,six_neighbor_surface,815,1.0672284648460448,0.07706095557244982
20240701,0,4,0.05,donor_template,789,0.964072240138733,0.06907758377939231
20240701,0,4,0.05,nearest_visible_surface,789,0.9709875701616364,0.07023454067045196
20240701,0,4,0.05,six_neighbor_depth_shared_shape,789,0.9321128833417303,0.06757555595586469
20240701,0,4,0.05,six_neighbor_surface,789,0.9618186663880433,0.07052399824766253
20240701,0,4,0.1,donor_template,748,0.9584199468712165,0.06740354724491332
20240701,0,4,0.1,nearest_visible_surface,748,0.823899071149605,0.0594666202020486
20240701,0,4,0.1,six_neighbor_depth_shared_shape,748,0.8271462138293268,0.05955080370096237
20240701,0,4,0.1,six_neighbor_surface,748,0.8149138575295578,0.05979200399858796
20240701,0,4,0.2,donor_template,668,0.9477450136117418,0.0687940356281199
20240701,0,4,0.2,nearest_visible_surface,668,0.7575027476718506,0.054741988790117574
20240701,0,4,0.2,six_neighbor_depth_shared_shape,668,0.7156705061389846,0.05098719310633808
20240701,0,4,0.2,six_neighbor_surface,668,0.7276698821930847,0.05365994677494858
20240701,0,4,0.4,donor_template,503,0.9172317181075845,0.06527827296455976
20240701,0,4,0.4,nearest_visible_surface,503,0.6670391735177225,0.04795012505775844
20240701,0,4,0.4,six_neighbor_depth_shared_shape,503,0.6062326084868981,0.04298272998888999
20240701,0,4,0.4,six_neighbor_surface,503,0.6063782617917854,0.044504396757688094
20240701,0,5,0.01,donor_template,823,1.2540322603704923,0.09027054281458659
20240701,0,5,0.01,nearest_visible_surface,823,1.5386756716520424,0.11178551444511711
20240701,0,5,0.01,six_neighbor_depth_shared_shape,823,1.456102821339612,0.10581297080770953
20240701,0,5,0.01,six_neighbor_surface,823,1.5364184029169987,0.11272847692171518
20240701,0,5,0.02,donor_template,815,1.1324044134275684,0.08276782915038913
20240701,0,5,0.02,nearest_visible_surface,815,1.2594036193766234,0.0883878701656405
20240701,0,5,0.02,six_neighbor_depth_shared_shape,815,1.2079451871703535,0.08754075027157805
20240701,0,5,0.02,six_neighbor_surface,815,1.229326852703114,0.08922201026106645
20240701,0,5,0.05,donor_template,789,1.0267512109554264,0.07217053538440991
20240701,0,5,0.05,nearest_visible_surface,789,0.9181506675200835,0.06572813943967498
20240701,0,5,0.05,six_neighbor_depth_shared_shape,789,0.8851514051402075,0.06232400111651645
20240701,0,5,0.05,six_neighbor_surface,789,0.8722627954276579,0.06172877455870868
20240701,0,5,0.1,donor_template,747,0.875046295753433,0.06251669725237177
20240701,0,5,0.1,nearest_visible_surface,747,0.8711130383047301,0.06357499127215407
20240701,0,5,0.1,six_neighbor_depth_shared_shape,747,0.834226771776049,0.061245011893731216
20240701,0,5,0.1,six_neighbor_surface,747,0.8440661342452348,0.06079521061887434
20240701,0,5,0.2,donor_template,664,0.8682249155912679,0.06173763240179561
20240701,0,5,0.2,nearest_visible_surface,664,0.7209212977927051,0.05363553803720714
20240701,0,5,0.2,six_neighbor_depth_shared_shape,664,0.6554876582636436,0.048717537465846186
20240701,0,5,0.2,six_neighbor_surface,664,0.649544818598041,0.04772389972066374
20240701,0,5,0.4,donor_template,498,0.8622076455419418,0.06116273353027582
20240701,0,5,0.4,nearest_visible_surface,498,0.6653953144679311,0.04799992274821617
20240701,0,5,0.4,six_neighbor_depth_shared_shape,498,0.6178825041252163,0.043924407174238796
20240701,0,5,0.4,six_neighbor_surface,498,0.5972674112121878,0.04364145433694615
20240701,0,6,0.01,donor_template,823,1.0761888704364726,0.07601535370943342
20240701,0,6,0.01,nearest_visible_surface,823,1.4579876613771123,0.10411254872021718
20240701,0,6,0.01,six_neighbor_depth_shared_shape,823,1.002780259348949,0.07151849329467212
20240701,0,6,0.01,six_neighbor_surface,823,1.0066323484686994,0.07332795835310313
20240701,0,6,0.02,donor_template,816,0.9849066561461501,0.06949555556731252
20240701,0,6,0.02,nearest_visible_surface,816,1.0179790077681736,0.07278844174210378
20240701,0,6,0.02,six_neighbor_depth_shared_shape,816,0.9055235635985266,0.06535768104293582
20240701,0,6,0.02,six_neighbor_surface,816,0.9120729975284104,0.06692582699728708
20240701,0,6,0.05,donor_template,791,0.933979468471931,0.06502288120582422
20240701,0,6,0.05,nearest_visible_surface,791,0.8929255780675442,0.06441893295285361
20240701,0,6,0.05,six_neighbor_depth_shared_shape,791,0.8092493139689533,0.058890723188658824
20240701,0,6,0.05,six_neighbor_surface,791,0.821328038781265,0.0600707788957692
20240701,0,6,0.1,donor_template,749,0.9445314622536034,0.06570560285747311
20240701,0,6,0.1,nearest_visible_surface,749,0.8280385646551457,0.05983122341358907
20240701,0,6,0.1,six_neighbor_depth_shared_shape,749,0.7732435640197853,0.05563796628601748
20240701,0,6,0.1,six_neighbor_surface,749,0.7621697911153783,0.05715881076421317
20240701,0,6,0.2,donor_template,665,0.8964447067619363,0.06307798555791
20240701,0,6,0.2,nearest_visible_surface,665,0.7562378132247447,0.05643066127344978
20240701,0,6,0.2,six_neighbor_depth_shared_shape,665,0.660687892407398,0.04760976267036876
20240701,0,6,0.2,six_neighbor_surface,665,0.6636851228745861,0.04815977374057834
20240701,0,6,0.4,donor_template,499,0.8792463268698104,0.06320642449252264
20240701,0,6,0.4,nearest_visible_surface,499,0.6831100451248379,0.050197145924267716
20240701,0,6,0.4,six_neighbor_depth_shared_shape,499,0.5709119150266929,0.04109631298001661
20240701,0,6,0.4,six_neighbor_surface,499,0.5635717309013899,0.04106293864679518
20240701,0,7,0.01,donor_template,823,0.8834209362670299,0.062190979373393934
20240701,0,7,0.01,nearest_visible_surface,823,1.3285508996621345,0.09877531599875193
20240701,0,7,0.01,six_neighbor_depth_shared_shape,823,1.0944017121969845,0.0820340624749413
20240701,0,7,0.01,six_neighbor_surface,823,1.089487768788826,0.08161630240922797
20240701,0,7,0.02,donor_template,815,0.8752141847090006,0.06199988283667323
20240701,0,7,0.02,nearest_visible_surface,815,1.182999545418669,0.08797664893633242
20240701,0,7,0.02,six_neighbor_depth_shared_shape,815,0.910643716164761,0.0656916651593215
20240701,0,7,0.02,six_neighbor_surface,815,0.9121102339420639,0.06554265517002075
20240701,0,7,0.05,donor_template,789,0.8602714952869679,0.061061660270852545
20240701,0,7,0.05,nearest_visible_surface,789,1.041896068446975,0.07466118040752134
20240701,0,7,0.05,six_neighbor_depth_shared_shape,789,0.7635804196278144,0.05472256840679174
20240701,0,7,0.05,six_neighbor_surface,789,0.7704801232272243,0.05446691202117748
20240701,0,7,0.1,donor_template,748,0.8684714317758968,0.062168649007899104
20240701,0,7,0.1,nearest_visible_surface,748,0.8646451003200865,0.06415637760628612
20240701,0,7,0.1,six_neighbor_depth_shared_shape,748,0.7452461957154604,0.05458076120074746
20240701,0,7,0.1,six_neighbor_surface,748,0.7420618091404679,0.053266659702877917
20240701,0,7,0.2,donor_template,666,0.8574010507155475,0.060807163022313995
20240701,0,7,0.2,nearest_visible_surface,666,0.7505822368259185,0.05418447953039096
20240701,0,7,0.2,six_neighbor_depth_shared_shape,666,0.6629437346827678,0.048849201076272095
20240701,0,7,0.2,six_neighbor_surface,666,0.654560529745706,0.04851604386580026
20240701,0,7,0.4,donor_template,500,0.858445393169128,0.060612018023917406
20240701,0,7,0.4,nearest_visible_surface,500,0.6563339248854336,0.047985541883407964
20240701,0,7,0.4,six_neighbor_depth_shared_shape,500,0.5849424147384121,0.043623000955542654
20240701,0,7,0.4,six_neighbor_surface,500,0.5721357865248922,0.043721907695893465
20240701,0,8,0.01,donor_template,823,0.8899538541225694,0.06351505325622415
20240701,0,8,0.01,nearest_visible_surface,823,1.1618324472922479,0.08429758713539091
20240701,0,8,0.01,six_neighbor_depth_shared_shape,823,1.17866036987592,0.08825121971728705
20240701,0,8,0.01,six_neighbor_surface,823,1.172962093717948,0.08744086860949835
20240701,0,8,0.02,donor_template,815,0.9699436789434107,0.06945953133461294
20240701,0,8,0.02,nearest_visible_surface,815,1.2389424789115646,0.0897101743130974
20240701,0,8,0.02,six_neighbor_depth_shared_shape,815,1.1106165039602418,0.08144908972521393
20240701,0,8,0.02,six_neighbor_surface,815,1.1184976525497679,0.08354603262978054
20240701,0,8,0.05,donor_template,790,0.996280742462508,0.06981085864322133
20240701,0,8,0.05,nearest_visible_surface,790,1.0723056619067268,0.07717825207967065
20240701,0,8,0.05,six_neighbor_depth_shared_shape,790,0.8963617230908868,0.06662164432677711
20240701,0,8,0.05,six_neighbor_surface,790,0.8969244026337891,0.06665918132709242
20240701,0,8,0.1,donor_template,748,0.9344007563957679,0.0649012486348681
20240701,0,8,0.1,nearest_visible_surface,748,0.8487178075493671,0.06319769804627239
20240701,0,8,0.1,six_neighbor_depth_shared_shape,748,0.7291089202850733,0.054211901411451505
20240701,0,8,0.1,six_neighbor_surface,748,0.7249069682331626,0.05334972290168424
20240701,0,8,0.2,donor_template,667,0.9556887405339557,0.06715326121382334
20240701,0,8,0.2,nearest_visible_surface,667,0.7407708739659373,0.05358961922781293
20240701,0,8,0.2,six_neighbor_depth_shared_shape,667,0.6578378120022146,0.049088476131313404
20240701,0,8,0.2,six_neighbor_surface,667,0.6326813259700759,0.047544508895009614
20240701,0,8,0.4,donor_template,502,0.9362133635479398,0.0650866352581358
20240701,0,8,0.4,nearest_visible_surface,502,0.6405718555251994,0.04745892689236379
20240701,0,8,0.4,six_neighbor_depth_shared_shape,502,0.5922705414812044,0.04336016108895634
20240701,0,8,0.4,six_neighbor_surface,502,0.579830714743501,0.04217079882322274
20240701,0,9,0.01,donor_template,823,1.162420611128589,0.0850129581927263
20240701,0,9,0.01,nearest_visible_surface,823,1.563128776603041,0.1140661035597276
20240701,0,9,0.01,six_neighbor_depth_shared_shape,823,1.2433691109357417,0.09037188522793335
20240701,0,9,0.01,six_neighbor_surface,823,1.24035074789555,0.0893742932813021
20240701,0,9,0.02,donor_template,815,0.869969595472028,0.0613242774586542
20240701,0,9,0.02,nearest_visible_surface,815,1.1884627060913506,0.08503488049876379
20240701,0,9,0.02,six_neighbor_depth_shared_shape,815,1.0006692513426863,0.07155052448359168
20240701,0,9,0.02,six_neighbor_surface,815,1.019105317885811,0.0731700012728271
20240701,0,9,0.05,donor_template,789,0.9556114846077047,0.0678783597747733
20240701,0,9,0.05,nearest_visible_surface,789,0.8154833549810039,0.060075317357379615
20240701,0,9,0.05,six_neighbor_depth_shared_shape,789,0.841323493173464,0.06096305265458725
20240701,0,9,0.05,six_neighbor_surface,789,0.841196538850696,0.06013852554144434
20240701,0,9,0.1,donor_template,747,1.0033068917761316,0.06997735386078448
20240701,0,9,0.1,nearest_visible_surface,747,0.8048023741702756,0.06001359343064172
20240701,0,9,0.1,six_neighbor_depth_shared_shape,747,0.7834899786011509,0.059151279554340734
20240701,0,9,0.1,six_neighbor_surface,747,0.7827186894483973,0.05880912048464124
20240701,0,9,0.2,donor_template,665,0.9244336969873688,0.06524200608946598
20240701,0,9,0.2,nearest_visible_surface,665,0.7252803995414645,0.053781907434471546
20240701,0,9,0.2,six_neighbor_depth_shared_shape,665,0.6905144489460389,0.050511767114898076
20240701,0,9,0.2,six_neighbor_surface,665,0.6796171578224511,0.049356993444597395
20240701,0,9,0.4,donor_template,500,0.872049617913353,0.062491543242601796
20240701,0,9,0.4,nearest_visible_surface,500,0.6668435604349835,0.04815176571095976
20240701,0,9,0.4,six_neighbor_depth_shared_shape,500,0.5902752636643802,0.04329155661746619
20240701,0,9,0.4,six_neighbor_surface,500,0.5997201876339381,0.04343052680320392
20240701,0,10,0.01,donor_template,823,1.0684744158109902,0.07504227917768912
20240701,0,10,0.01,nearest_visible_surface,823,1.6788788903460343,0.13149856293743217
20240701,0,10,0.01,six_neighbor_depth_shared_shape,823,1.3991981702596759,0.10398992748095857
20240701,0,10,0.01,six_neighbor_surface,823,1.37372199977432,0.1016380995671143
20240701,0,10,0.02,donor_template,815,0.9478177082491788,0.06883763942562957
20240701,0,10,0.02,nearest_visible_surface,815,1.1781210520784573,0.08689341175383015
20240701,0,10,0.02,six_neighbor_depth_shared_shape,815,1.1677469539928163,0.08515447514060218
20240701,0,10,0.02,six_neighbor_surface,815,1.1627423160488937,0.08448475164498293
20240701,0,10,0.05,donor_template,789,0.9364206160637982,0.06570216928946163
20240701,0,10,0.05,nearest_visible_surface,789,0.9291239658622404,0.06761802268731601
20240701,0,10,0.05,six_neighbor_depth_shared_shape,789,0.9291057673918386,0.0687677697282727
20240701,0,10,0.05,six_neighbor_surface,789,0.936439541571523,0.0676981804840571
20240701,0,10,0.1,donor_template,747,0.9369445413943486,0.06653087887088364
20240701,0,10,0.1,nearest_visible_surface,747,0.8651588255554168,0.06254967425772613
20240701,0,10,0.1,six_neighbor_depth_shared_shape,747,0.8436683045680317,0.0620276784579752
20240701,0,10,0.1,six_neighbor_surface,747,0.8439954460470216,0.06345101364245387
20240701,0,10,0.2,donor_template,665,0.9089878068210762,0.06358485335352275
20240701,0,10,0.2,nearest_visible_surface,665,0.738186450440643,0.0541846092647903
20240701,0,10,0.2,six_neighbor_depth_shared_shape,665,0.7287195230357251,0.05210759953163979
20240701,0,10,0.2,six_neighbor_surface,665,0.7570524161183303,0.05455088648564637
20240701,0,10,0.4,donor_template,497,0.8813874120484578,0.062478138012088305
20240701,0,10,0.4,nearest_visible_surface,497,0.6533752837267774,0.04886387593268846
20240701,0,10,0.4,six_neighbor_depth_shared_shape,497,0.6025131783410258,0.043677066826982816
20240701,0,10,0.4,six_neighbor_surface,497,0.5895463725836704,0.04353684009449034
20240701,0,11,0.01,donor_template,823,1.0620858789336116,0.07438913042988063
20240701,0,11,0.01,nearest_visible_surface,823,1.2966334198247917,0.09385957738033376
20240701,0,11,0.01,six_neighbor_depth_shared_shape,823,1.0253585655661657,0.07431031942255721
20240701,0,11,0.01,six_neighbor_surface,823,0.998409907376408,0.0733532236206722
20240701,0,11,0.02,donor_template,815,0.8651763118236303,0.06222567640202555
20240701,0,11,0.02,nearest_visible_surface,815,0.9225891601204358,0.06633388046310558
20240701,0,11,0.02,six_neighbor_depth_shared_shape,815,0.8713582739440504,0.06269100471027174
20240701,0,11,0.02,six_neighbor_surface,815,0.8798157911570906,0.06500734516180573
20240701,0,11,0.05,donor_template,789,0.8774765075470076,0.06211664337488682
20240701,0,11,0.05,nearest_visible_surface,789,0.8692080599441873,0.062247280090273804
20240701,0,11,0.05,six_neighbor_depth_shared_shape,789,0.8235413768882958,0.058846625127849196
20240701,0,11,0.05,six_neighbor_surface,789,0.8168104081641547,0.059351220213909435
20240701,0,11,0.1,donor_template,747,0.9367140511666477,0.06538274023266588
20240701,0,11,0.1,nearest_visible_surface,747,0.8711702301204638,0.06344439637009995
20240701,0,11,0.1,six_neighbor_depth_shared_shape,747,0.735697941057137,0.05350052496141364
20240701,0,11,0.1,six_neighbor_surface,747,0.7317933124202173,0.05418887486061743
20240701,0,11,0.2,donor_template,666,0.9439253574426919,0.06607666374582581
20240701,0,11,0.2,nearest_visible_surface,666,0.7630810952935603,0.05514976088413684
20240701,0,11,0.2,six_neighbor_depth_shared_shape,666,0.7030911970090716,0.051711637906643536
20240701,0,11,0.2,six_neighbor_surface,666,0.7126453686304508,0.052521509092673446
20240701,0,11,0.4,donor_template,501,0.9222501258480644,0.06418946396450001
20240701,0,11,0.4,nearest_visible_surface,501,0.6831100451248379,0.04959787070456396
20240701,0,11,0.4,six_neighbor_depth_shared_shape,501,0.5856580359145724,0.04226889340035103
20240701,0,11,0.4,six_neighbor_surface,501,0.5924871303674543,0.04339153182440067
20240701,0,12,0.01,donor_template,823,0.9055327671570379,0.06299788840612854
20240701,0,12,0.01,nearest_visible_surface,823,1.2058625999089365,0.08820576493561709
20240701,0,12,0.01,six_neighbor_depth_shared_shape,823,1.0152011091002842,0.07225966979750054
20240701,0,12,0.01,six_neighbor_surface,823,1.0781995323016436,0.07757294645309326
20240701,0,12,0.02,donor_template,815,0.8793522136488943,0.06271327577781358
20240701,0,12,0.02,nearest_visible_surface,815,1.0144452334264977,0.07261429559937649
20240701,0,12,0.02,six_neighbor_depth_shared_shape,815,0.8519809224089032,0.06067591206451967
20240701,0,12,0.02,six_neighbor_surface,815,0.930961317344105,0.06624389682606081
20240701,0,12,0.05,donor_template,790,0.8798122466444837,0.06365456002163213
20240701,0,12,0.05,nearest_visible_surface,790,0.9092423197720413,0.06461939697708252
20240701,0,12,0.05,six_neighbor_depth_shared_shape,790,0.8224605875748686,0.06048486221404067
20240701,0,12,0.05,six_neighbor_surface,790,0.8746798729426009,0.0630455693624106
20240701,0,12,0.1,donor_template,748,0.8940143265963074,0.06345319313684301
20240701,0,12,0.1,nearest_visible_surface,748,0.7272705115668932,0.05162428793620067
20240701,0,12,0.1,six_neighbor_depth_shared_shape,748,0.6667459626227129,0.04974466000542534
20240701,0,12,0.1,six_neighbor_surface,748,0.7074134980781588,0.050988858192642275
20240701,0,12,0.2,donor_template,666,0.8988150845666414,0.06431751201822676
20240701,0,12,0.2,nearest_visible_surface,666,0.6693367120068912,0.04805640000811725
20240701,0,12,0.2,six_neighbor_depth_shared_shape,666,0.6206928227776063,0.04568374748998523
20240701,0,12,0.2,six_neighbor_surface,666,0.6364960518824655,0.046871817673812065
20240701,0,12,0.4,donor_template,500,0.8823422022528394,0.0632835469294632
20240701,0,12,0.4,nearest_visible_surface,500,0.6719382175390344,0.048105358089590086
20240701,0,12,0.4,six_neighbor_depth_shared_shape,500,0.6313505889388213,0.04529281110116949
20240701,0,12,0.4,six_neighbor_surface,500,0.6200278811074224,0.04516998451003623
20240701,0,13,0.01,donor_template,823,0.9859959513260769,0.07076991825573874
20240701,0,13,0.01,nearest_visible_surface,823,1.5559801907536046,0.11260791595580355
20240701,0,13,0.01,six_neighbor_depth_shared_shape,823,1.5385977511240858,0.11413870563800466
20240701,0,13,0.01,six_neighbor_surface,823,1.5356444655587722,0.11476473344766155
20240701,0,13,0.02,donor_template,815,0.9546281270197124,0.06669896923299283
20240701,0,13,0.02,nearest_visible_surface,815,1.1159377362421932,0.07984146138431762
20240701,0,13,0.02,six_neighbor_depth_shared_shape,815,1.0955553053488618,0.07892074341440518
20240701,0,13,0.02,six_neighbor_surface,815,1.1011901138835705,0.08118528927683505
20240701,0,13,0.05,donor_template,789,0.9078487683773424,0.06411112354148885
20240701,0,13,0.05,nearest_visible_surface,789,1.110879188333342,0.08026335309147947
20240701,0,13,0.05,six_neighbor_depth_shared_shape,789,0.9386472119519468,0.06772181274893571
20240701,0,13,0.05,six_neighbor_surface,789,0.937603445874733,0.06861076000984939
20240701,0,13,0.1,donor_template,747,0.9426841702891584,0.06705045217834253
20240701,0,13,0.1,nearest_visible_surface,747,0.9238454376247731,0.06845614695046116
20240701,0,13,0.1,six_neighbor_depth_shared_shape,747,0.8842018484316565,0.06272537412768979
20240701,0,13,0.1,six_neighbor_surface,747,0.8912745349711231,0.06419148367949655
20240701,0,13,0.2,donor_template,665,0.9138042608425478,0.06625549445705334
20240701,0,13,0.2,nearest_visible_surface,665,0.739070403323124,0.0538619898366189
20240701,0,13,0.2,six_neighbor_depth_shared_shape,665,0.7105802429355093,0.05231402508272753
20240701,0,13,0.2,six_neighbor_surface,665,0.7144881134006797,0.051408888415197404
20240701,0,13,0.4,donor_template,500,0.9012730463551748,0.06241245014855819
20240701,0,13,0.4,nearest_visible_surface,500,0.7563071848279452,0.05487230511102936
20240701,0,13,0.4,six_neighbor_depth_shared_shape,500,0.6271497833485962,0.04586333252848541
20240701,0,13,0.4,six_neighbor_surface,500,0.6405924458914267,0.047338758766649044
20240701,0,14,0.01,donor_template,823,1.2184401777126552,0.0877506780189457
20240701,0,14,0.01,nearest_visible_surface,823,1.7882193951949361,0.13148639912935137
20240701,0,14,0.01,six_neighbor_depth_shared_shape,823,1.710448920311411,0.12536489409836446
20240701,0,14,0.01,six_neighbor_surface,823,1.752153520291923,0.13177304243583687
20240701,0,14,0.02,donor_template,815,1.0944003717850062,0.07948903818659088
20240701,0,14,0.02,nearest_visible_surface,815,1.3370859009142209,0.10307082503237938
20240701,0,14,0.02,six_neighbor_depth_shared_shape,815,1.0565479341167938,0.08007639748717679
20240701,0,14,0.02,six_neighbor_surface,815,1.1661487021006633,0.08545526234152398
20240701,0,14,0.05,donor_template,790,1.0131938217317429,0.07267078697019894
20240701,0,14,0.05,nearest_visible_surface,790,0.8710519831864005,0.0630007163405282
20240701,0,14,0.05,six_neighbor_depth_shared_shape,790,0.7934011705939077,0.058699140468736394
20240701,0,14,0.05,six_neighbor_surface,790,0.8250242946335682,0.05887544840310982
20240701,0,14,0.1,donor_template,749,0.9659988974268992,0.06922792730808312
20240701,0,14,0.1,nearest_visible_surface,749,0.8558715874521552,0.061553426788939124
20240701,0,14,0.1,six_neighbor_depth_shared_shape,749,0.7739298185676559,0.05842019686883708
20240701,0,14,0.1,six_neighbor_surface,749,0.8059901188601643,0.059487120644614505
20240701,0,14,0.2,donor_template,667,0.9555326887771945,0.06890037720186523
20240701,0,14,0.2,nearest_visible_surface,667,0.7353699646751778,0.05371555204507235
20240701,0,14,0.2,six_neighbor_depth_shared_shape,667,0.677230456783701,0.048918660676534415
20240701,0,14,0.2,six_neighbor_surface,667,0.6847306607370631,0.05035121533534655
20240701,0,14,0.4,donor_template,501,0.9552455625253965,0.06703999483578559
20240701,0,14,0.4,nearest_visible_surface,501,0.665696756620993,0.049332801954967205
20240701,0,14,0.4,six_neighbor_depth_shared_shape,501,0.5745880679476796,0.04149129722320512
20240701,0,14,0.4,six_neighbor_surface,501,0.585140678636271,0.041751982450080175
20240701,0,15,0.01,donor_template,823,0.8781936539717148,0.06260032398113041
20240701,0,15,0.01,nearest_visible_surface,823,1.0793763174781064,0.07663685312152971
20240701,0,15,0.01,six_neighbor_depth_shared_shape,823,0.9922478272290846,0.06871322982279393
20240701,0,15,0.01,six_neighbor_surface,823,0.9989881702318322,0.06982988212724138
20240701,0,15,0.02,donor_template,815,0.993560327588949,0.07038794171788643
20240701,0,15,0.02,nearest_visible_surface,815,1.288462191026161,0.09535734308797948
20240701,0,15,0.02,six_neighbor_depth_shared_shape,815,1.167101574262242,0.08336668391671771
20240701,0,15,0.02,six_neighbor_surface,815,1.1864034007906714,0.08553672735754848
20240701,0,15,0.05,donor_template,789,0.9388285356006951,0.06550592555164099
20240701,0,15,0.05,nearest_visible_surface,789,1.0470994431457041,0.07733014336433205
20240701,0,15,0.05,six_neighbor_depth_shared_shape,789,0.991790178947196,0.07366827018750853
20240701,0,15,0.05,six_neighbor_surface,789,0.9816510936901329,0.07241266561788226
20240701,0,15,0.1,donor_template,747,0.8954216963142246,0.06340296747950962
20240701,0,15,0.1,nearest_visible_surface,747,0.7903943337819422,0.05822248089559894
20240701,0,15,0.1,six_neighbor_depth_shared_shape,747,0.7947419271836837,0.05816347710386322
20240701,0,15,0.1,six_neighbor_surface,747,0.8035271380411098,0.059071554571427314
20240701,0,15,0.2,donor_template,664,0.8947665930110043,0.06326753171003412
20240701,0,15,0.2,nearest_visible_surface,664,0.718001685060219,0.053205054127814004
20240701,0,15,0.2,six_neighbor_depth_shared_shape,664,0.7220212906123347,0.05258876951685548
20240701,0,15,0.2,six_neighbor_surface,664,0.6834771183663817,0.05123308396267938
20240701,0,15,0.4,donor_template,495,0.9380634553554488,0.06536513671787517
20240701,0,15,0.4,nearest_visible_surface,495,0.6526029101538522,0.0494473101708049
20240701,0,15,0.4,six_neighbor_depth_shared_shape,495,0.6083550932022185,0.04524771538684627
20240701,0,15,0.4,six_neighbor_surface,495,0.6093994854090407,0.04430623998199578
20240701,0,16,0.01,donor_template,824,0.8866181631574468,0.06359602595228364
20240701,0,16,0.01,nearest_visible_surface,824,1.0087401638343674,0.07026009467349655
20240701,0,16,0.01,six_neighbor_depth_shared_shape,824,0.9168565228717616,0.06505304049012589
20240701,0,16,0.01,six_neighbor_surface,824,0.9206254701389192,0.06520656663252139
20240701,0,16,0.02,donor_template,816,0.9066245686635279,0.06380865402620037
20240701,0,16,0.02,nearest_visible_surface,816,0.9544075993154499,0.06933072633606782
20240701,0,16,0.02,six_neighbor_depth_shared_shape,816,0.903931573591928,0.06561650757790308
20240701,0,16,0.02,six_neighbor_surface,816,0.9687557813494866,0.06926688905500746
20240701,0,16,0.05,donor_template,790,0.9426079742746831,0.06569701428628824
20240701,0,16,0.05,nearest_visible_surface,790,0.8105581610083641,0.05901329537153091
20240701,0,16,0.05,six_neighbor_depth_shared_shape,790,0.809235384767161,0.05799917514588433
20240701,0,16,0.05,six_neighbor_surface,790,0.8465398398100643,0.06107548813981509
20240701,0,16,0.1,donor_template,748,0.8785067710599463,0.0629001566505514
20240701,0,16,0.1,nearest_visible_surface,748,0.7910167797609539,0.058446722977761566
20240701,0,16,0.1,six_neighbor_depth_shared_shape,748,0.7799543292452668,0.05703498309593624
20240701,0,16,0.1,six_neighbor_surface,748,0.7794460133264816,0.05770903975339413
20240701,0,16,0.2,donor_template,666,0.8904818106579893,0.06385645256333336
20240701,0,16,0.2,nearest_visible_surface,666,0.785444705484259,0.05622457360373749
20240701,0,16,0.2,six_neighbor_depth_shared_shape,666,0.7936685011037155,0.05747884982259381
20240701,0,16,0.2,six_neighbor_surface,666,0.7780490441827486,0.05816643815208886
20240701,0,16,0.4,donor_template,499,0.9202058476486934,0.06585011111006679
20240701,0,16,0.4,nearest_visible_surface,499,0.6817349033989668,0.048443332379760604
20240701,0,16,0.4,six_neighbor_depth_shared_shape,499,0.5901111770741885,0.04467179843873985
20240701,0,16,0.4,six_neighbor_surface,499,0.6135600083025584,0.04513859004632093
20240701,0,17,0.01,donor_template,823,1.176785162395457,0.0855814503497037
20240701,0,17,0.01,nearest_visible_surface,823,1.2877010567137421,0.09545255879091868
20240701,0,17,0.01,six_neighbor_depth_shared_shape,823,1.26990518575274,0.0949384403344029
20240701,0,17,0.01,six_neighbor_surface,823,1.2781266383564085,0.09663487593145749
20240701,0,17,0.02,donor_template,815,0.9733509716273726,0.06911795685874472
20240701,0,17,0.02,nearest_visible_surface,815,1.275540172294619,0.09227505057305842
20240701,0,17,0.02,six_neighbor_depth_shared_shape,815,1.054923783795761,0.07702795084512673
20240701,0,17,0.02,six_neighbor_surface,815,1.078883968077651,0.07829135365415865
20240701,0,17,0.05,donor_template,791,1.0553164232002241,0.07479786875939537
20240701,0,17,0.05,nearest_visible_surface,791,1.050520731353004,0.07636242941457727
20240701,0,17,0.05,six_neighbor_depth_shared_shape,791,0.9426656793020947,0.07030192097546129
20240701,0,17,0.05,six_neighbor_surface,791,0.9879472904855731,0.07173045526958088
20240701,0,17,0.1,donor_template,749,0.9897746733184252,0.07116114369928751
20240701,0,17,0.1,nearest_visible_surface,749,0.8505131947744707,0.06193429122576065
20240701,0,17,0.1,six_neighbor_depth_shared_shape,749,0.7653392213078102,0.05696040871456781
20240701,0,17,0.1,six_neighbor_surface,749,0.8131169649173691,0.060030026913136865
20240701,0,17,0.2,donor_template,667,0.9470522836746426,0.06717601302499442
20240701,0,17,0.2,nearest_visible_surface,667,0.7073836813095801,0.05188197066664819
20240701,0,17,0.2,six_neighbor_depth_shared_shape,667,0.6824323819547178,0.048351854130750535
20240701,0,17,0.2,six_neighbor_surface,667,0.6797149761524451,0.048981152520562135
20240701,0,17,0.4,donor_template,499,0.9359965871612662,0.06538337269301941
20240701,0,17,0.4,nearest_visible_surface,499,0.6980896673466171,0.0499448096290065
20240701,0,17,0.4,six_neighbor_depth_shared_shape,499,0.6341379866809403,0.046350729220384135
20240701,0,17,0.4,six_neighbor_surface,499,0.6140703231024747,0.046342944915035905
20240701,0,18,0.01,donor_template,823,0.9292520676481729,0.06546791778096224
20240701,0,18,0.01,nearest_visible_surface,823,1.0136257646481295,0.07307818688277878
20240701,0,18,0.01,six_neighbor_depth_shared_shape,823,0.8926861936870641,0.06401950470029098
20240701,0,18,0.01,six_neighbor_surface,823,0.9525983056137967,0.06890891857753494
20240701,0,18,0.02,donor_template,815,0.9573446357295938,0.0695286683301831
20240701,0,18,0.02,nearest_visible_surface,815,1.1353018575096727,0.0820166829033138
20240701,0,18,0.02,six_neighbor_depth_shared_shape,815,0.9155814515641871,0.06664102251684453
20240701,0,18,0.02,six_neighbor_surface,815,0.9426781936545374,0.06772794378887427
20240701,0,18,0.05,donor_template,789,0.9698271537522196,0.06955509052924573
20240701,0,18,0.05,nearest_visible_surface,789,0.8664435756046267,0.06312919304215435
20240701,0,18,0.05,six_neighbor_depth_shared_shape,789,0.8774908191484119,0.06368147388810036
20240701,0,18,0.05,six_neighbor_surface,789,0.8933392397437201,0.06453034122449729
20240701,0,18,0.1,donor_template,749,0.9297113900540187,0.06434372640613065
20240701,0,18,0.1,nearest_visible_surface,749,0.8301837280704609,0.05984659835839952
20240701,0,18,0.1,six_neighbor_depth_shared_shape,749,0.7392374423627904,0.05313053263836883
20240701,0,18,0.1,six_neighbor_surface,749,0.752741156420463,0.0547466730734763
20240701,0,18,0.2,donor_template,666,0.9657341763341214,0.06748834520087467
20240701,0,18,0.2,nearest_visible_surface,666,0.7954912281780318,0.056816618342477795
20240701,0,18,0.2,six_neighbor_depth_shared_shape,666,0.7062476968366473,0.05010724407337884
20240701,0,18,0.2,six_neighbor_surface,666,0.7387279623979406,0.05239107489459614
20240701,0,18,0.4,donor_template,501,0.9610953765112488,0.06682067158863034
20240701,0,18,0.4,nearest_visible_surface,501,0.7120220758179759,0.051587561268557416
20240701,0,18,0.4,six_neighbor_depth_shared_shape,501,0.6545489452883628,0.0472103845010702
20240701,0,18,0.4,six_neighbor_surface,501,0.6704071879129476,0.04793447686473137
20240701,0,19,0.01,donor_template,823,1.1509853661758482,0.0837927540407783
20240701,0,19,0.01,nearest_visible_surface,823,1.54681637274263,0.11783980745822889
20240701,0,19,0.01,six_neighbor_depth_shared_shape,823,1.2420123770335494,0.09222141778314782
20240701,0,19,0.01,six_neighbor_surface,823,1.2444091402658701,0.09193101997368007
20240701,0,19,0.02,donor_template,815,1.1159288985334843,0.08044516753709555
20240701,0,19,0.02,nearest_visible_surface,815,1.338037457201665,0.09657568733617138
20240701,0,19,0.02,six_neighbor_depth_shared_shape,815,1.0442657717224662,0.07429750565739913
20240701,0,19,0.02,six_neighbor_surface,815,1.049486108925987,0.07566666606172685
20240701,0,19,0.05,donor_template,789,1.009335448212732,0.07084984565436085
20240701,0,19,0.05,nearest_visible_surface,789,0.8987309295502717,0.06496371004984526
20240701,0,19,0.05,six_neighbor_depth_shared_shape,789,0.8496087137788898,0.06185642309185926
20240701,0,19,0.05,six_neighbor_surface,789,0.8644118304841356,0.06240095042152609
20240701,0,19,0.1,donor_template,748,0.958456387494441,0.0678211725969386
20240701,0,19,0.1,nearest_visible_surface,748,0.809853955424551,0.05932807018537849
20240701,0,19,0.1,six_neighbor_depth_shared_shape,748,0.7760832711670237,0.055418881160892816
20240701,0,19,0.1,six_neighbor_surface,748,0.8055360390535117,0.05744480540654916
20240701,0,19,0.2,donor_template,666,0.9281927007393732,0.06588243346080747
20240701,0,19,0.2,nearest_visible_surface,666,0.7498199246722166,0.05342884340172997
20240701,0,19,0.2,six_neighbor_depth_shared_shape,666,0.6846402375664944,0.04875150811675162
20240701,0,19,0.2,six_neighbor_surface,666,0.693150799246584,0.0495642278499498
20240701,0,19,0.4,donor_template,502,0.891702451573279,0.06279872167992316
20240701,0,19,0.4,nearest_visible_surface,502,0.6365985878954332,0.04699797297341131
20240701,0,19,0.4,six_neighbor_depth_shared_shape,502,0.6159615487654584,0.04447944044040422
20240701,0,19,0.4,six_neighbor_surface,502,0.5905718843432768,0.04275894556886824
20240701,0,20,0.01,donor_template,823,0.979097919925105,0.06935198933186591
20240701,0,20,0.01,nearest_visible_surface,823,1.085668452725581,0.07797162789686297
20240701,0,20,0.01,six_neighbor_depth_shared_shape,823,0.9241517866568334,0.06696514944871965
20240701,0,20,0.01,six_neighbor_surface,823,0.9918856195059486,0.06953568232087746
20240701,0,20,0.02,donor_template,815,0.863053581405769,0.0621765258623791
20240701,0,20,0.02,nearest_visible_surface,815,1.0590350952800995,0.07709256206584666
20240701,0,20,0.02,six_neighbor_depth_shared_shape,815,0.8610314647042917,0.06183773661000451
20240701,0,20,0.02,six_neighbor_surface,815,0.9436729221239013,0.06743058234700657
20240701,0,20,0.05,donor_template,790,0.9004065779311411,0.062875132119774
20240701,0,20,0.05,nearest_visible_surface,790,0.8855586468950314,0.06656214697694854
20240701,0,20,0.05,six_neighbor_depth_shared_shape,790,0.8057251391625977,0.05908454983960186
20240701,0,20,0.05,six_neighbor_surface,790,0.824830781236761,0.060879024747137196
20240701,0,20,0.1,donor_template,748,0.877993623899745,0.06366978610567654
20240701,0,20,0.1,nearest_visible_surface,748,0.7876546606692734,0.05792041354268333
20240701,0,20,0.1,six_neighbor_depth_shared_shape,748,0.7131957297301503,0.051109296385853854
20240701,0,20,0.1,six_neighbor_surface,748,0.6986233928059553,0.04983668907464707
20240701,0,20,0.2,donor_template,665,0.905433453057984,0.06394264273956253
20240701,0,20,0.2,nearest_visible_surface,665,0.7443887566631182,0.053300461468630475
20240701,0,20,0.2,six_neighbor_depth_shared_shape,665,0.677563377720459,0.04950126983744055
20240701,0,20,0.2,six_neighbor_surface,665,0.696136674985506,0.05141303478197948
20240701,0,20,0.4,donor_template,500,0.9568399851044976,0.06697072470755595
20240701,0,20,0.4,nearest_visible_surface,500,0.7425434015768435,0.05272968896083015
20240701,0,20,0.4,six_neighbor_depth_shared_shape,500,0.6541133470587074,0.048239724356798255
20240701,0,20,0.4,six_neighbor_surface,500,0.5836914195557108,0.04592856638713343
20240701,0,21,0.01,donor_template,823,0.8781437141438568,0.06272312629153676
20240701,0,21,0.01,nearest_visible_surface,823,1.0327422538477058,0.0733520075914201
20240701,0,21,0.01,six_neighbor_depth_shared_shape,823,0.922256831329662,0.06505749170131762
20240701,0,21,0.01,six_neighbor_surface,823,0.9270835494510302,0.06536271040001346
20240701,0,21,0.02,donor_template,815,0.8839533051486993,0.06252096660768892
20240701,0,21,0.02,nearest_visible_surface,815,1.0055563541181969,0.07314951356911173
20240701,0,21,0.02,six_neighbor_depth_shared_shape,815,0.8770363104104042,0.06209213413915535
20240701,0,21,0.02,six_neighbor_surface,815,0.8653952528324328,0.062108111626299235
20240701,0,21,0.05,donor_template,789,0.9003440433760974,0.06452172349414124
20240701,0,21,0.05,nearest_visible_surface,789,0.9568065695033873,0.06856565952264496
20240701,0,21,0.05,six_neighbor_depth_shared_shape,789,0.8560094680782924,0.06172243753133412
20240701,0,21,0.05,six_neighbor_surface,789,0.880512802056495,0.06304967695162159
20240701,0,21,0.1,donor_template,747,0.8944365776375951,0.06426298499502625
20240701,0,21,0.1,nearest_visible_surface,747,0.8007302994646022,0.05880548036806223
20240701,0,21,0.1,six_neighbor_depth_shared_shape,747,0.7299621077723851,0.052972773215071274
20240701,0,21,0.1,six_neighbor_surface,747,0.7450230562339677,0.053461039219320494
20240701,0,21,0.2,donor_template,664,0.8772483770397302,0.06280845576213785
20240701,0,21,0.2,nearest_visible_surface,664,0.7675819050619987,0.05477685047219133
20240701,0,21,0.2,six_neighbor_depth_shared_shape,664,0.6412139671134038,0.04617192760497957
20240701,0,21,0.2,six_neighbor_surface,664,0.6400551362610102,0.046200752714376216
20240701,0,21,0.4,donor_template,497,0.8647804292214675,0.06129605887358133
20240701,0,21,0.4,nearest_visible_surface,497,0.7274341273738549,0.053422028120642916
20240701,0,21,0.4,six_neighbor_depth_shared_shape,497,0.5926358835458406,0.04205241064061584
20240701,0,21,0.4,six_neighbor_surface,497,0.5737288318900442,0.04152248721221061
20240701,0,22,0.01,donor_template,823,0.8993160644341882,0.06339370597360922
20240701,0,22,0.01,nearest_visible_surface,823,1.1618324472922479,0.08329616645467829
20240701,0,22,0.01,six_neighbor_depth_shared_shape,823,1.0376461505727845,0.07879351236609669
20240701,0,22,0.01,six_neighbor_surface,823,1.0621544878738727,0.07884727737131915
20240701,0,22,0.02,donor_template,815,0.9664033190470728,0.06738120843241403
20240701,0,22,0.02,nearest_visible_surface,815,1.1272033777497976,0.08089964668465496
20240701,0,22,0.02,six_neighbor_depth_shared_shape,815,0.8823540381415592,0.06535994262635275
20240701,0,22,0.02,six_neighbor_surface,815,0.9042572008173586,0.06568988503624211
20240701,0,22,0.05,donor_template,790,0.9676668391322099,0.06800441034029023
20240701,0,22,0.05,nearest_visible_surface,790,0.867350224597008,0.06215006183060347
20240701,0,22,0.05,six_neighbor_depth_shared_shape,790,0.7781336285243823,0.056879691101223054
20240701,0,22,0.05,six_neighbor_surface,790,0.8002204610896755,0.05848074446899558
20240701,0,22,0.1,donor_template,748,0.9312556844686896,0.06477784736818133
20240701,0,22,0.1,nearest_visible_surface,748,0.8051965725583308,0.059968799060870215
20240701,0,22,0.1,six_neighbor_depth_shared_shape,748,0.7741593717558765,0.05638435773325235
20240701,0,22,0.1,six_neighbor_surface,748,0.7831693627604035,0.05802242757407593
20240701,0,22,0.2,donor_template,666,0.8837780161099236,0.06248464654655325
20240701,0,22,0.2,nearest_visible_surface,666,0.7459794648310596,0.054936498815108564
20240701,0,22,0.2,six_neighbor_depth_shared_shape,666,0.6774558361888334,0.050055493893529784
20240701,0,22,0.2,six_neighbor_surface,666,0.691786305507671,0.05103055296599485
20240701,0,22,0.4,donor_template,499,0.8810646926048525,0.06142899087667161
20240701,0,22,0.4,nearest_visible_surface,499,0.6250521744596458,0.04634245409860882
20240701,0,22,0.4,six_neighbor_depth_shared_shape,499,0.5729711388089167,0.04298671329399566
20240701,0,22,0.4,six_neighbor_surface,499,0.565648057613869,0.04075677153285757
20240701,0,23,0.01,donor_template,823,0.8997304298845628,0.06294346997305707
20240701,0,23,0.01,nearest_visible_surface,823,1.0774317855011384,0.07721472654890187
20240701,0,23,0.01,six_neighbor_depth_shared_shape,823,0.9015971878012171,0.06432302221863662
20240701,0,23,0.01,six_neighbor_surface,823,0.9316738116485633,0.0667483240830867
20240701,0,23,0.02,donor_template,815,0.8731273855760396,0.06183472471006774
20240701,0,23,0.02,nearest_visible_surface,815,1.232030449870216,0.09304049795687923
20240701,0,23,0.02,six_neighbor_depth_shared_shape,815,0.9506609825346203,0.07126895328938895
20240701,0,23,0.02,six_neighbor_surface,815,0.9679506648293014,0.07206492413395002
20240701,0,23,0.05,donor_template,789,0.9079456884059101,0.06338965746665934
20240701,0,23,0.05,nearest_visible_surface,789,0.9752075702667079,0.07416749888152784
20240701,0,23,0.05,six_neighbor_depth_shared_shape,789,0.8614015472701333,0.06371186411787101
20240701,0,23,0.05,six_neighbor_surface,789,0.8870450002628606,0.06548620376407412
20240701,0,23,0.1,donor_template,747,0.9371109179446742,0.06528120550441459
20240701,0,23,0.1,nearest_visible_surface,747,0.8189732085368497,0.05890353794800233
20240701,0,23,0.1,six_neighbor_depth_shared_shape,747,0.7711351648014848,0.05832279746630248
20240701,0,23,0.1,six_neighbor_surface,747,0.8122691277052819,0.06081767580199632
20240701,0,23,0.2,donor_template,663,0.9015432214878292,0.06345740135546693
20240701,0,23,0.2,nearest_visible_surface,663,0.7133194813715135,0.05251596840320272
20240701,0,23,0.2,six_neighbor_depth_shared_shape,663,0.6810488851264123,0.049944772926820195
20240701,0,23,0.2,six_neighbor_surface,663,0.7097788307874849,0.05097549629710355
20240701,0,23,0.4,donor_template,495,0.8851113064817973,0.06243372524015609
20240701,0,23,0.4,nearest_visible_surface,495,0.6569786153481388,0.04906534185149965
20240701,0,23,0.4,six_neighbor_depth_shared_shape,495,0.6301896589020387,0.04674178808788815
20240701,0,23,0.4,six_neighbor_surface,495,0.6130042812440859,0.045687460551191494
20240701,0,24,0.01,donor_template,823,0.9101216966962191,0.06457142449944983
20240701,0,24,0.01,nearest_visible_surface,823,1.3303908637144244,0.0951938644348507
20240701,0,24,0.01,six_neighbor_depth_shared_shape,823,1.046958729570711,0.07430559200241352
20240701,0,24,0.01,six_neighbor_surface,823,1.0492316826849806,0.07665768587606751
20240701,0,24,0.02,donor_template,815,0.9189304807188591,0.06473701392296283
20240701,0,24,0.02,nearest_visible_surface,815,1.0923024138062702,0.07780180524297349
20240701,0,24,0.02,six_neighbor_depth_shared_shape,815,0.9267451258992341,0.06565534059793239
20240701,0,24,0.02,six_neighbor_surface,815,0.9334516990375927,0.06955803019166915
20240701,0,24,0.05,donor_template,789,0.9305566665984129,0.06557472375476653
20240701,0,24,0.05,nearest_visible_surface,789,0.9703316013309925,0.07012283621016721
20240701,0,24,0.05,six_neighbor_depth_shared_shape,789,0.8203063411724751,0.06025360667813985
20240701,0,24,0.05,six_neighbor_surface,789,0.8640460170116165,0.06280643626220607
20240701,0,24,0.1,donor_template,747,0.9366195706404407,0.06587659208620093
20240701,0,24,0.1,nearest_visible_surface,747,0.8054433870487325,0.05846747462221504
20240701,0,24,0.1,six_neighbor_depth_shared_shape,747,0.7248758960537778,0.05437250396916897
20240701,0,24,0.1,six_neighbor_surface,747,0.7417467795598895,0.05501991767045248
20240701,0,24,0.2,donor_template,666,0.95964214063188,0.06761593265330082
20240701,0,24,0.2,nearest_visible_surface,666,0.7225161139512132,0.05314757055034257
20240701,0,24,0.2,six_neighbor_depth_shared_shape,666,0.6743841341995218,0.049263754168363
20240701,0,24,0.2,six_neighbor_surface,666,0.6901480482022637,0.05084512650438018
20240701,0,24,0.4,donor_template,500,0.9261280274718705,0.0647348470425437
20240701,0,24,0.4,nearest_visible_surface,500,0.7168191885823026,0.053114822194603756
20240701,0,24,0.4,six_neighbor_depth_shared_shape,500,0.542837485448024,0.04140272873189717
20240701,0,24,0.4,six_neighbor_surface,500,0.5370971148096739,0.03954891518552833
20240701,1,0,0.01,donor_template,838,0.9403987318462345,0.06826854137029068
20240701,1,0,0.01,nearest_visible_surface,838,1.089436713710548,0.07875563826658977
20240701,1,0,0.01,six_neighbor_depth_shared_shape,838,0.8005601989334127,0.057172928529132735
20240701,1,0,0.01,six_neighbor_surface,838,0.7856463572966665,0.05519556097768708
20240701,1,0,0.02,donor_template,829,0.9078644908124147,0.06404444256455104
20240701,1,0,0.02,nearest_visible_surface,829,0.8863925798623252,0.06490710821690554
20240701,1,0,0.02,six_neighbor_depth_shared_shape,829,0.765839579652399,0.0540330271346739
20240701,1,0,0.02,six_neighbor_surface,829,0.7916689499907279,0.0567634456818448
20240701,1,0,0.05,donor_template,805,0.8671821258266182,0.06281197104365599
20240701,1,0,0.05,nearest_visible_surface,805,0.9566385687375509,0.07054296559986105
20240701,1,0,0.05,six_neighbor_depth_shared_shape,805,0.7862101148604422,0.05692394436551601
20240701,1,0,0.05,six_neighbor_surface,805,0.8668615278433358,0.06415773840369501
20240701,1,0,0.1,donor_template,762,0.8635934595234118,0.06213028236359259
20240701,1,0,0.1,nearest_visible_surface,762,0.9008485889181717,0.06591907062272633
20240701,1,0,0.1,six_neighbor_depth_shared_shape,762,0.7250581246166043,0.05278234068119161
20240701,1,0,0.1,six_neighbor_surface,762,0.7390428235848417,0.05495027200314168
20240701,1,0,0.2,donor_template,677,0.8782682635912157,0.0628398969844378
20240701,1,0,0.2,nearest_visible_surface,677,0.7028752270370288,0.05180927836149191
20240701,1,0,0.2,six_neighbor_depth_shared_shape,677,0.6193787344873981,0.04437860653666365
20240701,1,0,0.2,six_neighbor_surface,677,0.622743468405105,0.044724315834524214
20240701,1,0,0.4,donor_template,506,0.8751072602350892,0.06306909701044541
20240701,1,0,0.4,nearest_visible_surface,506,0.6430048185135858,0.04709683717833235
20240701,1,0,0.4,six_neighbor_depth_shared_shape,506,0.5797153421758802,0.043252336506866954
20240701,1,0,0.4,six_neighbor_surface,506,0.5835041428162197,0.04351802121106195
20240701,1,1,0.01,donor_template,838,0.924561135996731,0.06474765304210583
20240701,1,1,0.01,nearest_visible_surface,838,1.1945527264869125,0.08777317101576673
20240701,1,1,0.01,six_neighbor_depth_shared_shape,838,0.9258540455567892,0.06602170060101537
20240701,1,1,0.01,six_neighbor_surface,838,0.9690120963860898,0.06953566330170954
20240701,1,1,0.02,donor_template,829,0.9191299274413143,0.06538894517833442
20240701,1,1,0.02,nearest_visible_surface,829,1.2202450513356466,0.08935029348037271
20240701,1,1,0.02,six_neighbor_depth_shared_shape,829,0.9554896686807521,0.06984311146250599
20240701,1,1,0.02,six_neighbor_surface,829,0.983387016872449,0.07219372275661146
20240701,1,1,0.05,donor_template,804,0.8973102169114372,0.06541902521557039
20240701,1,1,0.05,nearest_visible_surface,804,0.8833521125758071,0.06556745964559721
20240701,1,1,0.05,six_neighbor_depth_shared_shape,804,0.7692200621905911,0.057088010409040504
20240701,1,1,0.05,six_neighbor_surface,804,0.827606868847298,0.059177304283321915
20240701,1,1,0.1,donor_template,761,0.8928040860705242,0.06377609797923679
20240701,1,1,0.1,nearest_visible_surface,761,0.8379971831737635,0.062109264047676985
20240701,1,1,0.1,six_neighbor_depth_shared_shape,761,0.751340108719951,0.054508406961353006
20240701,1,1,0.1,six_neighbor_surface,761,0.8036307359212209,0.05724920133168582
20240701,1,1,0.2,donor_template,677,0.9089802510623203,0.06415674036926913
20240701,1,1,0.2,nearest_visible_surface,677,0.7270146666362916,0.05353920760596979
20240701,1,1,0.2,six_neighbor_depth_shared_shape,677,0.6642740127744956,0.04913000048962939
20240701,1,1,0.2,six_neighbor_surface,677,0.675013525119345,0.05014197186735325
20240701,1,1,0.4,donor_template,507,0.8724516958664063,0.06284719902885884
20240701,1,1,0.4,nearest_visible_surface,507,0.6574828760120518,0.04954073303429845
20240701,1,1,0.4,six_neighbor_depth_shared_shape,507,0.5946049305047268,0.04357038796658933
20240701,1,1,0.4,six_neighbor_surface,507,0.5918151672239453,0.04353734694599448
20240701,1,2,0.01,donor_template,839,0.8601254627830823,0.06255046948692063
20240701,1,2,0.01,nearest_visible_surface,839,0.989194533617001,0.07215786015338967
20240701,1,2,0.01,six_neighbor_depth_shared_shape,839,0.8360081335625371,0.06000906487004829
20240701,1,2,0.01,six_neighbor_surface,839,0.8330595613017799,0.05939468092729516
20240701,1,2,0.02,donor_template,830,0.9084706996021014,0.06432284831514039
20240701,1,2,0.02,nearest_visible_surface,830,0.8181291953670127,0.06041514105524528
20240701,1,2,0.02,six_neighbor_depth_shared_shape,830,0.8090779985552693,0.05893564520362429
20240701,1,2,0.02,six_neighbor_surface,830,0.8027878953367378,0.05830868295830984
20240701,1,2,0.05,donor_template,805,0.8817885022868257,0.06362399755315934
20240701,1,2,0.05,nearest_visible_surface,805,0.8473463166537081,0.061704128993757636
20240701,1,2,0.05,six_neighbor_depth_shared_shape,805,0.7090098672271659,0.05195831243467962
20240701,1,2,0.05,six_neighbor_surface,805,0.7376183310726958,0.053417886296350206
20240701,1,2,0.1,donor_template,762,0.8907365686640601,0.06362359463008577
20240701,1,2,0.1,nearest_visible_surface,762,0.7523481040623401,0.05456995736833852
20240701,1,2,0.1,six_neighbor_depth_shared_shape,762,0.6613837023501365,0.047120958972132705
20240701,1,2,0.1,six_neighbor_surface,762,0.6826489021912776,0.049519744746070155
20240701,1,2,0.2,donor_template,678,0.8709555866708436,0.0620703812789911
20240701,1,2,0.2,nearest_visible_surface,678,0.7066609610524863,0.05290287570208867
20240701,1,2,0.2,six_neighbor_depth_shared_shape,678,0.6512966556029107,0.04795997327519081
20240701,1,2,0.2,six_neighbor_surface,678,0.6687196653278217,0.050119171617338754
20240701,1,2,0.4,donor_template,509,0.884308605609269,0.06273564620101961
20240701,1,2,0.4,nearest_visible_surface,509,0.6331944860222873,0.045781003964297254
20240701,1,2,0.4,six_neighbor_depth_shared_shape,509,0.5728538065762082,0.041555486339376904
20240701,1,2,0.4,six_neighbor_surface,509,0.5724340835995757,0.04126226761619119
20240701,1,3,0.01,donor_template,838,0.9125976733279086,0.06449794344120313
20240701,1,3,0.01,nearest_visible_surface,838,1.293732792644782,0.094489539433225
20240701,1,3,0.01,six_neighbor_depth_shared_shape,838,0.9194165894912467,0.06776925471014598
20240701,1,3,0.01,six_neighbor_surface,838,1.0192042032594206,0.07676122463344492
20240701,1,3,0.02,donor_template,829,0.877609962489238,0.06299606877012025
20240701,1,3,0.02,nearest_visible_surface,829,0.9647420699964976,0.07123547741406408
20240701,1,3,0.02,six_neighbor_depth_shared_shape,829,0.8174552135462413,0.06197439822180901
20240701,1,3,0.02,six_neighbor_surface,829,0.8304777398415168,0.06250924184578265
20240701,1,3,0.05,donor_template,804,0.8726299244617811,0.06251814670428234
20240701,1,3,0.05,nearest_visible_surface,804,1.0037596754020832,0.07534471966111461
20240701,1,3,0.05,six_neighbor_depth_shared_shape,804,0.783331495353055,0.05752799216970493
20240701,1,3,0.05,six_neighbor_surface,804,0.8128567116530223,0.06050822416316182
20240701,1,3,0.1,donor_template,761,0.8803421068230222,0.06306281885935676
20240701,1,3,0.1,nearest_visible_surface,761,0.7774966632282901,0.056872674148898225
20240701,1,3,0.1,six_neighbor_depth_shared_shape,761,0.6725652256785198,0.048995583277075955
20240701,1,3,0.1,six_neighbor_surface,761,0.6980291252543557,0.05141233402540531
20240701,1,3,0.2,donor_template,678,0.8852482189678538,0.06353209858273459
20240701,1,3,0.2,nearest_visible_surface,678,0.7170876934096941,0.053874369208486234
20240701,1,3,0.2,six_neighbor_depth_shared_shape,678,0.6199702773819015,0.044939962643884196
20240701,1,3,0.2,six_neighbor_surface,678,0.6256744449049423,0.045813717906590404
20240701,1,3,0.4,donor_template,510,0.8715339455641957,0.06310363381110433
20240701,1,3,0.4,nearest_visible_surface,510,0.667073926966558,0.04935620045865399
20240701,1,3,0.4,six_neighbor_depth_shared_shape,510,0.5746310282882617,0.043047024581170316
20240701,1,3,0.4,six_neighbor_surface,510,0.5725411739520343,0.041959825321702435
20240701,1,4,0.01,donor_template,838,0.9755193493614436,0.07012957831021531
20240701,1,4,0.01,nearest_visible_surface,838,1.4064940875147687,0.1054868664660788
20240701,1,4,0.01,six_neighbor_depth_shared_shape,838,1.1433314057244488,0.08275811962050911
20240701,1,4,0.01,six_neighbor_surface,838,1.3647774322520936,0.09898842901263569
20240701,1,4,0.02,donor_template,829,0.9341429896845038,0.06816553558939899
20240701,1,4,0.02,nearest_visible_surface,829,1.0130448988545184,0.07601450042415452
20240701,1,4,0.02,six_neighbor_depth_shared_shape,829,0.8297522454545361,0.059671992683629695
20240701,1,4,0.02,six_neighbor_surface,829,1.0394216659311992,0.0756429573702242
20240701,1,4,0.05,donor_template,804,0.8791182754081948,0.06284782484213507
20240701,1,4,0.05,nearest_visible_surface,804,0.8281093077262512,0.061439395196301566
20240701,1,4,0.05,six_neighbor_depth_shared_shape,804,0.8054985112987204,0.05939348492616868
20240701,1,4,0.05,six_neighbor_surface,804,0.8788618149255814,0.06363914816778085
20240701,1,4,0.1,donor_template,761,0.8831260072445707,0.06321926011793796
20240701,1,4,0.1,nearest_visible_surface,761,0.8132877977463261,0.059353583877768595
20240701,1,4,0.1,six_neighbor_depth_shared_shape,761,0.7181172638312279,0.05154273115694676
20240701,1,4,0.1,six_neighbor_surface,761,0.7800483094070951,0.058313990991654914
20240701,1,4,0.2,donor_template,676,0.8681470766511744,0.06276458546459648
20240701,1,4,0.2,nearest_visible_surface,676,0.7046967645410285,0.052557480776776966
20240701,1,4,0.2,six_neighbor_depth_shared_shape,676,0.6199191173511642,0.044428539667910244
20240701,1,4,0.2,six_neighbor_surface,676,0.6711466941264584,0.04757450888051217
20240701,1,4,0.4,donor_template,508,0.8827284090533886,0.06326000279388164
20240701,1,4,0.4,nearest_visible_surface,508,0.6321272481400584,0.046080552548824275
20240701,1,4,0.4,six_neighbor_depth_shared_shape,508,0.5634198597062667,0.041608141046374614
20240701,1,4,0.4,six_neighbor_surface,508,0.545652796424257,0.0410135941170486
20240701,1,5,0.01,donor_template,838,0.9872812890949023,0.07148953238962086
20240701,1,5,0.01,nearest_visible_surface,838,1.0864837058338455,0.07904962791830061
20240701,1,5,0.01,six_neighbor_depth_shared_shape,838,0.850385329664887,0.062419634121411625
20240701,1,5,0.01,six_neighbor_surface,838,0.9937925829696359,0.07299404289737019
20240701,1,5,0.02,donor_template,829,0.9523189989088586,0.06816480125526056
20240701,1,5,0.02,nearest_visible_surface,829,1.0172823139146423,0.07192072738146679
20240701,1,5,0.02,six_neighbor_depth_shared_shape,829,0.8749312462715606,0.06334705685057355
20240701,1,5,0.02,six_neighbor_surface,829,0.9936058753922481,0.07284273409881409
20240701,1,5,0.05,donor_template,804,0.9629820821761355,0.06802774652111895
20240701,1,5,0.05,nearest_visible_surface,804,0.8913681202544175,0.06688155363444309
20240701,1,5,0.05,six_neighbor_depth_shared_shape,804,0.777503680429932,0.05759438377353869
20240701,1,5,0.05,six_neighbor_surface,804,0.8529279132796852,0.0619589264518277
20240701,1,5,0.1,donor_template,761,0.9572680689612351,0.06838123900347409
20240701,1,5,0.1,nearest_visible_surface,761,0.8171444138801519,0.06039339336005376
20240701,1,5,0.1,six_neighbor_depth_shared_shape,761,0.712882868985206,0.052860558322541676
20240701,1,5,0.1,six_neighbor_surface,761,0.7914482646652463,0.05863081458862956
20240701,1,5,0.2,donor_template,676,0.9264748461028927,0.0656009984772078
20240701,1,5,0.2,nearest_visible_surface,676,0.7100358385320585,0.05204807459715158
20240701,1,5,0.2,six_neighbor_depth_shared_shape,676,0.6465665040427557,0.0484485912453433
20240701,1,5,0.2,six_neighbor_surface,676,0.6835571906007721,0.051232603816816547
20240701,1,5,0.4,donor_template,506,0.9191965135344268,0.06477355849349076
20240701,1,5,0.4,nearest_visible_surface,506,0.6585429459359282,0.04973478816708371
20240701,1,5,0.4,six_neighbor_depth_shared_shape,506,0.5986141009068491,0.04347126633566467
20240701,1,5,0.4,six_neighbor_surface,506,0.6050059152406311,0.04442518305156583
20240701,1,6,0.01,donor_template,838,1.279564453923197,0.09190765463941847
20240701,1,6,0.01,nearest_visible_surface,838,1.3188047422388665,0.09911218971888117
20240701,1,6,0.01,six_neighbor_depth_shared_shape,838,0.9863436855596037,0.07314695170683182
20240701,1,6,0.01,six_neighbor_surface,838,0.9954055013138836,0.07521538391436568
20240701,1,6,0.02,donor_template,829,0.9594323194077353,0.06916775200578303
20240701,1,6,0.02,nearest_visible_surface,829,1.0631749882111763,0.07634274463257192
20240701,1,6,0.02,six_neighbor_depth_shared_shape,829,0.8024461683949311,0.0595288845341542
20240701,1,6,0.02,six_neighbor_surface,829,0.8015336191919105,0.05821240429426984
20240701,1,6,0.05,donor_template,804,0.9227950682142664,0.06654538577984484
20240701,1,6,0.05,nearest_visible_surface,804,0.8976365395679817,0.0673835942121074
20240701,1,6,0.05,six_neighbor_depth_shared_shape,804,0.8068880359466346,0.05895478473234659
20240701,1,6,0.05,six_neighbor_surface,804,0.8210026342717657,0.061766880057216034
20240701,1,6,0.1,donor_template,761,0.8653397085597604,0.0626349077766482
20240701,1,6,0.1,nearest_visible_surface,761,0.7884448889881294,0.057934304865961066
20240701,1,6,0.1,six_neighbor_depth_shared_shape,761,0.7128105347289408,0.05206155953321901
20240701,1,6,0.1,six_neighbor_surface,761,0.7250488317561912,0.053017950202824585
20240701,1,6,0.2,donor_template,678,0.8747382597341923,0.06305263333178385
20240701,1,6,0.2,nearest_visible_surface,678,0.7162371739465045,0.053584289440718524
20240701,1,6,0.2,six_neighbor_depth_shared_shape,678,0.6597371459287071,0.04739288871698288
20240701,1,6,0.2,six_neighbor_surface,678,0.672238591381044,0.04982298475917156
20240701,1,6,0.4,donor_template,509,0.855946677348269,0.06112396732374222
20240701,1,6,0.4,nearest_visible_surface,509,0.6358911045803429,0.04881478082240701
20240701,1,6,0.4,six_neighbor_depth_shared_shape,509,0.620796711088869,0.04587673214592463
20240701,1,6,0.4,six_neighbor_surface,509,0.6140224120899035,0.04566107481531624
20240701,1,7,0.01,donor_template,838,0.8903419461974074,0.06346873656288762
20240701,1,7,0.01,nearest_visible_surface,838,1.0416108297980222,0.07409778995999691
20240701,1,7,0.01,six_neighbor_depth_shared_shape,838,1.0124113931177083,0.07282588986299005
20240701,1,7,0.01,six_neighbor_surface,838,1.0091402285839022,0.07219868185690104
20240701,1,7,0.02,donor_template,829,0.8800870754376426,0.0635517991419289
20240701,1,7,0.02,nearest_visible_surface,829,1.0184850802872467,0.07396327287096827
20240701,1,7,0.02,six_neighbor_depth_shared_shape,829,0.9375366834495519,0.06705067580152381
20240701,1,7,0.02,six_neighbor_surface,829,0.9514500260018904,0.06863348408891677
20240701,1,7,0.05,donor_template,804,0.9203276177338124,0.0652605633577612
20240701,1,7,0.05,nearest_visible_surface,804,0.8957688170250444,0.06538381590953958
20240701,1,7,0.05,six_neighbor_depth_shared_shape,804,0.8892384479547462,0.0648674392764571
20240701,1,7,0.05,six_neighbor_surface,804,0.9024539976707946,0.06487531631457338
20240701,1,7,0.1,donor_template,761,0.9047967639757764,0.06440241625262816
20240701,1,7,0.1,nearest_visible_surface,761,0.809595810480822,0.06063259599645875
20240701,1,7,0.1,six_neighbor_depth_shared_shape,761,0.7735540244364494,0.056138874146708824
20240701,1,7,0.1,six_neighbor_surface,761,0.7724503339664246,0.05786235040307116
20240701,1,7,0.2,donor_template,678,0.8682776520552035,0.061954189322181386
20240701,1,7,0.2,nearest_visible_surface,678,0.7395871760069299,0.05382321323441484
20240701,1,7,0.2,six_neighbor_depth_shared_shape,678,0.6580382832833848,0.04719336145240642
20240701,1,7,0.2,six_neighbor_surface,678,0.6691019538894472,0.04838375623610547
20240701,1,7,0.4,donor_template,507,0.9022143659900028,0.06519065135085018
20240701,1,7,0.4,nearest_visible_surface,507,0.6763398607907424,0.05038505662712478
20240701,1,7,0.4,six_neighbor_depth_shared_shape,507,0.622318404798302,0.04476120009228332
20240701,1,7,0.4,six_neighbor_surface,507,0.6122282976491156,0.04498679391053192
20240701,1,8,0.01,donor_template,838,0.9280212496172127,0.06615324127839933
20240701,1,8,0.01,nearest_visible_surface,838,1.0792273330842805,0.07839072385603832
20240701,1,8,0.01,six_neighbor_depth_shared_shape,838,0.8934413718081495,0.06428350771432974
20240701,1,8,0.01,six_neighbor_surface,838,0.9178985624144096,0.06554508250621036
20240701,1,8,0.02,donor_template,829,0.9236784664300262,0.06739139518767047
20240701,1,8,0.02,nearest_visible_surface,829,1.0035070680122795,0.07340041249260014
20240701,1,8,0.02,six_neighbor_depth_shared_shape,829,0.811564796456862,0.0596475799399955
20240701,1,8,0.02,six_neighbor_surface,829,0.8431846176570376,0.06084125994354292
20240701,1,8,0.05,donor_template,804,0.8802047960711612,0.06317496094642748
20240701,1,8,0.05,nearest_visible_surface,804,0.8880438454310065,0.0661661105125109
20240701,1,8,0.05,six_neighbor_depth_shared_shape,804,0.7455114512564827,0.0545025572175557
20240701,1,8,0.05,six_neighbor_surface,804,0.7402603312483227,0.05584913614857937
20240701,1,8,0.1,donor_template,761,0.8745330689670872,0.06326775956905915
20240701,1,8,0.1,nearest_visible_surface,761,0.8291260097654422,0.06195810901319958
20240701,1,8,0.1,six_neighbor_depth_shared_shape,761,0.7154152188920102,0.05252274039735778
20240701,1,8,0.1,six_neighbor_surface,761,0.7334546039620347,0.054174355416029454
20240701,1,8,0.2,donor_template,677,0.8942594977923719,0.06584989983006041
20240701,1,8,0.2,nearest_visible_surface,677,0.7629499898878458,0.05736878158975382
20240701,1,8,0.2,six_neighbor_depth_shared_shape,677,0.6792474068564842,0.04927519893286416
20240701,1,8,0.2,six_neighbor_surface,677,0.7137745302110401,0.05294839553920267
20240701,1,8,0.4,donor_template,507,0.8886759927749518,0.06455213031229239
20240701,1,8,0.4,nearest_visible_surface,507,0.6600967545544016,0.05115461880291383
20240701,1,8,0.4,six_neighbor_depth_shared_shape,507,0.5964411709783913,0.04470760269594846
20240701,1,8,0.4,six_neighbor_surface,507,0.6003963659807894,0.04447867594824536
20240701,1,9,0.01,donor_template,838,0.8613911465165989,0.06265063621479267
20240701,1,9,0.01,nearest_visible_surface,838,1.0291314988803335,0.0753094347413735
20240701,1,9,0.01,six_neighbor_depth_shared_shape,838,0.9177745233299085,0.06610573597381367
20240701,1,9,0.01,six_neighbor_surface,838,0.9056521994194326,0.06515745527806613
20240701,1,9,0.02,donor_template,829,0.8524999595142677,0.06283617814726503
20240701,1,9,0.02,nearest_visible_surface,829,1.1832714061637624,0.08899631069391141
20240701,1,9,0.02,six_neighbor_depth_shared_shape,829,0.8905018539240998,0.06374298424865286
20240701,1,9,0.02,six_neighbor_surface,829,0.9021804059665979,0.0649381422658804
20240701,1,9,0.05,donor_template,804,0.8854297734370931,0.06194149867625735
20240701,1,9,0.05,nearest_visible_surface,804,1.0146843656607456,0.07693856276965597
20240701,1,9,0.05,six_neighbor_depth_shared_shape,804,0.7958406460597097,0.057976053705063896
20240701,1,9,0.05,six_neighbor_surface,804,0.8718572772649941,0.06286177064572196
20240701,1,9,0.1,donor_template,761,0.8571125791225197,0.06272341571339556
20240701,1,9,0.1,nearest_visible_surface,761,0.8277902149420501,0.06057020484992908
20240701,1,9,0.1,six_neighbor_depth_shared_shape,761,0.7391359641510047,0.05405126182006697
20240701,1,9,0.1,six_neighbor_surface,761,0.7641089295703849,0.0564778972734193
20240701,1,9,0.2,donor_template,677,0.8717001185795651,0.06226218603812169
20240701,1,9,0.2,nearest_visible_surface,677,0.6861900976789999,0.051462321653770834
20240701,1,9,0.2,six_neighbor_depth_shared_shape,677,0.6128401220164111,0.045049721858598755
20240701,1,9,0.2,six_neighbor_surface,677,0.6208628570223628,0.04647503176524444
20240701,1,9,0.4,donor_template,508,0.8872014822936158,0.06452558045376802
20240701,1,9,0.4,nearest_visible_surface,508,0.6246921765185964,0.0468262837331008
20240701,1,9,0.4,six_neighbor_depth_shared_shape,508,0.5837188551408892,0.04275939999163168
20240701,1,9,0.4,six_neighbor_surface,508,0.5971672769724787,0.04405411807166608
20240701,1,10,0.01,donor_template,838,0.8968450644341651,0.06300412757918075
20240701,1,10,0.01,nearest_visible_surface,838,0.9918855364567698,0.07183039797152313
20240701,1,10,0.01,six_neighbor_depth_shared_shape,838,0.8692990296261829,0.0648500280226037
20240701,1,10,0.01,six_neighbor_surface,838,0.889997480656958,0.06652343053065421
20240701,1,10,0.02,donor_template,829,0.9026719293942903,0.06436329164375998
20240701,1,10,0.02,nearest_visible_surface,829,0.90226732412244,0.0670290699580665
20240701,1,10,0.02,six_neighbor_depth_shared_shape,829,0.7757564906757074,0.056690274141534505
20240701,1,10,0.02,six_neighbor_surface,829,0.785470930599344,0.05729901879107358
20240701,1,10,0.05,donor_template,805,0.8993340666131254,0.06471257004140382
20240701,1,10,0.05,nearest_visible_surface,805,0.8624208777770809,0.062270407690838685
20240701,1,10,0.05,six_neighbor_depth_shared_shape,805,0.7290249450519704,0.053205707378916396
20240701,1,10,0.05,six_neighbor_surface,805,0.7881584870101656,0.056671988455536296
20240701,1,10,0.1,donor_template,762,0.88858220374489,0.0639416468602175
20240701,1,10,0.1,nearest_visible_surface,762,0.7599052999915461,0.05503804196435
20240701,1,10,0.1,six_neighbor_depth_shared_shape,762,0.6954617630907555,0.050583765381593995
20240701,1,10,0.1,six_neighbor_surface,762,0.7212431527974414,0.05204841270490353
20240701,1,10,0.2,donor_template,678,0.8912955780484825,0.06389984256329712
20240701,1,10,0.2,nearest_visible_surface,678,0.6545731100713446,0.0491749184596206
20240701,1,10,0.2,six_neighbor_depth_shared_shape,678,0.6153311655969644,0.044766035676473304
20240701,1,10,0.2,six_neighbor_surface,678,0.6197876334655703,0.04470567316994821
20240701,1,10,0.4,donor_template,508,0.9168948122734144,0.06539011521738794
20240701,1,10,0.4,nearest_visible_surface,508,0.6585429459359282,0.04867045320977852
20240701,1,10,0.4,six_neighbor_depth_shared_shape,508,0.5821201122502377,0.04403913227893172
20240701,1,10,0.4,six_neighbor_surface,508,0.6091285581933361,0.044829594652598295
20240701,1,11,0.01,donor_template,838,1.1722925591254456,0.08364972651110204
20240701,1,11,0.01,nearest_visible_surface,838,1.3744923399057023,0.10046927192307409
20240701,1,11,0.01,six_neighbor_depth_shared_shape,838,1.2847441311451235,0.09201689629474918
20240701,1,11,0.01,six_neighbor_surface,838,1.3696800796891084,0.09917145614175796
20240701,1,11,0.02,donor_template,829,0.9190143882256046,0.06536986741541914
20240701,1,11,0.02,nearest_visible_surface,829,1.1107005231062268,0.08051647621019807
20240701,1,11,0.02,six_neighbor_depth_shared_shape,829,0.8861270302318347,0.06464867691464586
20240701,1,11,0.02,six_neighbor_surface,829,0.9404588103535192,0.06858932628559326
20240701,1,11,0.05,donor_template,804,0.9089731971899473,0.06409209736828783
20240701,1,11,0.05,nearest_visible_surface,804,0.9310223551102148,0.06909319606041012
20240701,1,11,0.05,six_neighbor_depth_shared_shape,804,0.820821932942697,0.05925053830595671
20240701,1,11,0.05,six_neighbor_surface,804,0.841395103275503,0.06174661791487054
20240701,1,11,0.1,donor_template,761,0.9018558317455664,0.0644225968535075
20240701,1,11,0.1,nearest_visible_surface,761,0.7756142502926759,0.05708607875436784
20240701,1,11,0.1,six_neighbor_depth_shared_shape,761,0.7676693187345984,0.055667369725288726
20240701,1,11,0.1,six_neighbor_surface,761,0.7618667123202645,0.056652116885424535
20240701,1,11,0.2,donor_template,676,0.8891916430113348,0.06392517181186191
20240701,1,11,0.2,nearest_visible_surface,676,0.6840141973148814,0.051581035768855775
20240701,1,11,0.2,six_neighbor_depth_shared_shape,676,0.659552250909643,0.047378687798557265
20240701,1,11,0.2,six_neighbor_surface,676,0.6738906523721981,0.04860417854752395
20240701,1,11,0.4,donor_template,508,0.9032683057197575,0.065843753530687
20240701,1,11,0.4,nearest_visible_surface,508,0.6352706025617292,0.04784002824600277
20240701,1,11,0.4,six_neighbor_depth_shared_shape,508,0.5784459624196927,0.042599877659235036
20240701,1,11,0.4,six_neighbor_surface,508,0.587487113149495,0.04288647273604308
20240701,1,12,0.01,donor_template,839,0.9327616294119755,0.0681636955456938
20240701,1,12,0.01,nearest_visible_surface,839,1.3280810510247198,0.09281158149102973
20240701,1,12,0.01,six_neighbor_depth_shared_shape,839,0.9470584765447939,0.06802338072545841
20240701,1,12,0.01,six_neighbor_surface,839,0.937647114379556,0.06790218244559337
20240701,1,12,0.02,donor_template,830,0.9304781504587978,0.06736418568080636
20240701,1,12,0.02,nearest_visible_surface,830,1.0678711043146931,0.0766460025921543
20240701,1,12,0.02,six_neighbor_depth_shared_shape,830,0.8864316175349384,0.0638917550283487
20240701,1,12,0.02,six_neighbor_surface,830,0.8989698158409267,0.06381405181985886
20240701,1,12,0.05,donor_template,805,0.9248670818017429,0.06588913876935422
20240701,1,12,0.05,nearest_visible_surface,805,0.8520391833228566,0.0622327146504776
20240701,1,12,0.05,six_neighbor_depth_shared_shape,805,0.7435071846257356,0.054437584547596396
20240701,1,12,0.05,six_neighbor_surface,805,0.7304894094592994,0.05391448367578603
20240701,1,12,0.1,donor_template,762,0.9328819563139701,0.06718167491797514
20240701,1,12,0.1,nearest_visible_surface,762,0.759815078085406,0.056201322336349564
20240701,1,12,0.1,six_neighbor_depth_shared_shape,762,0.7182169640012652,0.05315379350201917
20240701,1,12,0.1,six_neighbor_surface,762,0.7411556124680209,0.05402093979486134
20240701,1,12,0.2,donor_template,677,0.9330752874152839,0.06671975310035604
20240701,1,12,0.2,nearest_visible_surface,677,0.6838667501223564,0.05042402735087436
20240701,1,12,0.2,six_neighbor_depth_shared_shape,677,0.6404796134633762,0.046365622695757724
20240701,1,12,0.2,six_neighbor_surface,677,0.6606217876042813,0.04800086820379427
20240701,1,12,0.4,donor_template,510,0.9096172001982263,0.06436133827975163
20240701,1,12,0.4,nearest_visible_surface,510,0.6299721639346672,0.04584210038383985
20240701,1,12,0.4,six_neighbor_depth_shared_shape,510,0.5958466295239611,0.04362123657689071
20240701,1,12,0.4,six_neighbor_surface,510,0.6068227915088633,0.043157523188373514
20240701,1,13,0.01,donor_template,839,1.0984506690181264,0.07843049918704585
20240701,1,13,0.01,nearest_visible_surface,839,1.3971189554207633,0.09946204777400658
20240701,1,13,0.01,six_neighbor_depth_shared_shape,839,1.0774688209844863,0.07780435876661283
20240701,1,13,0.01,six_neighbor_surface,839,1.1245395116759236,0.08006171425854375
20240701,1,13,0.02,donor_template,830,0.8669296504169789,0.06334095805030696
20240701,1,13,0.02,nearest_visible_surface,830,1.0639434723971635,0.07746600838442133
20240701,1,13,0.02,six_neighbor_depth_shared_shape,830,0.9392123752000049,0.06743570893191914
20240701,1,13,0.02,six_neighbor_surface,830,0.9380532568115618,0.06818400386076523
20240701,1,13,0.05,donor_template,805,0.8617424974681376,0.0628606182825311
20240701,1,13,0.05,nearest_visible_surface,805,0.9187049933510057,0.06563970563106032
20240701,1,13,0.05,six_neighbor_depth_shared_shape,805,0.727370733315971,0.05381222992432125
20240701,1,13,0.05,six_neighbor_surface,805,0.7740593290084709,0.055952805045812744
20240701,1,13,0.1,donor_template,762,0.8877357847754861,0.06323057011867389
20240701,1,13,0.1,nearest_visible_surface,762,0.8281365928294435,0.060658307496126565
20240701,1,13,0.1,six_neighbor_depth_shared_shape,762,0.6650247773468608,0.04887806351186989
20240701,1,13,0.1,six_neighbor_surface,762,0.6741479628937819,0.05006482946002973
20240701,1,13,0.2,donor_template,677,0.897618992699589,0.06473543563127739
20240701,1,13,0.2,nearest_visible_surface,677,0.7152444862893791,0.053191305539891966
20240701,1,13,0.2,six_neighbor_depth_shared_shape,677,0.6085830254118204,0.04411198844949306
20240701,1,13,0.2,six_neighbor_surface,677,0.6419584631494744,0.04539283009544343
20240701,1,13,0.4,donor_template,506,0.8942189606939133,0.06513111685156803
20240701,1,13,0.4,nearest_visible_surface,506,0.7010359817552687,0.05218508190927462
20240701,1,13,0.4,six_neighbor_depth_shared_shape,506,0.5682418629156909,0.04298075884496277
20240701,1,13,0.4,six_neighbor_surface,506,0.5529978289898072,0.04211311589784883
20240701,1,14,0.01,donor_template,838,1.314948034516171,0.09486893982457578
20240701,1,14,0.01,nearest_visible_surface,838,1.2116515955668943,0.09117140848995461
20240701,1,14,0.01,six_neighbor_depth_shared_shape,838,0.9865703836813031,0.07034984473382269
20240701,1,14,0.01,six_neighbor_surface,838,1.009982784036937,0.07384274357586768
20240701,1,14,0.02,donor_template,829,0.922803826930949,0.06612572649142548
20240701,1,14,0.02,nearest_visible_surface,829,1.0222467510424422,0.07404883190131419
20240701,1,14,0.02,six_neighbor_depth_shared_shape,829,0.8575826666590906,0.061460184014229535
20240701,1,14,0.02,six_neighbor_surface,829,0.8923204644774325,0.06604955356503577
20240701,1,14,0.05,donor_template,804,0.9211959635115059,0.0662646177295865
20240701,1,14,0.05,nearest_visible_surface,804,0.9383024469163443,0.0673926536987429
20240701,1,14,0.05,six_neighbor_depth_shared_shape,804,0.8440344944947253,0.06078168467905386
20240701,1,14,0.05,six_neighbor_surface,804,0.874414715661882,0.06358976310508865
20240701,1,14,0.1,donor_template,761,0.8920574337958777,0.06297820941998886
20240701,1,14,0.1,nearest_visible_surface,761,0.840763953033509,0.062119646191625674
20240701,1,14,0.1,six_neighbor_depth_shared_shape,761,0.7135312876004907,0.05209765395974376
20240701,1,14,0.1,six_neighbor_surface,761,0.771787410984846,0.05622544559456783
20240701,1,14,0.2,donor_template,678,0.876452052646237,0.06314707823741303
20240701,1,14,0.2,nearest_visible_surface,678,0.7028309759485756,0.05357750921945839
20240701,1,14,0.2,six_neighbor_depth_shared_shape,678,0.6633751234003775,0.04783519901705378
20240701,1,14,0.2,six_neighbor_surface,678,0.6977221268552912,0.05063315734767877
20240701,1,14,0.4,donor_template,510,0.9009156029302245,0.06477721734048626
20240701,1,14,0.4,nearest_visible_surface,510,0.6329596346819213,0.04742323743265801
20240701,1,14,0.4,six_neighbor_depth_shared_shape,510,0.5921326746583452,0.04277186960740516
20240701,1,14,0.4,six_neighbor_surface,510,0.6169309527001067,0.045387506619469276
20240701,1,15,0.01,donor_template,838,0.9480741086696425,0.0679210746454393
20240701,1,15,0.01,nearest_visible_surface,838,1.4354576786240223,0.10711191242491
20240701,1,15,0.01,six_neighbor_depth_shared_shape,838,1.0069090795263782,0.07466716910649199
20240701,1,15,0.01,six_neighbor_surface,838,1.0393177305615882,0.07628897874770789
20240701,1,15,0.02,donor_template,829,1.0658866943481244,0.07427904217966778
20240701,1,15,0.02,nearest_visible_surface,829,1.3655202563254938,0.09936517411451606
20240701,1,15,0.02,six_neighbor_depth_shared_shape,829,0.8881246896724242,0.06576308916693223
20240701,1,15,0.02,six_neighbor_surface,829,0.8974741588588058,0.06567094782293167
20240701,1,15,0.05,donor_template,804,0.8664199746493999,0.062241326188004154
20240701,1,15,0.05,nearest_visible_surface,804,0.970957584980955,0.07146927396249952
20240701,1,15,0.05,six_neighbor_depth_shared_shape,804,0.771504036679012,0.05695081752470619
20240701,1,15,0.05,six_neighbor_surface,804,0.7791157099286801,0.0579159115692285
20240701,1,15,0.1,donor_template,761,0.8716204786297966,0.06225680897697713
20240701,1,15,0.1,nearest_visible_surface,761,0.8314610355459422,0.060460868603740225
20240701,1,15,0.1,six_neighbor_depth_shared_shape,761,0.7318933871828399,0.053327339303782
20240701,1,15,0.1,six_neighbor_surface,761,0.7458845949495654,0.05526890417492484
20240701,1,15,0.2,donor_template,678,0.8625054634589298,0.06229576570305645
20240701,1,15,0.2,nearest_visible_surface,678,0.725191020910888,0.05414677644041126
20240701,1,15,0.2,six_neighbor_depth_shared_shape,678,0.6635590451925073,0.049058283798742754
20240701,1,15,0.2,six_neighbor_surface,678,0.6721952256018,0.049885076810596306
20240701,1,15,0.4,donor_template,508,0.8698913077896755,0.06356590696940148
20240701,1,15,0.4,nearest_visible_surface,508,0.6651292811019962,0.051657497863157736
20240701,1,15,0.4,six_neighbor_depth_shared_shape,508,0.6380541861927356,0.04808753305325478
20240701,1,15,0.4,six_neighbor_surface,508,0.6642600454068327,0.050033661462828255
20240701,1,16,0.01,donor_template,839,1.0379590855845224,0.07491605051235042
20240701,1,16,0.01,nearest_visible_surface,839,1.1847767717233277,0.08524563128888708
20240701,1,16,0.01,six_neighbor_depth_shared_shape,839,0.9928439484430225,0.07093684222837222
20240701,1,16,0.01,six_neighbor_surface,839,1.0209256419198167,0.0744036955607843
20240701,1,16,0.02,donor_template,831,0.9771275340312887,0.07095001948192878
20240701,1,16,0.02,nearest_visible_surface,831,0.991465066025762,0.07354480787609777
20240701,1,16,0.02,six_neighbor_depth_shared_shape,831,0.7502392057539913,0.05582260441443684
20240701,1,16,0.02,six_neighbor_surface,831,0.7746320295443362,0.05723588091401954
20240701,1,16,0.05,donor_template,806,0.930741163206579,0.06705440041893493
20240701,1,16,0.05,nearest_visible_surface,806,0.8717514823076855,0.06361387979251877
20240701,1,16,0.05,six_neighbor_depth_shared_shape,806,0.7856926211027987,0.05811898477594085
20240701,1,16,0.05,six_neighbor_surface,806,0.8194789846459161,0.06039835088844635
20240701,1,16,0.1,donor_template,764,0.896967652840255,0.06345528221556912
20240701,1,16,0.1,nearest_visible_surface,764,0.8046477090723245,0.058414791645602565
20240701,1,16,0.1,six_neighbor_depth_shared_shape,764,0.674332484041914,0.049477549997573526
20240701,1,16,0.1,six_neighbor_surface,764,0.6861829114756217,0.0500502915489139
20240701,1,16,0.2,donor_template,681,0.8806316228887691,0.062442880344739625
20240701,1,16,0.2,nearest_visible_surface,681,0.7432683893138694,0.055090364198773646
20240701,1,16,0.2,six_neighbor_depth_shared_shape,681,0.6377223448472102,0.04686442228502298
20240701,1,16,0.2,six_neighbor_surface,681,0.6541986494647658,0.04766436541458248
20240701,1,16,0.4,donor_template,511,0.8682093496134138,0.06175311817459494
20240701,1,16,0.4,nearest_visible_surface,511,0.6640003745800044,0.048518113866807225
20240701,1,16,0.4,six_neighbor_depth_shared_shape,511,0.5670992794084991,0.042848827158988204
20240701,1,16,0.4,six_neighbor_surface,511,0.5598694807563547,0.041555341325654686
20240701,1,17,0.01,donor_template,838,0.9870864897163651,0.07069444884750199
20240701,1,17,0.01,nearest_visible_surface,838,1.008975845224023,0.07196424893000009
20240701,1,17,0.01,six_neighbor_depth_shared_shape,838,0.9706104869296572,0.06829174975568969
20240701,1,17,0.01,six_neighbor_surface,838,0.9967986612903488,0.06978204152368694
20240701,1,17,0.02,donor_template,830,0.8895516870165534,0.06280263192395363
20240701,1,17,0.02,nearest_visible_surface,830,0.9311308984384516,0.0686158548135123
20240701,1,17,0.02,six_neighbor_depth_shared_shape,830,0.8677356344612952,0.06300003468013846
20240701,1,17,0.02,six_neighbor_surface,830,0.8942583429092137,0.06495076584126458
20240701,1,17,0.05,donor_template,805,0.8742844604741613,0.06250692536247444
20240701,1,17,0.05,nearest_visible_surface,805,0.9502172556424258,0.06798678880182411
20240701,1,17,0.05,six_neighbor_depth_shared_shape,805,0.8732535612372612,0.06378863443150329
20240701,1,17,0.05,six_neighbor_surface,805,0.8830211129763752,0.06467789515824326
20240701,1,17,0.1,donor_template,762,0.8724684771071041,0.06131146821591064
20240701,1,17,0.1,nearest_visible_surface,762,0.8181843316258219,0.05910827431438337
20240701,1,17,0.1,six_neighbor_depth_shared_shape,762,0.8071923368186944,0.058831096981398795
20240701,1,17,0.1,six_neighbor_surface,762,0.8389119831930572,0.060781296881235236
20240701,1,17,0.2,donor_template,677,0.8750011258947588,0.06241480719010968
20240701,1,17,0.2,nearest_visible_surface,677,0.7495696384356372,0.0542575971248699
20240701,1,17,0.2,six_neighbor_depth_shared_shape,677,0.6386158765039899,0.04618601499064788
20240701,1,17,0.2,six_neighbor_surface,677,0.6489333787480766,0.04783736071286483
20240701,1,17,0.4,donor_template,507,0.8609933019465449,0.061847556861408574
20240701,1,17,0.4,nearest_visible_surface,507,0.6686892647364479,0.04982154627453219
20240701,1,17,0.4,six_neighbor_depth_shared_shape,507,0.5666997782218619,0.04217710773858242
20240701,1,17,0.4,six_neighbor_surface,507,0.5710457559874483,0.04256602967821842
20240701,1,18,0.01,donor_template,838,0.8630631492916311,0.06270238194061034
20240701,1,18,0.01,nearest_visible_surface,838,1.404884795410656,0.10623299858975135
20240701,1,18,0.01,six_neighbor_depth_shared_shape,838,1.070215991910443,0.0798102634787145
20240701,1,18,0.01,six_neighbor_surface,838,1.1144795699153454,0.08246168170297702
20240701,1,18,0.02,donor_template,829,0.870720447675157,0.06272687900546481
20240701,1,18,0.02,nearest_visible_surface,829,1.1255008044475574,0.08112311515249561
20240701,1,18,0.02,six_neighbor_depth_shared_shape,829,1.0486837208861342,0.07715258460910784
20240701,1,18,0.02,six_neighbor_surface,829,1.0568886018662662,0.07753632177859858
20240701,1,18,0.05,donor_template,804,0.8715009784828474,0.06272232991786386
20240701,1,18,0.05,nearest_visible_surface,804,0.9349584301182898,0.07092768494509047
20240701,1,18,0.05,six_neighbor_depth_shared_shape,804,0.8691231981563303,0.06385654309047858
20240701,1,18,0.05,six_neighbor_surface,804,0.9075926466675606,0.06792706053976318
20240701,1,18,0.1,donor_template,761,0.8867601419187393,0.06336473366707758
20240701,1,18,0.1,nearest_visible_surface,761,0.9286122313280823,0.07088877341735265
20240701,1,18,0.1,six_neighbor_depth_shared_shape,761,0.6820196386445543,0.05020943047690689
20240701,1,18,0.1,six_neighbor_surface,761,0.7174859675471519,0.05374191250337496
20240701,1,18,0.2,donor_template,679,0.8636296645120264,0.0624431024812455
20240701,1,18,0.2,nearest_visible_surface,679,0.7384844533721894,0.05456791105317389
20240701,1,18,0.2,six_neighbor_depth_shared_shape,679,0.6360418829397234,0.045261415584504305
20240701,1,18,0.2,six_neighbor_surface,679,0.6514196941229001,0.04732511616889198
20240701,1,18,0.4,donor_template,508,0.8802030937496172,0.06263891993046836
20240701,1,18,0.4,nearest_visible_surface,508,0.6274356822206124,0.04736259272797326
20240701,1,18,0.4,six_neighbor_depth_shared_shape,508,0.5444737397050663,0.04117718240683342
20240701,1,18,0.4,six_neighbor_surface,508,0.5684448129183095,0.04215010747147546
20240701,1,19,0.01,donor_template,838,0.944461946087525,0.0672380659304197
20240701,1,19,0.01,nearest_visible_surface,838,1.290440913620635,0.09687999831685744
20240701,1,19,0.01,six_neighbor_depth_shared_shape,838,0.8930195962639946,0.0650595063294947
20240701,1,19,0.01,six_neighbor_surface,838,0.931632646616634,0.06845200135779626
20240701,1,19,0.02,donor_template,829,0.921997359394628,0.06665277983995385
20240701,1,19,0.02,nearest_visible_surface,829,0.9135844072046366,0.06700376011643877
20240701,1,19,0.02,six_neighbor_depth_shared_shape,829,0.8176199300193681,0.059913027002744784
20240701,1,19,0.02,six_neighbor_surface,829,0.856941984115182,0.06251070499983233
20240701,1,19,0.05,donor_template,805,0.8830014092648513,0.06356904007922243
20240701,1,19,0.05,nearest_visible_surface,805,0.8621713707774443,0.06375199541451428
20240701,1,19,0.05,six_neighbor_depth_shared_shape,805,0.7559672652592669,0.05544453592003845
20240701,1,19,0.05,six_neighbor_surface,805,0.7741780497445474,0.05628749048921014
20240701,1,19,0.1,donor_template,762,0.8854328358017102,0.06337819139502153
20240701,1,19,0.1,nearest_visible_surface,762,0.8189425713727854,0.05894776583942113
20240701,1,19,0.1,six_neighbor_depth_shared_shape,762,0.7091372639302735,0.05210569609570717
20240701,1,19,0.1,six_neighbor_surface,762,0.7136737598008192,0.05200200839906702
20240701,1,19,0.2,donor_template,679,0.9026341023057105,0.06475675775656624
20240701,1,19,0.2,nearest_visible_surface,679,0.7365806171742848,0.055703164939739605
20240701,1,19,0.2,six_neighbor_depth_shared_shape,679,0.6445895327823062,0.04701007891615265
20240701,1,19,0.2,six_neighbor_surface,679,0.6501299115890026,0.04899827627634156
20240701,1,19,0.4,donor_template,510,0.855109398768784,0.06244558366510402
20240701,1,19,0.4,nearest_visible_surface,510,0.6329099256969646,0.047832417894192174
20240701,1,19,0.4,six_neighbor_depth_shared_shape,510,0.6163675725719471,0.04600193383459362
20240701,1,19,0.4,six_neighbor_surface,510,0.5816136362415728,0.043702830063391394
20240701,1,20,0.01,donor_template,838,0.8728295973443816,0.0636773651822907
20240701,1,20,0.01,nearest_visible_surface,838,1.3409109719497831,0.09589023735769661
20240701,1,20,0.01,six_neighbor_depth_shared_shape,838,0.9345951608326613,0.06667466757211485
20240701,1,20,0.01,six_neighbor_surface,838,0.9583480476039541,0.06900512988342544
20240701,1,20,0.02,donor_template,829,0.8575736853491953,0.06290902961005351
20240701,1,20,0.02,nearest_visible_surface,829,1.1657256915790923,0.08440932905871433
20240701,1,20,0.02,six_neighbor_depth_shared_shape,829,0.8756049522070116,0.064153210830411
20240701,1,20,0.02,six_neighbor_surface,829,0.8866299905075598,0.0638341616024902
20240701,1,20,0.05,donor_template,804,0.8597751483727766,0.06225295531962513
20240701,1,20,0.05,nearest_visible_surface,804,0.8902914243233784,0.06647770804744242
20240701,1,20,0.05,six_neighbor_depth_shared_shape,804,0.745122685951709,0.05408216860064205
20240701,1,20,0.05,six_neighbor_surface,804,0.7595231831965661,0.055825211324618984
20240701,1,20,0.1,donor_template,762,0.8769700292539268,0.06272596959455468
20240701,1,20,0.1,nearest_visible_surface,762,0.8216734141643048,0.059818670571934025
20240701,1,20,0.1,six_neighbor_depth_shared_shape,762,0.7213472839122466,0.05233887752282422
20240701,1,20,0.1,six_neighbor_surface,762,0.7536136336662911,0.05529906812536893
20240701,1,20,0.2,donor_template,677,0.8468617278480696,0.06070818338615197
20240701,1,20,0.2,nearest_visible_surface,677,0.6878539427184575,0.05128884230041716
20240701,1,20,0.2,six_neighbor_depth_shared_shape,677,0.6420816898877826,0.0464459426627372
20240701,1,20,0.2,six_neighbor_surface,677,0.6502536507083473,0.04777265953024026
20240701,1,20,0.4,donor_template,507,0.8448071699374202,0.0605197704176225
20240701,1,20,0.4,nearest_visible_surface,507,0.6438602815339636,0.04714673265675828
20240701,1,20,0.4,six_neighbor_depth_shared_shape,507,0.6030485820988702,0.044076656098679376
20240701,1,20,0.4,six_neighbor_surface,507,0.5798856972324093,0.04409590702409321
20240701,1,21,0.01,donor_template,838,0.8620296142633688,0.06285650170491487
20240701,1,21,0.01,nearest_visible_surface,838,1.1563431218031563,0.08448319552392028
20240701,1,21,0.01,six_neighbor_depth_shared_shape,838,0.9652895671465562,0.06988714784666321
20240701,1,21,0.01,six_neighbor_surface,838,1.0089494533522214,0.07399166930329365
20240701,1,21,0.02,donor_template,829,0.8526271849650905,0.06078205802424649
20240701,1,21,0.02,nearest_visible_surface,829,1.1511960012662836,0.0855054078212255
20240701,1,21,0.02,six_neighbor_depth_shared_shape,829,0.9537105877387761,0.06912414702822345
20240701,1,21,0.02,six_neighbor_surface,829,0.9952737082417494,0.07133189020456353
20240701,1,21,0.05,donor_template,804,0.8748639065758597,0.06285247510628425
20240701,1,21,0.05,nearest_visible_surface,804,0.8991183573674746,0.0651852180664699
20240701,1,21,0.05,six_neighbor_depth_shared_shape,804,0.7009281895128752,0.05062436820753803
20240701,1,21,0.05,six_neighbor_surface,804,0.7374378240201254,0.052836207768608055
20240701,1,21,0.1,donor_template,762,0.8770385969802638,0.06296193743443551
20240701,1,21,0.1,nearest_visible_surface,762,0.7918821672052636,0.058540831919127095
20240701,1,21,0.1,six_neighbor_depth_shared_shape,762,0.6860254890542108,0.04986538041513755
20240701,1,21,0.1,six_neighbor_surface,762,0.717562485539563,0.0527797356002058
20240701,1,21,0.2,donor_template,677,0.8771441671427613,0.06266611754492081
20240701,1,21,0.2,nearest_visible_surface,677,0.7365806171742848,0.05414923323987066
20240701,1,21,0.2,six_neighbor_depth_shared_shape,677,0.6962386798863014,0.05115205487949302
20240701,1,21,0.2,six_neighbor_surface,677,0.7117789532298449,0.05346782008250023
20240701,1,21,0.4,donor_template,509,0.8663566397184262,0.06229494482331512
20240701,1,21,0.4,nearest_visible_surface,509,0.6874937338645686,0.05139062151444634
20240701,1,21,0.4,six_neighbor_depth_shared_shape,509,0.5723073011490584,0.041398921655683804
20240701,1,21,0.4,six_neighbor_surface,509,0.564760950392814,0.040401713784185764
20240701,1,22,0.01,donor_template,838,0.8956594808430512,0.06451779360108881
20240701,1,22,0.01,nearest_visible_surface,838,1.1282690919170804,0.082460537476446
20240701,1,22,0.01,six_neighbor_depth_shared_shape,838,0.8352252411459493,0.06008173019419749
20240701,1,22,0.01,six_neighbor_surface,838,0.8279970929381281,0.06056572452829365
20240701,1,22,0.02,donor_template,830,0.8677509620454199,0.06298485101497964
20240701,1,22,0.02,nearest_visible_surface,830,0.981877961464797,0.0723143978326509
20240701,1,22,0.02,six_neighbor_depth_shared_shape,830,0.7970340995623939,0.05680280998418586
20240701,1,22,0.02,six_neighbor_surface,830,0.7985019959447531,0.05674080597665733
20240701,1,22,0.05,donor_template,805,0.9277291770576194,0.06623551819682762
20240701,1,22,0.05,nearest_visible_surface,805,0.9324976194315258,0.06852316233804155
20240701,1,22,0.05,six_neighbor_depth_shared_shape,805,0.7848271032945441,0.05531583346384358
20240701,1,22,0.05,six_neighbor_surface,805,0.820020699890092,0.05928733848307606
20240701,1,22,0.1,donor_template,763,0.9096490778666734,0.0652483095564724
20240701,1,22,0.1,nearest_visible_surface,763,0.8122235772873575,0.05986128111714208
20240701,1,22,0.1,six_neighbor_depth_shared_shape,763,0.6994655314346446,0.05151394356329419
20240701,1,22,0.1,six_neighbor_surface,763,0.7386891720081991,0.0535819603075609
20240701,1,22,0.2,donor_template,678,0.9043602898179053,0.06458459024118382
20240701,1,22,0.2,nearest_visible_surface,678,0.7192185579458847,0.05297697619807569
20240701,1,22,0.2,six_neighbor_depth_shared_shape,678,0.6566520138989979,0.04826081567951959
20240701,1,22,0.2,six_neighbor_surface,678,0.661830573781615,0.04889973080629968
20240701,1,22,0.4,donor_template,507,0.8699254720925427,0.06297529687123542
20240701,1,22,0.4,nearest_visible_surface,507,0.6560993852251211,0.04847291114754881
20240701,1,22,0.4,six_neighbor_depth_shared_shape,507,0.6137196867363734,0.04416890870024307
20240701,1,22,0.4,six_neighbor_surface,507,0.6112111971627952,0.04450977201949705
20240701,1,23,0.01,donor_template,838,0.878333567648412,0.06352258661316815
20240701,1,23,0.01,nearest_visible_surface,838,0.9253547119258121,0.06646412923248302
20240701,1,23,0.01,six_neighbor_depth_shared_shape,838,0.8876262886199188,0.06480714327532863
20240701,1,23,0.01,six_neighbor_surface,838,0.925771401447339,0.06685910324460498
20240701,1,23,0.02,donor_template,829,0.8890590003920024,0.06328620236655795
20240701,1,23,0.02,nearest_visible_surface,829,0.9199084355575358,0.06553549838743246
20240701,1,23,0.02,six_neighbor_depth_shared_shape,829,0.8446258730170927,0.06156886155856742
20240701,1,23,0.02,six_neighbor_surface,829,0.8802938719144648,0.0632029958229771
20240701,1,23,0.05,donor_template,804,0.8812244576092576,0.0648776564922888
20240701,1,23,0.05,nearest_visible_surface,804,0.9234595814849763,0.06627840111402111
20240701,1,23,0.05,six_neighbor_depth_shared_shape,804,0.8126697878743856,0.05848217610239875
20240701,1,23,0.05,six_neighbor_surface,804,0.8405947021489786,0.0608899846557958
20240701,1,23,0.1,donor_template,761,0.8762860288777196,0.0630878688091681
20240701,1,23,0.1,nearest_visible_surface,761,0.80047207309276,0.06007221421893269
20240701,1,23,0.1,six_neighbor_depth_shared_shape,761,0.7088233472612768,0.051349233932530686
20240701,1,23,0.1,six_neighbor_surface,761,0.7388132483179382,0.054428396856836245
20240701,1,23,0.2,donor_template,677,0.9151524754996015,0.06416471979784273
20240701,1,23,0.2,nearest_visible_surface,677,0.7498574132727646,0.05430154781406275
20240701,1,23,0.2,six_neighbor_depth_shared_shape,677,0.6275914453129041,0.045522245005528976
20240701,1,23,0.2,six_neighbor_surface,677,0.6524762863277502,0.04747042102926233
20240701,1,23,0.4,donor_template,508,0.9176392683880329,0.06485986809464782
20240701,1,23,0.4,nearest_visible_surface,508,0.6520759296647134,0.04964109590046703
20240701,1,23,0.4,six_neighbor_depth_shared_shape,508,0.5995764327172326,0.043651064060465726
20240701,1,23,0.4,six_neighbor_surface,508,0.5835248697317565,0.04278465283782833
20240701,1,24,0.01,donor_template,838,0.9680991316876209,0.06824106540202735
20240701,1,24,0.01,nearest_visible_surface,838,1.1675603519174023,0.08424527375201937
20240701,1,24,0.01,six_neighbor_depth_shared_shape,838,0.8321099473604912,0.05993242298043544
20240701,1,24,0.01,six_neighbor_surface,838,0.8077847195770442,0.058162237721061924
20240701,1,24,0.02,donor_template,829,0.9040877605028104,0.0649799764461584
20240701,1,24,0.02,nearest_visible_surface,829,1.047719600360765,0.07642634402652503
20240701,1,24,0.02,six_neighbor_depth_shared_shape,829,0.8199647075237477,0.06008294745482038
20240701,1,24,0.02,six_neighbor_surface,829,0.8433100851110732,0.06255420544247217
20240701,1,24,0.05,donor_template,804,1.0003821520157476,0.07182280718851923
20240701,1,24,0.05,nearest_visible_surface,804,1.0014103437660586,0.07417332442989016
20240701,1,24,0.05,six_neighbor_depth_shared_shape,804,0.8173818770523125,0.06143437033725184
20240701,1,24,0.05,six_neighbor_surface,804,0.859502417953045,0.06471756747299898
20240701,1,24,0.1,donor_template,761,0.916227802157794,0.06582164749141983
20240701,1,24,0.1,nearest_visible_surface,761,0.8245244154991402,0.06131622011088737
20240701,1,24,0.1,six_neighbor_depth_shared_shape,761,0.7347587479207767,0.05432486259939433
20240701,1,24,0.1,six_neighbor_surface,761,0.7519561860862188,0.05758016246546397
20240701,1,24,0.2,donor_template,677,0.8460968772735323,0.06110119807620342
20240701,1,24,0.2,nearest_visible_surface,677,0.6874231597600231,0.050324580148213956
20240701,1,24,0.2,six_neighbor_depth_shared_shape,677,0.6348523497909103,0.046101126019312225
20240701,1,24,0.2,six_neighbor_surface,677,0.6687146328811494,0.05041959729389738
20240701,1,24,0.4,donor_template,506,0.8514220049651664,0.06147252423782816
20240701,1,24,0.4,nearest_visible_surface,506,0.6223939617697485,0.045512807863196295
20240701,1,24,0.4,six_neighbor_depth_shared_shape,506,0.5960738089426874,0.04412921780865871
20240701,1,24,0.4,six_neighbor_surface,506,0.5804009725567246,0.044080117590282505
