volume,eye,seed_rank,radius_hops,method,scored_lenses,median_lens_mae_um,p90_lens_mae_um,median_normalized_mae
20231107,0,0,1,axisymmetric_ellipsoid,7,29.791044675188566,30.875714919088566,0.9999133398097522
20231107,0,0,1,graph_harmonic_depth_shared_shape,7,0.9966550843682584,1.355152549969198,0.03165343916627413
20231107,0,0,1,nearest_visible_surface,7,0.5828947093319734,1.7776003331294885,0.018145056048651773
20231107,0,0,1,same_eye_outer_ridge,7,2.471785375918055,3.928772119430504,0.08497053061598689
20231107,0,0,1,same_eye_template,7,2.469329943123425,3.639093150614956,0.07974115974656054
20231107,0,0,1,six_neighbor_depth_shared_shape,7,0.7540372390802775,1.3986538578641796,0.023472589040244653
20231107,0,0,1,six_neighbor_surface,7,0.7844980241266273,1.3914251776136017,0.024488507235784746
20231107,0,0,2,axisymmetric_ellipsoid,19,29.71604070930792,31.00667851174697,0.9819974157503655
20231107,0,0,2,graph_harmonic_depth_shared_shape,19,0.7930653226571133,1.3796369118593823,0.025235419826577524
20231107,0,0,2,nearest_visible_surface,19,0.5635105755561883,1.8599294257968426,0.017494238915285794
20231107,0,0,2,same_eye_outer_ridge,19,3.1202321817527774,4.569898757124038,0.10080785108074314
20231107,0,0,2,same_eye_template,19,2.5675748539000276,4.094532435200692,0.08291374636113596
20231107,0,0,2,six_neighbor_depth_shared_shape,19,0.7569533404772102,1.240328181177314,0.024596167002138073
20231107,0,0,2,six_neighbor_surface,19,0.7570764052215634,1.2179081823954483,0.024938771706579127
20231107,0,0,3,axisymmetric_ellipsoid,37,29.66534839969359,31.91249382454699,0.9845678205438319
20231107,0,0,3,graph_harmonic_depth_shared_shape,37,0.7906550107241672,1.5474234717773339,0.026674600043837402
20231107,0,0,3,nearest_visible_surface,37,0.6732266881275143,2.225615033631521,0.021384859332574165
20231107,0,0,3,same_eye_outer_ridge,37,3.0478612333175867,4.758041494188566,0.098755648376187
20231107,0,0,3,same_eye_template,37,2.4680985604565557,4.641541185787195,0.08008047250277556
20231107,0,0,3,six_neighbor_depth_shared_shape,37,0.6268803422067699,1.602587638378861,0.020000377687115895
20231107,0,0,3,six_neighbor_surface,37,0.6419964303251299,1.6222627531617635,0.019846647056024534
20231107,0,1,1,axisymmetric_ellipsoid,7,25.547042044105858,28.785379931066082,0.9665552437468631
20231107,0,1,1,graph_harmonic_depth_shared_shape,7,2.2880990520740006,2.8659720067366927,0.07683851679078807
20231107,0,1,1,nearest_visible_surface,7,2.1323422448844735,4.72229151990042,0.087547423387335
20231107,0,1,1,same_eye_outer_ridge,7,2.979382514342849,4.841643286463453,0.12232429528690773
20231107,0,1,1,same_eye_template,7,1.7742302722808236,4.485575251627824,0.06271466076551352
20231107,0,1,1,six_neighbor_depth_shared_shape,7,1.741174621066738,2.651182391340414,0.059257759168877426
20231107,0,1,1,six_neighbor_surface,7,1.713700482606609,2.615659324473327,0.05895038573235916
20231107,0,1,2,axisymmetric_ellipsoid,19,24.9175170026336,27.79120342701513,0.9711143889440721
20231107,0,1,2,graph_harmonic_depth_shared_shape,19,1.1262581647116945,2.989213705749505,0.045025437139354176
20231107,0,1,2,nearest_visible_surface,19,1.6445108391535317,3.2106076277493143,0.0535030272023405
20231107,0,1,2,same_eye_outer_ridge,19,3.026623963408115,4.673857815983849,0.12426388409009825
20231107,0,1,2,same_eye_template,19,1.5427990602206034,6.136698979387777,0.05661406989634584
20231107,0,1,2,six_neighbor_depth_shared_shape,19,1.482938042283284,2.176455854776036,0.054043560499240806
20231107,0,1,2,six_neighbor_surface,19,1.4877721172576952,2.1653862406871887,0.05459481847507594
20231107,0,1,3,axisymmetric_ellipsoid,37,24.9175170026336,28.912618491577547,0.9894540205670042
20231107,0,1,3,graph_harmonic_depth_shared_shape,37,1.0311830994464217,2.809208542447196,0.04395345772468338
20231107,0,1,3,nearest_visible_surface,37,2.1451620057669363,3.5889116984631766,0.07378390112428591
20231107,0,1,3,same_eye_outer_ridge,37,2.3860607724307004,4.961612503170505,0.09447137092867164
20231107,0,1,3,same_eye_template,37,1.7725406185637629,6.837439636484259,0.06549104987245141
20231107,0,1,3,six_neighbor_depth_shared_shape,37,1.750353113286847,3.1686805961054607,0.06523500300950374
20231107,0,1,3,six_neighbor_surface,37,1.746525475028008,3.170456428372584,0.06580048692890739
20231107,0,2,1,axisymmetric_ellipsoid,7,18.800644266193267,22.749984675730847,0.9856147774035288
20231107,0,2,1,graph_harmonic_depth_shared_shape,7,1.514853903704056,2.183606823120808,0.07781511723083727
20231107,0,2,1,nearest_visible_surface,7,1.7651453980414065,2.080125507904576,0.0811987715785295
20231107,0,2,1,same_eye_outer_ridge,7,8.70223136398251,9.602089834674983,0.45621031424697545
20231107,0,2,1,same_eye_template,7,9.648646901851698,10.945100067080013,0.5058256958520365
20231107,0,2,1,six_neighbor_depth_shared_shape,7,0.9413009752593654,1.7483333522010869,0.04893349417916485
20231107,0,2,1,six_neighbor_surface,7,0.9756039325441641,1.6751648371197434,0.05114556922592212
20231107,0,2,2,axisymmetric_ellipsoid,19,18.165670645044912,23.748058685530758,0.9502087586126958
20231107,0,2,2,graph_harmonic_depth_shared_shape,19,1.415783807933973,2.2343653446125407,0.06400400814409307
20231107,0,2,2,nearest_visible_surface,19,1.064231837538137,3.667839449579892,0.04534928662801675
20231107,0,2,2,same_eye_outer_ridge,19,7.818391145341629,9.88393800840908,0.3957394634506405
20231107,0,2,2,same_eye_template,19,9.058533610784771,11.025035488876174,0.4585111136218189
20231107,0,2,2,six_neighbor_depth_shared_shape,19,1.1593421897339262,2.843485745138431,0.05793906463781002
20231107,0,2,2,six_neighbor_surface,19,1.14841419205293,2.8317079291529184,0.05845995213525761
20231107,0,2,3,axisymmetric_ellipsoid,37,18.800644266193267,24.724434342478972,0.9527330617602184
20231107,0,2,3,graph_harmonic_depth_shared_shape,37,1.4812075916821792,2.6332117561017423,0.07004427100868955
20231107,0,2,3,nearest_visible_surface,37,1.216312667750342,3.325193943505991,0.0698257544924165
20231107,0,2,3,same_eye_outer_ridge,37,7.666837855639008,11.276911224621976,0.38136095935660896
20231107,0,2,3,same_eye_template,37,8.605604351581173,11.61675747812418,0.4235134111342501
20231107,0,2,3,six_neighbor_depth_shared_shape,37,1.2395913053447714,3.2907397230226323,0.059998518469760426
20231107,0,2,3,six_neighbor_surface,37,1.2392451774384012,3.278874260902171,0.058955490681820814
20231107,0,3,1,axisymmetric_ellipsoid,7,29.201295795580073,30.23694357929756,0.9861313733824457
20231107,0,3,1,graph_harmonic_depth_shared_shape,7,1.231976552867521,1.6709638144668144,0.04160400067719277
20231107,0,3,1,nearest_visible_surface,7,0.9418840371555331,2.2021493609771126,0.032210986151362204
20231107,0,3,1,same_eye_outer_ridge,7,1.195805845007042,2.1794627543449616,0.04034725789769165
20231107,0,3,1,same_eye_template,7,1.1829780898313271,1.7771486833248746,0.039936523702770885
20231107,0,3,1,six_neighbor_depth_shared_shape,7,0.923153149841034,2.3646656070754153,0.031174996132632606
20231107,0,3,1,six_neighbor_surface,7,0.9553812674079052,2.41102409264164,0.03226334365187386
20231107,0,3,2,axisymmetric_ellipsoid,19,29.494630642452503,31.91590453138689,0.9825362304963853
20231107,0,3,2,graph_harmonic_depth_shared_shape,19,1.2091252649442583,2.0860907987957518,0.03794202737546968
20231107,0,3,2,nearest_visible_surface,19,1.2407166404297831,2.680320633264527,0.04243060180034564
20231107,0,3,2,same_eye_outer_ridge,19,0.9814558890995373,6.135580323102757,0.03242861947536317
20231107,0,3,2,same_eye_template,19,1.6555856427123539,5.288627516243869,0.05490388047344644
20231107,0,3,2,six_neighbor_depth_shared_shape,19,1.0626400558829812,2.3028763347663634,0.035885486214543065
20231107,0,3,2,six_neighbor_surface,19,1.0818454073510368,2.3123475994745433,0.03653405331074545
20231107,0,3,3,axisymmetric_ellipsoid,37,29.53970639001702,33.38953401162793,0.9840005372719649
20231107,0,3,3,graph_harmonic_depth_shared_shape,37,1.6049305857779135,2.264218953439305,0.05137997450347402
20231107,0,3,3,nearest_visible_surface,37,1.143188255545845,2.7472331188686305,0.03264126736330661
20231107,0,3,3,same_eye_outer_ridge,37,1.929675942303157,6.463317687523278,0.06102458922383741
20231107,0,3,3,same_eye_template,37,1.9681170064785984,6.024899739438723,0.06507093800317316
20231107,0,3,3,six_neighbor_depth_shared_shape,37,1.3136110968595285,2.1481211098107416,0.04284856892697794
20231107,0,3,3,six_neighbor_surface,37,1.3228373021455995,2.1260201421016713,0.042452860032134034
20231107,0,4,1,axisymmetric_ellipsoid,7,23.590395909394264,28.54012072067915,0.9801902761756472
20231107,0,4,1,graph_harmonic_depth_shared_shape,7,1.6136416179931157,1.8725813259903588,0.05565849851956409
20231107,0,4,1,nearest_visible_surface,7,1.8449987703635087,3.844106104509607,0.07112146920097376
20231107,0,4,1,same_eye_outer_ridge,7,2.1429659664320475,6.026250635299594,0.07992963202035813
20231107,0,4,1,same_eye_template,7,1.9306596958924287,6.042981058488619,0.0720109051970386
20231107,0,4,1,six_neighbor_depth_shared_shape,7,0.9403468151517406,1.2672916895444861,0.04161944887569201
20231107,0,4,1,six_neighbor_surface,7,0.9721420364163601,1.243491615865647,0.04131467491772762
20231107,0,4,2,axisymmetric_ellipsoid,19,23.77479553472774,28.28171499804232,0.9829022493555654
20231107,0,4,2,graph_harmonic_depth_shared_shape,19,2.307988565202671,3.1193901375991513,0.08127856842991803
20231107,0,4,2,nearest_visible_surface,19,1.6356033762452078,3.7090326868562475,0.06353064428792828
20231107,0,4,2,same_eye_outer_ridge,19,4.041149653339011,6.136756322435958,0.1264467830431601
20231107,0,4,2,same_eye_template,19,3.056907588998081,6.042617489678021,0.09883054795699318
20231107,0,4,2,six_neighbor_depth_shared_shape,19,1.9502294540342664,2.7119635607211268,0.06848225752372557
20231107,0,4,2,six_neighbor_surface,19,1.9377607847976042,2.6951055627283664,0.06734771275493674
20231107,0,4,3,axisymmetric_ellipsoid,37,24.406681825707455,27.845547677287556,0.9829022493555654
20231107,0,4,3,graph_harmonic_depth_shared_shape,37,2.105431160496236,3.746566528297544,0.07595484935382309
20231107,0,4,3,nearest_visible_surface,37,1.3473938149927187,4.183023634206952,0.0463844348310882
20231107,0,4,3,same_eye_outer_ridge,37,3.2945014267474217,5.3491775384427145,0.11553601196257936
20231107,0,4,3,same_eye_template,37,3.1651517745477236,5.478620761466745,0.12327004053919999
20231107,0,4,3,six_neighbor_depth_shared_shape,37,1.7781420855065495,3.5108445723192516,0.07085725935471367
20231107,0,4,3,six_neighbor_surface,37,1.7758694327057554,3.527487377055794,0.07231611730272887
20231107,0,5,1,axisymmetric_ellipsoid,7,26.271438627917167,27.4588286793215,0.9440260438151289
20231107,0,5,1,graph_harmonic_depth_shared_shape,7,0.9539761947338575,3.032442296212361,0.03443148397169327
20231107,0,5,1,nearest_visible_surface,7,2.1266926799126384,4.238824366347391,0.07911538551805297
20231107,0,5,1,same_eye_outer_ridge,7,1.6281252861551392,4.391963442871186,0.060968292788727035
20231107,0,5,1,same_eye_template,7,1.2373180302181621,3.5282266644525015,0.04160483322254535
20231107,0,5,1,six_neighbor_depth_shared_shape,7,1.2915272120215744,3.3583558143945966,0.045290008974052505
20231107,0,5,1,six_neighbor_surface,7,1.2405430520640552,3.238156122457588,0.04350214648031823
20231107,0,5,2,axisymmetric_ellipsoid,19,26.579879862325498,28.523342759026608,0.9842871947003082
20231107,0,5,2,graph_harmonic_depth_shared_shape,19,1.3240729962165392,4.114645517398085,0.04216379563066612
20231107,0,5,2,nearest_visible_surface,19,2.046921061174508,4.415041677544512,0.06961664377956664
20231107,0,5,2,same_eye_outer_ridge,19,1.6401111096617076,3.884873858135048,0.06141813747347518
20231107,0,5,2,same_eye_template,19,1.6425769254162255,3.371456980109536,0.05893839195784456
20231107,0,5,2,six_neighbor_depth_shared_shape,19,1.6318620630013059,4.244479820982383,0.053372061631546494
20231107,0,5,2,six_neighbor_surface,19,1.6194078995287229,4.205166658411121,0.052964732853276145
20231107,0,5,3,axisymmetric_ellipsoid,37,26.874813432379955,29.722461848774156,0.9825484970913871
20231107,0,5,3,graph_harmonic_depth_shared_shape,37,1.4030901638544322,4.596066875471576,0.049573507768188876
20231107,0,5,3,nearest_visible_surface,37,1.6754676574431662,5.13728648306373,0.05773345501857845
20231107,0,5,3,same_eye_outer_ridge,37,1.5321900807377509,3.8811131574836017,0.05737675969627225
20231107,0,5,3,same_eye_template,37,1.844760608295921,3.986686584438137,0.06316433351997927
20231107,0,5,3,six_neighbor_depth_shared_shape,37,1.3355800239346687,5.289548181264542,0.046834809755875256
20231107,0,5,3,six_neighbor_surface,37,1.3178751216025741,5.3303962434181,0.046213951613637456
20231107,0,6,1,axisymmetric_ellipsoid,7,30.375390325900185,32.05371210361976,0.9942104639626796
20231107,0,6,1,graph_harmonic_depth_shared_shape,7,0.9254483940070501,1.5262377167017434,0.028835376927024793
20231107,0,6,1,nearest_visible_surface,7,1.1749932291058671,1.9795804362965064,0.0363672907426578
20231107,0,6,1,same_eye_outer_ridge,7,4.082622142927223,4.902456243363064,0.1272074694864372
20231107,0,6,1,same_eye_template,7,3.512864984033828,4.2798503239764605,0.10945481840405105
20231107,0,6,1,six_neighbor_depth_shared_shape,7,0.8529320573391157,1.396913967921963,0.027017814469388494
20231107,0,6,1,six_neighbor_surface,7,0.8628899768492626,1.3469291707483229,0.028567603101073254
20231107,0,6,2,axisymmetric_ellipsoid,19,30.290278703638993,32.03724624905506,0.997246848373824
20231107,0,6,2,graph_harmonic_depth_shared_shape,19,1.1110707258498944,2.502663498997952,0.035067648324438074
20231107,0,6,2,nearest_visible_surface,19,2.291882760352897,3.7126777212984807,0.07513783483173386
20231107,0,6,2,same_eye_outer_ridge,19,3.4836361292245783,4.926164716679227,0.11503867184103257
20231107,0,6,2,same_eye_template,19,2.6907351438260294,4.680805799509673,0.08665641722629402
20231107,0,6,2,six_neighbor_depth_shared_shape,19,1.4690364334709363,2.643877841732626,0.04357480952138152
20231107,0,6,2,six_neighbor_surface,19,1.4746311638036278,2.592346671969225,0.0435697873693706
20231107,0,6,3,axisymmetric_ellipsoid,37,30.375390325900185,32.00665090205333,0.9686938181215071
20231107,0,6,3,graph_harmonic_depth_shared_shape,37,1.2527781629539685,2.571647427426342,0.037811252666829054
20231107,0,6,3,nearest_visible_surface,37,1.533391124526065,3.691529009634182,0.04695610091638591
20231107,0,6,3,same_eye_outer_ridge,37,4.484381452199715,5.706723672649401,0.1382342621609064
20231107,0,6,3,same_eye_template,37,3.7901478883020783,5.464108112935438,0.11831935310441617
20231107,0,6,3,six_neighbor_depth_shared_shape,37,0.9732003359393171,2.568120230947551,0.031089586939777078
20231107,0,6,3,six_neighbor_surface,37,0.998340051839738,2.56551193712656,0.03149384225193448
20231107,0,7,1,axisymmetric_ellipsoid,7,29.433633624282326,30.496278903344518,0.9768199029149139
20231107,0,7,1,graph_harmonic_depth_shared_shape,7,0.3202939654468994,1.396668590342398,0.01049102372270978
20231107,0,7,1,nearest_visible_surface,7,0.4826693799094321,1.0814422853945285,0.01580952643859588
20231107,0,7,1,same_eye_outer_ridge,7,2.23993134436002,3.0405850120758524,0.07600240628622039
20231107,0,7,1,same_eye_template,7,2.0204999713756773,2.2886684205677805,0.06628662587273562
20231107,0,7,1,six_neighbor_depth_shared_shape,7,0.566435505760037,1.8945685703205066,0.01921954507762611
20231107,0,7,1,six_neighbor_surface,7,0.545833203117868,1.875520622176264,0.018520494823347368
20231107,0,7,2,axisymmetric_ellipsoid,19,29.23909428958916,31.6181799594571,0.970332633457551
20231107,0,7,2,graph_harmonic_depth_shared_shape,19,0.611272886299871,1.2572743379727294,0.019750248476297926
20231107,0,7,2,nearest_visible_surface,19,1.7514610653271234,2.583774219129543,0.05297359550504065
20231107,0,7,2,same_eye_outer_ridge,19,2.421463870090903,4.205488839847854,0.07803486181922745
20231107,0,7,2,same_eye_template,19,2.159356748225596,3.933644234151988,0.07063704824413489
20231107,0,7,2,six_neighbor_depth_shared_shape,19,0.9423240515645217,2.11580914543418,0.03021620895954285
20231107,0,7,2,six_neighbor_surface,19,0.962598462900161,2.1140900735235664,0.03086632061532866
20231107,0,7,3,axisymmetric_ellipsoid,37,29.609959133148973,33.01007328834064,0.970332633457551
20231107,0,7,3,graph_harmonic_depth_shared_shape,37,0.6766125194174927,1.5387709710533526,0.021758677301880823
20231107,0,7,3,nearest_visible_surface,37,1.5032072405390835,3.3481943241502643,0.05030637009873509
20231107,0,7,3,same_eye_outer_ridge,37,2.9217067737651092,5.759069915414122,0.09556995276467355
20231107,0,7,3,same_eye_template,37,2.672550301700095,5.110285933283732,0.08900422506522367
20231107,0,7,3,six_neighbor_depth_shared_shape,37,0.8920770933503552,1.9358741607785104,0.02919092162101917
20231107,0,7,3,six_neighbor_surface,37,0.887320830209074,1.917410380981576,0.029035285179279988
20231107,1,0,1,axisymmetric_ellipsoid,7,32.901821005264196,34.157647125318164,0.9500480696575009
20231107,1,0,1,graph_harmonic_depth_shared_shape,7,1.7970319159762422,2.383787234525023,0.051418107642453734
20231107,1,0,1,nearest_visible_surface,7,1.9383439097320112,4.216620673105308,0.05447474762294887
20231107,1,0,1,same_eye_outer_ridge,7,5.025585957593812,6.046144492148703,0.14431225017587843
20231107,1,0,1,same_eye_template,7,5.843842453068319,8.011485517995798,0.1678089005325449
20231107,1,0,1,six_neighbor_depth_shared_shape,7,1.8925633281789918,2.32906570475131,0.054677865109356
20231107,1,0,1,six_neighbor_surface,7,1.8344555129221982,2.3038931396215987,0.0537598688887895
20231107,1,0,2,axisymmetric_ellipsoid,19,33.14084875576823,35.49886511415135,0.9651175117709404
20231107,1,0,2,graph_harmonic_depth_shared_shape,19,1.9302412687967176,3.0010656785541037,0.05522959968186132
20231107,1,0,2,nearest_visible_surface,19,2.5140466909119112,4.7230336884647075,0.06553363652624652
20231107,1,0,2,same_eye_outer_ridge,19,5.235863437860314,7.644296823677622,0.15253867487535647
20231107,1,0,2,same_eye_template,19,6.392207922300541,8.215509712967211,0.18006782361552495
20231107,1,0,2,six_neighbor_depth_shared_shape,19,1.981126927567379,3.833787949786918,0.05771702793197957
20231107,1,0,2,six_neighbor_surface,19,2.03842978739982,3.814486960540532,0.059386456940040334
20231107,1,0,3,axisymmetric_ellipsoid,37,32.4509150424394,35.28911179117659,0.9696374214852252
20231107,1,0,3,graph_harmonic_depth_shared_shape,37,2.24963793437852,4.320960025431316,0.06753306333965989
20231107,1,0,3,nearest_visible_surface,37,3.265800757651895,7.683166837073487,0.09503709480169982
20231107,1,0,3,same_eye_outer_ridge,37,4.623393948617843,7.6295988078162535,0.12179902180818762
20231107,1,0,3,same_eye_template,37,6.01001353180231,8.36963627028593,0.17196329122676537
20231107,1,0,3,six_neighbor_depth_shared_shape,37,2.3226895925997555,6.100446004513636,0.06625279911121848
20231107,1,0,3,six_neighbor_surface,37,2.2913902268712967,5.9911563533576135,0.06662508834065128
20231107,1,1,1,axisymmetric_ellipsoid,7,25.65626817391739,27.22199770388628,0.9792683441138514
20231107,1,1,1,graph_harmonic_depth_shared_shape,7,0.3577968790052565,1.0394598420440053,0.014344921978072956
20231107,1,1,1,nearest_visible_surface,7,0.8239761733365301,1.3690964246154649,0.031011108913362444
20231107,1,1,1,same_eye_outer_ridge,7,0.8778543353264737,1.8954356758685493,0.031320868290615214
20231107,1,1,1,same_eye_template,7,2.5123173805912207,4.154357907354062,0.09479198062093531
20231107,1,1,1,six_neighbor_depth_shared_shape,7,0.47980568400036183,1.299022235538532,0.016298190514544487
20231107,1,1,1,six_neighbor_surface,7,0.48428826303944894,1.2923017755386101,0.016450456170437576
20231107,1,1,2,axisymmetric_ellipsoid,19,24.847552742831013,27.919741251720044,0.9655974922551968
20231107,1,1,2,graph_harmonic_depth_shared_shape,19,0.9697836702406505,2.10479971662553,0.037108104391456564
20231107,1,1,2,nearest_visible_surface,19,1.0649862295118298,2.1956238391498504,0.04117010968117389
20231107,1,1,2,same_eye_outer_ridge,19,2.054948693547214,4.011385534417611,0.07541355126778382
20231107,1,1,2,same_eye_template,19,2.5556559399259333,5.8122876901773655,0.09642718320653722
20231107,1,1,2,six_neighbor_depth_shared_shape,19,1.1305132303245586,2.3722494954016193,0.043085560046978555
20231107,1,1,2,six_neighbor_surface,19,1.1023544220102244,2.366941287285607,0.042484141570925414
20231107,1,1,3,axisymmetric_ellipsoid,37,24.6222616128235,28.635300120530236,0.973417231987151
20231107,1,1,3,graph_harmonic_depth_shared_shape,37,1.1937083037881782,2.5191299603097606,0.042715797688183725
20231107,1,1,3,nearest_visible_surface,37,1.5356138688811138,3.3056282017758685,0.06501024202962949
20231107,1,1,3,same_eye_outer_ridge,37,2.059374530415156,5.8754602553154305,0.07870189731478329
20231107,1,1,3,same_eye_template,37,2.62863833144236,7.772915660323123,0.09918087408004722
20231107,1,1,3,six_neighbor_depth_shared_shape,37,1.4710109000428664,2.885953197413157,0.059582949866087344
20231107,1,1,3,six_neighbor_surface,37,1.478929523970912,2.905053622993663,0.05883187909114804
20231107,1,2,1,axisymmetric_ellipsoid,7,24.74480180801841,26.941253310428525,0.9194856938761861
20231107,1,2,1,graph_harmonic_depth_shared_shape,7,0.35725804483359713,1.3122762989738188,0.013275259337103407
20231107,1,2,1,nearest_visible_surface,7,0.4743253812434899,1.8275527364795967,0.01749708959517288
20231107,1,2,1,same_eye_outer_ridge,7,0.8302124865479246,2.213919208447681,0.03062518438730432
20231107,1,2,1,same_eye_template,7,1.8797906908029627,2.266754685551394,0.0689230297335868
20231107,1,2,1,six_neighbor_depth_shared_shape,7,0.5210477739723711,1.362450392132031,0.019414719183552163
20231107,1,2,1,six_neighbor_surface,7,0.562044687372211,1.3624050623181443,0.020942301875216257
20231107,1,2,2,axisymmetric_ellipsoid,19,25.447306165936993,27.0534415495511,0.9539166864822368
20231107,1,2,2,graph_harmonic_depth_shared_shape,19,0.9873902005953464,1.514772015214384,0.03620292646795463
20231107,1,2,2,nearest_visible_surface,19,0.862427821387038,2.0301614266094825,0.0320467324781411
20231107,1,2,2,same_eye_outer_ridge,19,1.165874993846964,3.2528868341905794,0.0421951113130313
20231107,1,2,2,same_eye_template,19,1.9605067485373582,2.8922809873143827,0.07188250563397511
20231107,1,2,2,six_neighbor_depth_shared_shape,19,0.5962872514666638,1.8361776412187,0.022864102729840914
20231107,1,2,2,six_neighbor_surface,19,0.6048827128722016,1.8680888215922213,0.02319368802971645
20231107,1,2,3,axisymmetric_ellipsoid,37,25.447306165936993,27.206730684068194,0.9539166864822368
20231107,1,2,3,graph_harmonic_depth_shared_shape,37,1.5845504672886817,3.004127063140784,0.06056533766508896
20231107,1,2,3,nearest_visible_surface,37,1.334272098384198,4.212547184188572,0.04791848299087334
20231107,1,2,3,same_eye_outer_ridge,37,2.41594093886405,4.156126329064087,0.0877071679722321
20231107,1,2,3,same_eye_template,37,2.2138181681479594,4.155092835623238,0.08166414104587406
20231107,1,2,3,six_neighbor_depth_shared_shape,37,1.569406614123528,3.7728121956253484,0.06093076749806611
20231107,1,2,3,six_neighbor_surface,37,1.5872809811462993,3.8440566966884853,0.06095750469580791
20231107,1,3,1,axisymmetric_ellipsoid,7,28.51443767308303,31.895055466071938,0.9999128075795417
20231107,1,3,1,graph_harmonic_depth_shared_shape,7,1.2234088909287182,2.1002725769443082,0.04109129046024112
20231107,1,3,1,nearest_visible_surface,7,1.3318357082142036,2.7299666372631863,0.04933053909841417
20231107,1,3,1,same_eye_outer_ridge,7,2.26257642914988,3.6165765265143506,0.07356393890725546
20231107,1,3,1,same_eye_template,7,1.8920447810528254,2.979952639971408,0.07008040741964054
20231107,1,3,1,six_neighbor_depth_shared_shape,7,1.3247011625991993,1.6833983279089713,0.04655829840976368
20231107,1,3,1,six_neighbor_surface,7,1.2504170535852652,1.683358796932093,0.043947489412066304
20231107,1,3,2,axisymmetric_ellipsoid,19,28.272581522682742,32.66810112937651,0.9952316698153234
20231107,1,3,2,graph_harmonic_depth_shared_shape,19,1.1993184365943106,2.435802072422619,0.042167787390565425
20231107,1,3,2,nearest_visible_surface,19,1.4722262895419944,3.6085409434285127,0.045122477295541134
20231107,1,3,2,same_eye_outer_ridge,19,2.50193199612368,6.088983549020006,0.08403373158948137
20231107,1,3,2,same_eye_template,19,2.4972247709095665,4.974023053926547,0.07958304157007544
20231107,1,3,2,six_neighbor_depth_shared_shape,19,1.1479122443126173,2.1613745268096904,0.035435675152353005
20231107,1,3,2,six_neighbor_surface,19,0.9699219609222293,2.1583509869816586,0.03065117312200051
20231107,1,3,3,axisymmetric_ellipsoid,37,28.51443767308303,32.63220971517918,0.9894555974547485
20231107,1,3,3,graph_harmonic_depth_shared_shape,37,1.1960410801957124,2.945924533687274,0.038298455758292695
20231107,1,3,3,nearest_visible_surface,37,2.6351745944745737,4.539210012954365,0.08299044091255772
20231107,1,3,3,same_eye_outer_ridge,37,3.1424528313846882,6.415905194562447,0.10563697593620254
20231107,1,3,3,same_eye_template,37,2.31305690750188,6.002106600109356,0.07941562321312313
20231107,1,3,3,six_neighbor_depth_shared_shape,37,1.3603937024003063,3.0949866782786573,0.04291613139799953
20231107,1,3,3,six_neighbor_surface,37,1.3587737091752454,3.102049826023109,0.04286502572029174
20231107,1,4,1,axisymmetric_ellipsoid,7,30.972366479351365,33.41678949290907,0.9964494735551864
20231107,1,4,1,graph_harmonic_depth_shared_shape,7,2.0733701331794623,3.295110450587839,0.0645104348150922
20231107,1,4,1,nearest_visible_surface,7,2.095956949239144,4.810399815267852,0.07274464972194696
20231107,1,4,1,same_eye_outer_ridge,7,1.1962218534495561,5.363532272761069,0.03663226360958951
20231107,1,4,1,same_eye_template,7,3.5296069322955255,5.8798658596121145,0.1088368364988162
20231107,1,4,1,six_neighbor_depth_shared_shape,7,2.0628007238846093,3.0255606010190754,0.06418158027125632
20231107,1,4,1,six_neighbor_surface,7,2.031378495896659,3.058524281436769,0.06320391518487198
20231107,1,4,2,axisymmetric_ellipsoid,19,32.08393354954538,35.04095909556275,0.9803535527428168
20231107,1,4,2,graph_harmonic_depth_shared_shape,19,1.7024924539631772,4.167067484569338,0.05249703335434872
20231107,1,4,2,nearest_visible_surface,19,2.334918935368229,4.88531222283194,0.07517045579456104
20231107,1,4,2,same_eye_outer_ridge,19,2.692972414138609,6.824600331800392,0.09245534640824922
20231107,1,4,2,same_eye_template,19,4.636952844643668,7.924327745110178,0.13776494842174608
20231107,1,4,2,six_neighbor_depth_shared_shape,19,1.7684549361163395,3.8750333824828496,0.05374966695609713
20231107,1,4,2,six_neighbor_surface,19,1.8059786287582928,3.870352190218761,0.05568807079905898
20231107,1,4,3,axisymmetric_ellipsoid,37,32.071774222156364,35.38470152551258,0.9705335047728237
20231107,1,4,3,graph_harmonic_depth_shared_shape,37,1.9191815543968853,3.9529545546456415,0.05721173438029465
20231107,1,4,3,nearest_visible_surface,37,2.416620459679289,6.358195041277535,0.07158908615776798
20231107,1,4,3,same_eye_outer_ridge,37,2.935727693450756,7.223334504716844,0.09340472399572951
20231107,1,4,3,same_eye_template,37,4.736332500415328,8.065768603705848,0.14044602010384746
20231107,1,4,3,six_neighbor_depth_shared_shape,37,2.0166887282397394,5.018549902606543,0.060906252977775674
20231107,1,4,3,six_neighbor_surface,37,2.1535187421506508,5.0307303770247565,0.06528594342478329
20231107,1,5,1,axisymmetric_ellipsoid,7,30.88310385292457,31.59423043129514,0.9607483587634551
20231107,1,5,1,graph_harmonic_depth_shared_shape,7,2.360665629167866,2.842920592789393,0.07018147514548931
20231107,1,5,1,nearest_visible_surface,7,2.6207332995846477,3.3158058825006944,0.07993759392883042
20231107,1,5,1,same_eye_outer_ridge,7,1.8612313018447562,3.3286791685956247,0.05677126781198018
20231107,1,5,1,same_eye_template,7,3.3820413335664083,4.1748512221002,0.10434744047717141
20231107,1,5,1,six_neighbor_depth_shared_shape,7,2.005742638911216,3.1175290471360646,0.05962978213505638
20231107,1,5,1,six_neighbor_surface,7,2.0585247826738984,3.130004865658115,0.061198970360968795
20231107,1,5,2,axisymmetric_ellipsoid,19,29.718072658135043,31.293743132480454,0.9599497782668529
20231107,1,5,2,graph_harmonic_depth_shared_shape,19,1.858591338476226,4.320352508967368,0.06112884600803527
20231107,1,5,2,nearest_visible_surface,19,2.33921393819156,4.234770323603623,0.07504826473610458
20231107,1,5,2,same_eye_outer_ridge,19,1.2106368778722059,3.1728269102066613,0.04131091313628725
20231107,1,5,2,same_eye_template,19,1.7501017003058523,4.120858615250276,0.05703169143707389
20231107,1,5,2,six_neighbor_depth_shared_shape,19,2.2111186475127056,3.9112313891678827,0.06813626772187616
20231107,1,5,2,six_neighbor_surface,19,2.1874103949908363,3.906237917855326,0.06613365030436424
20231107,1,5,3,axisymmetric_ellipsoid,37,28.793600816394747,31.202583369424836,0.995698112409892
20231107,1,5,3,graph_harmonic_depth_shared_shape,37,1.199863251401236,3.597155659650718,0.040632453244646684
20231107,1,5,3,nearest_visible_surface,37,1.9142236160290853,4.583990380638044,0.06351030250728767
20231107,1,5,3,same_eye_outer_ridge,37,1.756371804420333,4.101113529626221,0.05414812970445069
20231107,1,5,3,same_eye_template,37,1.5970243891647473,3.9345963207224974,0.052407912410237595
20231107,1,5,3,six_neighbor_depth_shared_shape,37,1.8537994241527385,4.228572179253041,0.06354795116868853
20231107,1,5,3,six_neighbor_surface,37,1.882281823490752,4.223244499672762,0.06347317532799926
20231107,1,6,1,axisymmetric_ellipsoid,7,29.918712754358232,32.03175400484069,0.9951676399657327
20231107,1,6,1,graph_harmonic_depth_shared_shape,7,0.8106672059437108,1.2346132586217458,0.026858294618533844
20231107,1,6,1,nearest_visible_surface,7,1.1310610278028697,2.196558171537796,0.03771110644074599
20231107,1,6,1,same_eye_outer_ridge,7,1.6801667927813138,3.805261788855023,0.055040598489935824
20231107,1,6,1,same_eye_template,7,1.4661319372117914,3.640597221405627,0.04799674812265475
20231107,1,6,1,six_neighbor_depth_shared_shape,7,0.447059856667421,1.6182493804867826,0.013544247726479048
20231107,1,6,1,six_neighbor_surface,7,0.46749779767187777,1.647462318017968,0.014163441178664707
20231107,1,6,2,axisymmetric_ellipsoid,19,29.897400399705997,31.919158965601333,0.976600861346448
20231107,1,6,2,graph_harmonic_depth_shared_shape,19,1.0073479683397288,1.8737554461310255,0.030079144700688225
20231107,1,6,2,nearest_visible_surface,19,3.3494293374742847,4.716178106583349,0.10541392154713493
20231107,1,6,2,same_eye_outer_ridge,19,1.7669281702483766,3.6669658782742203,0.055789670877625784
20231107,1,6,2,same_eye_template,19,1.754839828165169,4.8218497788076595,0.06443632689306808
20231107,1,6,2,six_neighbor_depth_shared_shape,19,1.4718276735776117,3.0308093991349154,0.04524980311905974
20231107,1,6,2,six_neighbor_surface,19,1.5604473178834302,2.9726487336010248,0.04486737411963538
20231107,1,6,3,axisymmetric_ellipsoid,37,29.11067343588566,31.526826699168637,0.9577913503114902
20231107,1,6,3,graph_harmonic_depth_shared_shape,37,1.3033264538091893,3.2323380261270382,0.04418794234924969
20231107,1,6,3,nearest_visible_surface,37,2.411548003465912,5.32902885334269,0.09774908044769948
20231107,1,6,3,same_eye_outer_ridge,37,2.048372125438848,4.279320577589266,0.06557057242989671
20231107,1,6,3,same_eye_template,37,2.498779812395335,5.83474322918083,0.08110448550431078
20231107,1,6,3,six_neighbor_depth_shared_shape,37,1.819161127676777,3.2498916538519964,0.05858705478889398
20231107,1,6,3,six_neighbor_surface,37,1.8101162853118784,3.2253393191973907,0.05791639748069787
20231107,1,7,1,axisymmetric_ellipsoid,7,29.512023445077688,30.252326186559667,0.9605930028727636
20231107,1,7,1,graph_harmonic_depth_shared_shape,7,1.1066940160761476,1.644032004570573,0.03378220733367433
20231107,1,7,1,nearest_visible_surface,7,0.9197268883731022,2.0249277487308595,0.031412605311267765
20231107,1,7,1,same_eye_outer_ridge,7,2.4771198524881854,4.670655241250999,0.08460423329860416
20231107,1,7,1,same_eye_template,7,1.8452558818371163,3.16146395468468,0.059691846303339464
20231107,1,7,1,six_neighbor_depth_shared_shape,7,1.2604035792311583,1.7709971801918885,0.03847424348480664
20231107,1,7,1,six_neighbor_surface,7,1.228096454497918,1.709123766711674,0.039973567493228314
20231107,1,7,2,axisymmetric_ellipsoid,19,30.082865697246795,33.27321063583567,0.9711707952739163
20231107,1,7,2,graph_harmonic_depth_shared_shape,19,1.195451543750273,4.241054536626367,0.038395207273228635
20231107,1,7,2,nearest_visible_surface,19,1.489138675150997,4.800614361806946,0.04763036837586591
20231107,1,7,2,same_eye_outer_ridge,19,2.989895886719976,5.120215484372477,0.09665339136166114
20231107,1,7,2,same_eye_template,19,2.245397099972161,5.334654690458285,0.07196238854488955
20231107,1,7,2,six_neighbor_depth_shared_shape,19,1.603490452562992,4.543550950026184,0.05047780531771043
20231107,1,7,2,six_neighbor_surface,19,1.58309569862696,4.469890249935013,0.04983577940664864
20231107,1,7,3,axisymmetric_ellipsoid,37,29.61918393717615,32.59715876637677,0.9761173324778966
20231107,1,7,3,graph_harmonic_depth_shared_shape,37,2.358786904605491,5.0043684917270985,0.07708212351507918
20231107,1,7,3,nearest_visible_surface,37,2.992009553568844,6.1364553694804,0.10117404189995195
20231107,1,7,3,same_eye_outer_ridge,37,2.2327164773445283,4.943417085268691,0.07323392160646815
20231107,1,7,3,same_eye_template,37,1.7884083569236233,5.181395221469325,0.05850539014145661
20231107,1,7,3,six_neighbor_depth_shared_shape,37,2.320548058695029,4.516993466329421,0.07733761705957996
20231107,1,7,3,six_neighbor_surface,37,2.293071906331334,4.491378878574807,0.07667745703882071
20240530,0,0,1,axisymmetric_ellipsoid,7,7.3805516123790635,12.14125217562884,0.43190098192315096
20240530,0,0,1,graph_harmonic_depth_shared_shape,7,0.4400313679126027,0.5482355022971475,0.027528340947823426
20240530,0,0,1,nearest_visible_surface,7,0.5467037305511822,1.4330720219120623,0.031992443173226894
20240530,0,0,1,same_eye_outer_ridge,7,0.5146421844080772,0.9581066246091707,0.03139547898425298
20240530,0,0,1,same_eye_template,7,0.5029186680276975,0.7889441969892093,0.030498095837335197
20240530,0,0,1,six_neighbor_depth_shared_shape,7,0.5041519458130421,0.7120129164848578,0.02950236403332082
20240530,0,0,1,six_neighbor_surface,7,0.49190315349725194,0.804203040428227,0.031056661698044784
20240530,0,0,2,axisymmetric_ellipsoid,19,9.46042717871922,13.444768806125888,0.5615292722443055
20240530,0,0,2,graph_harmonic_depth_shared_shape,19,0.5654584128652973,0.7928163863423761,0.03282283841953615
20240530,0,0,2,nearest_visible_surface,19,0.6717459642426251,2.2711903893356453,0.04030414864578661
20240530,0,0,2,same_eye_outer_ridge,19,0.9868377949207267,1.7235751069118483,0.058515349349591766
20240530,0,0,2,same_eye_template,19,0.7523278560786208,1.5030134414320795,0.044571599630873426
20240530,0,0,2,six_neighbor_depth_shared_shape,19,0.5140750120017546,0.8792394778920498,0.0304563302156715
20240530,0,0,2,six_neighbor_surface,19,0.4802938946322737,0.9468447588383151,0.02902937559690454
20240530,0,0,3,axisymmetric_ellipsoid,37,9.727752927576974,15.173221314630918,0.573701143149491
20240530,0,0,3,graph_harmonic_depth_shared_shape,37,0.6059425493478114,1.2897320739402753,0.038194754965216814
20240530,0,0,3,nearest_visible_surface,37,0.6485497388146655,1.4168836757772565,0.041505416576630136
20240530,0,0,3,same_eye_outer_ridge,37,1.0187955454734519,1.8015318827474427,0.06368980844053737
20240530,0,0,3,same_eye_template,37,0.8337104271592182,1.6419219031629817,0.04962368883363323
20240530,0,0,3,six_neighbor_depth_shared_shape,37,0.6864348922273862,1.160008301770386,0.0413592715870602
20240530,0,0,3,six_neighbor_surface,37,0.6267735088909638,1.146699400818498,0.03958721673925167
20240530,0,1,1,axisymmetric_ellipsoid,7,14.497825888830645,15.427839402294122,0.9046916576791483
20240530,0,1,1,graph_harmonic_depth_shared_shape,7,0.08041600892604074,0.1511299587879273,0.00491756403510112
20240530,0,1,1,nearest_visible_surface,7,0.11805552267570063,0.2904636100004714,0.007339413988576479
20240530,0,1,1,same_eye_outer_ridge,7,0.5453257413705762,0.7760688702614175,0.03404695759315613
20240530,0,1,1,same_eye_template,7,0.13353954980274252,0.20418603292912746,0.008243820582157455
20240530,0,1,1,six_neighbor_depth_shared_shape,7,0.09022665595916568,0.16441389368865011,0.00560931641214512
20240530,0,1,1,six_neighbor_surface,7,0.09928139214962953,0.16994452749492167,0.006096239264502271
20240530,0,1,2,axisymmetric_ellipsoid,19,12.987030079386894,15.279085116804684,0.7963739041163541
20240530,0,1,2,graph_harmonic_depth_shared_shape,19,0.11599300793845752,0.22264982929197677,0.00739128981526381
20240530,0,1,2,nearest_visible_surface,19,0.17381453605572278,0.4125893436014377,0.01065843074395986
20240530,0,1,2,same_eye_outer_ridge,19,0.51257540500673,1.0318064467462973,0.03211865786202612
20240530,0,1,2,same_eye_template,19,0.176193997191293,0.35009945737004244,0.010840074617562222
20240530,0,1,2,six_neighbor_depth_shared_shape,19,0.16011886340710088,0.2693355747399265,0.010203071248574261
20240530,0,1,2,six_neighbor_surface,19,0.1621597442450719,0.27037138988638393,0.009762074253029069
20240530,0,1,3,axisymmetric_ellipsoid,37,12.350829593507441,15.306421719436182,0.7615881907168636
20240530,0,1,3,graph_harmonic_depth_shared_shape,37,0.15645008374408045,0.3560929326822583,0.009803370710296718
20240530,0,1,3,nearest_visible_surface,37,0.19759685847806005,0.6156006569479662,0.012381682441405233
20240530,0,1,3,same_eye_outer_ridge,37,0.5059122284779896,0.9828262973313578,0.030573729169979563
20240530,0,1,3,same_eye_template,37,0.1997818764664998,0.46541583740106834,0.012250766492474977
20240530,0,1,3,six_neighbor_depth_shared_shape,37,0.24406232925615345,0.41043420954168225,0.015214149057178966
20240530,0,1,3,six_neighbor_surface,37,0.26630961475120407,0.43002730381692206,0.016823060150764534
20240530,0,2,1,axisymmetric_ellipsoid,7,13.31893157030737,15.810042869338387,0.8151686315025103
20240530,0,2,1,graph_harmonic_depth_shared_shape,7,0.23719387564307415,0.3144512043219094,0.014362889634296784
20240530,0,2,1,nearest_visible_surface,7,0.26395555705923957,0.5358046137306374,0.01635212138077244
20240530,0,2,1,same_eye_outer_ridge,7,0.24916419952789373,0.409232630938535,0.015425742556698775
20240530,0,2,1,same_eye_template,7,0.2897997369504428,0.38489175945086573,0.01765417570545767
20240530,0,2,1,six_neighbor_depth_shared_shape,7,0.26352388468253757,0.37816109610560356,0.01639843740379083
20240530,0,2,1,six_neighbor_surface,7,0.17555420410107272,0.37683982015473394,0.010630399505486322
20240530,0,2,2,axisymmetric_ellipsoid,19,13.31893157030737,15.864745373337632,0.8180045622281261
20240530,0,2,2,graph_harmonic_depth_shared_shape,19,0.20123796623173143,0.3303811750941665,0.012453236326667009
20240530,0,2,2,nearest_visible_surface,19,0.3319277258229605,0.5124582348459892,0.020598447078966187
20240530,0,2,2,same_eye_outer_ridge,19,0.25344888217156736,0.5399990040661324,0.01569519691446428
20240530,0,2,2,same_eye_template,19,0.2398361621368006,0.3828975915770435,0.014662137217230073
20240530,0,2,2,six_neighbor_depth_shared_shape,19,0.23112280885904704,0.4253219078250544,0.014302604091568076
20240530,0,2,2,six_neighbor_surface,19,0.22863999456642103,0.4188552613387043,0.01414176700755255
20240530,0,2,3,axisymmetric_ellipsoid,37,13.352939285982863,16.01263993333202,0.8304389409931309
20240530,0,2,3,graph_harmonic_depth_shared_shape,37,0.28458509973191454,0.4917780032307644,0.01773122064308213
20240530,0,2,3,nearest_visible_surface,37,0.2569520835547646,0.5229463239529154,0.016057304140969706
20240530,0,2,3,same_eye_outer_ridge,37,0.26010911550064814,0.6806889131032619,0.0159956399921312
20240530,0,2,3,same_eye_template,37,0.22908300184637337,0.46962494736334337,0.014420387272376278
20240530,0,2,3,six_neighbor_depth_shared_shape,37,0.23763861599469846,0.5049346020108675,0.01444177069480781
20240530,0,2,3,six_neighbor_surface,37,0.23415670468483094,0.5134422440505216,0.014230168028691093
20240530,0,3,1,axisymmetric_ellipsoid,7,6.923249993651681,12.487931649725542,0.40803050315319994
20240530,0,3,1,graph_harmonic_depth_shared_shape,7,0.14562211921590215,0.3673520542170401,0.008464391954895543
20240530,0,3,1,nearest_visible_surface,7,0.2780175986819019,0.3305456724486727,0.016964624624380958
20240530,0,3,1,same_eye_outer_ridge,7,1.0024993821885702,1.2518480103393002,0.059292891153588004
20240530,0,3,1,same_eye_template,7,0.8323370289915705,1.06151314673013,0.049054836535425674
20240530,0,3,1,six_neighbor_depth_shared_shape,7,0.19327498491245154,0.2818799865807036,0.01124961194346402
20240530,0,3,1,six_neighbor_surface,7,0.1992660231107759,0.2744404483103037,0.011598321606538876
20240530,0,3,2,axisymmetric_ellipsoid,19,7.041593977611373,15.495616991098625,0.42416063916157454
20240530,0,3,2,graph_harmonic_depth_shared_shape,19,0.23795065910306215,0.5367022387144446,0.013976951643459601
20240530,0,3,2,nearest_visible_surface,19,0.3629663571858106,0.6145860801559768,0.021126534655908615
20240530,0,3,2,same_eye_outer_ridge,19,1.0993333424341596,1.5309298208847226,0.06373954990440858
20240530,0,3,2,same_eye_template,19,0.9213638901316887,1.1503877430917024,0.05403397208746313
20240530,0,3,2,six_neighbor_depth_shared_shape,19,0.2652324523457056,0.41097757005035496,0.015554726075371662
20240530,0,3,2,six_neighbor_surface,19,0.26929680113787385,0.41340833909486124,0.01568388237846599
20240530,0,3,3,axisymmetric_ellipsoid,37,6.873879758137592,15.520805780872145,0.39701171340687186
20240530,0,3,3,graph_harmonic_depth_shared_shape,37,0.6449110009986116,1.8438053910826355,0.03800864629585647
20240530,0,3,3,nearest_visible_surface,37,0.5381782487201457,1.9354948969313301,0.03064696042658308
20240530,0,3,3,same_eye_outer_ridge,37,1.1972425505898063,1.7752886195880442,0.06941634384710822
20240530,0,3,3,same_eye_template,37,1.0477519078284812,1.3124717218017492,0.06060726909172179
20240530,0,3,3,six_neighbor_depth_shared_shape,37,0.4546432552615385,2.570573732046872,0.026208017872995308
20240530,0,3,3,six_neighbor_surface,37,0.4964193885538452,2.6528136265446967,0.02861756564915516
20240530,0,4,1,axisymmetric_ellipsoid,7,10.663626773242095,13.317848051456902,0.733485922551884
20240530,0,4,1,graph_harmonic_depth_shared_shape,7,0.28809384261394894,0.9013029977610186,0.019175143981573054
20240530,0,4,1,nearest_visible_surface,7,0.8758750407487048,0.9576226651988279,0.05543265233006544
20240530,0,4,1,same_eye_outer_ridge,7,0.5348046473428129,1.836228987115548,0.03403215699364884
20240530,0,4,1,same_eye_template,7,0.4210050215637007,1.5332798518479118,0.026790546903729937
20240530,0,4,1,six_neighbor_depth_shared_shape,7,0.4316151345619778,0.8943809391284737,0.027121547961365365
20240530,0,4,1,six_neighbor_surface,7,0.4158616541030059,0.8730137779364711,0.026131641117018864
20240530,0,4,2,axisymmetric_ellipsoid,19,9.643155814818371,14.141062462780422,0.6059502829898109
20240530,0,4,2,graph_harmonic_depth_shared_shape,19,0.3230543726287338,1.2198116277430313,0.02062217755615268
20240530,0,4,2,nearest_visible_surface,19,0.4147187365978606,1.0767975858558916,0.02688377164414639
20240530,0,4,2,same_eye_outer_ridge,19,0.6010652659268604,1.7248109072801787,0.03772095879555722
20240530,0,4,2,same_eye_template,19,0.5905636860254332,1.4797776926716115,0.03770869786734624
20240530,0,4,2,six_neighbor_depth_shared_shape,19,0.31613416447253745,1.2079078295493222,0.020185812259928677
20240530,0,4,2,six_neighbor_surface,19,0.3162822251698036,1.2006188840034104,0.02026134053090848
20240530,0,4,3,axisymmetric_ellipsoid,37,10.866343489873982,14.533553213216033,0.7042937583679767
20240530,0,4,3,graph_harmonic_depth_shared_shape,37,0.41427686159435756,1.1737128600619349,0.02652556568783013
20240530,0,4,3,nearest_visible_surface,37,0.5949518243194517,1.1022905976693536,0.03664055396439432
20240530,0,4,3,same_eye_outer_ridge,37,0.5645277009724392,1.5856733988508622,0.035690016779712334
20240530,0,4,3,same_eye_template,37,0.4347126425271596,1.3064164304365826,0.027636764560853073
20240530,0,4,3,six_neighbor_depth_shared_shape,37,0.47022199718626045,1.2672459824125328,0.029922456563568556
20240530,0,4,3,six_neighbor_surface,37,0.47909243249765243,1.268547984497639,0.030486924446596866
20240530,0,5,1,axisymmetric_ellipsoid,7,8.813970661181699,14.756332479784717,0.569420405383242
20240530,0,5,1,graph_harmonic_depth_shared_shape,7,1.4858979871122147,1.9913184662491779,0.08512663136918122
20240530,0,5,1,nearest_visible_surface,7,1.2625525428832471,3.5724561416062626,0.08158571991822554
20240530,0,5,1,same_eye_outer_ridge,7,1.1334791950965473,1.858244554381867,0.07418563328054206
20240530,0,5,1,same_eye_template,7,1.0076646904794684,1.4981458964899126,0.06465235991982836
20240530,0,5,1,six_neighbor_depth_shared_shape,7,1.1240753824760654,2.4927970858375588,0.0654704296494385
20240530,0,5,1,six_neighbor_surface,7,1.0856274463331508,2.5449198105489406,0.06391909320599669
20240530,0,5,2,axisymmetric_ellipsoid,19,8.813970661181699,14.57605011094055,0.5997954602545088
20240530,0,5,2,graph_harmonic_depth_shared_shape,19,0.8466274938388435,2.053644936574781,0.05709229960753725
20240530,0,5,2,nearest_visible_surface,19,0.8520507066888915,2.657099860446168,0.060966157775713535
20240530,0,5,2,same_eye_outer_ridge,19,1.301052905169128,2.243431009310985,0.0806610520609638
20240530,0,5,2,same_eye_template,19,1.2284018244456587,2.193018466525275,0.07546618040690901
20240530,0,5,2,six_neighbor_depth_shared_shape,19,0.724265321855197,1.9442585165724982,0.04733170629690045
20240530,0,5,2,six_neighbor_surface,19,0.6181836976588415,1.9638313058322383,0.04039913044596951
20240530,0,5,3,axisymmetric_ellipsoid,37,9.284161534063518,14.30742194634325,0.5997954602545088
20240530,0,5,3,graph_harmonic_depth_shared_shape,37,0.845929915891556,1.9481754297190612,0.05849158850431926
20240530,0,5,3,nearest_visible_surface,37,0.770766873077305,2.4579290956186353,0.050533625216506846
20240530,0,5,3,same_eye_outer_ridge,37,1.5258083749126605,2.601236026281311,0.09681257938056113
20240530,0,5,3,same_eye_template,37,1.467982653187067,2.969547524854558,0.08502107473841718
20240530,0,5,3,six_neighbor_depth_shared_shape,37,0.6332319162568726,1.554423272585528,0.040909504730329206
20240530,0,5,3,six_neighbor_surface,37,0.5174335209176594,1.6080291746973674,0.033428430450471856
20240530,0,6,1,axisymmetric_ellipsoid,7,10.921753521969405,15.449447259290226,0.6614985685351746
20240530,0,6,1,graph_harmonic_depth_shared_shape,7,0.20130690984443333,0.3299808013990989,0.012582213340149475
20240530,0,6,1,nearest_visible_surface,7,0.2851025057224688,0.6423430637634608,0.01726782233657267
20240530,0,6,1,same_eye_outer_ridge,7,0.3539446137725142,0.49065002678367114,0.021603997990876735
20240530,0,6,1,same_eye_template,7,0.25805140345418115,0.45073727208952985,0.015750888090502645
20240530,0,6,1,six_neighbor_depth_shared_shape,7,0.14165844982960737,0.46967186662075094,0.008755940569808142
20240530,0,6,1,six_neighbor_surface,7,0.11443116180964158,0.4645863114059845,0.007073015787935774
20240530,0,6,2,axisymmetric_ellipsoid,19,13.266687803180304,15.72886624917173,0.827800290071116
20240530,0,6,2,graph_harmonic_depth_shared_shape,19,0.1638123447816935,0.3308895988139781,0.0101538533854586
20240530,0,6,2,nearest_visible_surface,19,0.3232546017371213,0.5818541417180016,0.019613523257808747
20240530,0,6,2,same_eye_outer_ridge,19,0.43706572471413063,1.3273793885641747,0.02731776170162249
20240530,0,6,2,same_eye_template,19,0.36023404929499997,0.7091682917463568,0.021857256992269865
20240530,0,6,2,six_neighbor_depth_shared_shape,19,0.19508417663123623,0.4873035611594057,0.011742847300008538
20240530,0,6,2,six_neighbor_surface,19,0.19283394686553137,0.4912661444227122,0.01160739754193536
20240530,0,6,3,axisymmetric_ellipsoid,37,13.338930785187923,15.599531129334183,0.827800290071116
20240530,0,6,3,graph_harmonic_depth_shared_shape,37,0.22146684009045087,0.714610973836264,0.013542157076728265
20240530,0,6,3,nearest_visible_surface,37,0.44089596592650837,0.6750173756025805,0.02723281856513496
20240530,0,6,3,same_eye_outer_ridge,37,0.422860200443734,1.4014763200513043,0.024915500430138876
20240530,0,6,3,same_eye_template,37,0.3708825056958117,0.8599892807357039,0.02250658436535194
20240530,0,6,3,six_neighbor_depth_shared_shape,37,0.2578150420469702,0.626856008513031,0.015736461111908222
20240530,0,6,3,six_neighbor_surface,37,0.24538564618938633,0.6583412435950093,0.015141412844147328
20240530,0,7,1,axisymmetric_ellipsoid,7,9.917050012767161,15.045898432365052,0.6006413722467625
20240530,0,7,1,graph_harmonic_depth_shared_shape,7,0.39386503592106736,0.5001897968437484,0.0244790614441637
20240530,0,7,1,nearest_visible_surface,7,0.3905032269230431,0.725349588768028,0.02488414754506414
20240530,0,7,1,same_eye_outer_ridge,7,0.3891069962782299,0.9068898878012353,0.02553188563782836
20240530,0,7,1,same_eye_template,7,0.327835262321836,0.5991955762476464,0.020656325358529064
20240530,0,7,1,six_neighbor_depth_shared_shape,7,0.36050456329320874,0.573377820433308,0.02191189598678402
20240530,0,7,1,six_neighbor_surface,7,0.36560654984453894,0.5647324723953862,0.0222220007954929
20240530,0,7,2,axisymmetric_ellipsoid,19,11.815601284489972,15.260020988646193,0.7343501033707743
20240530,0,7,2,graph_harmonic_depth_shared_shape,19,0.278299627642118,0.6364866753981022,0.01709212997133916
20240530,0,7,2,nearest_visible_surface,19,0.349306613176791,0.8056300679155514,0.02145311541682581
20240530,0,7,2,same_eye_outer_ridge,19,0.41699899727600365,1.0250032015812687,0.026274376041517663
20240530,0,7,2,same_eye_template,19,0.32869307757961974,0.723375865574812,0.020710374794629373
20240530,0,7,2,six_neighbor_depth_shared_shape,19,0.2706524618720646,0.5497586345678639,0.01705333731314074
20240530,0,7,2,six_neighbor_surface,19,0.26579258607924117,0.5565983543397146,0.01611690695117973
20240530,0,7,3,axisymmetric_ellipsoid,37,12.550585869120091,15.334839646989195,0.7816470049245788
20240530,0,7,3,graph_harmonic_depth_shared_shape,37,0.29724382874236777,0.7676521414848417,0.018542135331421256
20240530,0,7,3,nearest_visible_surface,37,0.32476635949342997,0.8357872323074726,0.02020943358810616
20240530,0,7,3,same_eye_outer_ridge,37,0.4505689428819344,1.0486067921745046,0.02800111116294796
20240530,0,7,3,same_eye_template,37,0.3290690190620426,0.7918118631672028,0.02073406220861192
20240530,0,7,3,six_neighbor_depth_shared_shape,37,0.30134587204604735,0.8059451534633594,0.01868796690947115
20240530,0,7,3,six_neighbor_surface,37,0.3265033828520292,0.8777287640545692,0.020367352744121922
20240530,1,0,1,axisymmetric_ellipsoid,7,14.071578884490265,15.027306640569677,0.8764166242095073
20240530,1,0,1,graph_harmonic_depth_shared_shape,7,0.6720325363331613,0.8462407608053109,0.04363577067490735
20240530,1,0,1,nearest_visible_surface,7,0.8088194739264759,1.2090955654642705,0.05328405031631128
20240530,1,0,1,same_eye_outer_ridge,7,1.0575352733173387,1.641938577188493,0.06755364804107034
20240530,1,0,1,same_eye_template,7,1.116581085341563,1.6844546684490116,0.07132539930499883
20240530,1,0,1,six_neighbor_depth_shared_shape,7,0.6630480719543036,0.8512946717323704,0.04374518827638188
20240530,1,0,1,six_neighbor_surface,7,0.5470301793029057,0.8258849895392375,0.03609080426994706
20240530,1,0,2,axisymmetric_ellipsoid,19,13.624278945632543,15.882562928683626,0.8718248830955692
20240530,1,0,2,graph_harmonic_depth_shared_shape,19,0.6820168471155879,1.0291768201628715,0.040248865737155304
20240530,1,0,2,nearest_visible_surface,19,0.8162443510427959,1.5975512833174688,0.052140372994736735
20240530,1,0,2,same_eye_outer_ridge,19,0.891128279001793,1.6720758455255795,0.05258946697257574
20240530,1,0,2,same_eye_template,19,0.8127208034393959,1.8560662766996399,0.05149435338746603
20240530,1,0,2,six_neighbor_depth_shared_shape,19,0.7311725567039978,1.0534452865249015,0.04602161082367979
20240530,1,0,2,six_neighbor_surface,19,0.6451319004024209,1.0108257281401472,0.04178125934088081
20240530,1,0,3,axisymmetric_ellipsoid,37,13.329192545106121,15.924051055523543,0.8559773437386827
20240530,1,0,3,graph_harmonic_depth_shared_shape,37,0.5398852391235235,1.1261965392229134,0.03269680906247406
20240530,1,0,3,nearest_visible_surface,37,1.0105924754735947,1.6972148478600029,0.06391551177701685
20240530,1,0,3,same_eye_outer_ridge,37,0.8732694012889404,1.7073301485416519,0.05153553469169315
20240530,1,0,3,same_eye_template,37,0.7498831927013527,1.8427418704797673,0.04698169777155253
20240530,1,0,3,six_neighbor_depth_shared_shape,37,0.7043322850014417,1.2292124189918678,0.04411001636560288
20240530,1,0,3,six_neighbor_surface,37,0.6551846818789516,1.1846053004249157,0.03993438346403386
20240530,1,1,1,axisymmetric_ellipsoid,7,11.13519411741378,14.561374581673144,0.6516249507438361
20240530,1,1,1,graph_harmonic_depth_shared_shape,7,0.2979723530353402,0.49269695271605346,0.01723807221661114
20240530,1,1,1,nearest_visible_surface,7,0.17173325764750402,0.42705651843174863,0.009934983118955527
20240530,1,1,1,same_eye_outer_ridge,7,0.8171472592302876,1.2171693818995069,0.04801903377827663
20240530,1,1,1,same_eye_template,7,0.6058540715214819,0.7216981722146678,0.03757200987049157
20240530,1,1,1,six_neighbor_depth_shared_shape,7,0.3122798198541767,0.5245081151105404,0.01865349590848613
20240530,1,1,1,six_neighbor_surface,7,0.2481407059065709,0.4885151206931224,0.014299665414021678
20240530,1,1,2,axisymmetric_ellipsoid,19,10.78365224642786,15.738082534851607,0.6441428496763267
20240530,1,1,2,graph_harmonic_depth_shared_shape,19,0.38991797305416775,0.7197872688088692,0.022183361834232217
20240530,1,1,2,nearest_visible_surface,19,0.48363990659546846,1.156893411453121,0.02802188115005234
20240530,1,1,2,same_eye_outer_ridge,19,0.8089113284397115,1.5946576442729201,0.047746269665867314
20240530,1,1,2,same_eye_template,19,0.48917038769128823,0.9798219378111692,0.02874572374140566
20240530,1,1,2,six_neighbor_depth_shared_shape,19,0.43112602917241744,0.74108840717576,0.024527786258159677
20240530,1,1,2,six_neighbor_surface,19,0.3536119107104288,0.6086685979049429,0.02044411857350947
20240530,1,1,3,axisymmetric_ellipsoid,37,10.182072241401105,15.994737845355022,0.605596473731899
20240530,1,1,3,graph_harmonic_depth_shared_shape,37,0.6820542360992363,1.0903408467239144,0.04129055472814158
20240530,1,1,3,nearest_visible_surface,37,0.6844615957283916,2.1978165151889564,0.040733604180825334
20240530,1,1,3,same_eye_outer_ridge,37,1.0488484116814236,1.7800968857964514,0.06044224506526345
20240530,1,1,3,same_eye_template,37,0.6462819390336788,1.1184508609378008,0.03750287290598589
20240530,1,1,3,six_neighbor_depth_shared_shape,37,0.686126797702937,1.3768627562586104,0.04153710158450751
20240530,1,1,3,six_neighbor_surface,37,0.6038833361692023,1.4805881698044734,0.03498873199639528
20240530,1,2,1,axisymmetric_ellipsoid,7,12.366382995839047,15.85838331772088,0.7227136561962023
20240530,1,2,1,graph_harmonic_depth_shared_shape,7,0.12226363959560345,0.26015530531044817,0.007145306919713277
20240530,1,2,1,nearest_visible_surface,7,0.23023492885023747,0.4639463186547701,0.013455343188822041
20240530,1,2,1,same_eye_outer_ridge,7,0.7985961697568537,1.2933284260341154,0.046018517439585474
20240530,1,2,1,same_eye_template,7,0.63816010769651,0.8901984913534052,0.03710333885544946
20240530,1,2,1,six_neighbor_depth_shared_shape,7,0.1899735235299073,0.2650532654646142,0.011217305993524277
20240530,1,2,1,six_neighbor_surface,7,0.17383082732966215,0.26405059195613234,0.010264133364654525
20240530,1,2,2,axisymmetric_ellipsoid,19,12.366382995839047,16.679821384444985,0.7404561174625361
20240530,1,2,2,graph_harmonic_depth_shared_shape,19,0.1330173650641635,0.294786081003171,0.0076427322344044014
20240530,1,2,2,nearest_visible_surface,19,0.20352022801295608,0.399531605834942,0.011775136153652678
20240530,1,2,2,same_eye_outer_ridge,19,0.7756982018735513,1.2844166708413183,0.045099956713942076
20240530,1,2,2,same_eye_template,19,0.6545275178732621,0.9889859609476092,0.038054958298047045
20240530,1,2,2,six_neighbor_depth_shared_shape,19,0.17836830915129326,0.37169073674678954,0.01016901844072801
20240530,1,2,2,six_neighbor_surface,19,0.19363110692992713,0.37873962467300565,0.011039171175855313
20240530,1,2,3,axisymmetric_ellipsoid,37,12.365091467524842,16.704951107460037,0.7227136561962023
20240530,1,2,3,graph_harmonic_depth_shared_shape,37,0.1875434732595725,0.34559597566979644,0.011065087792645536
20240530,1,2,3,nearest_visible_surface,37,0.27422252534512914,0.46304985386571507,0.0151545163605708
20240530,1,2,3,same_eye_outer_ridge,37,0.8915691991495276,1.5826458628081763,0.05156453155006827
20240530,1,2,3,same_eye_template,37,0.7213767659477741,1.2778474573898528,0.041736930623799885
20240530,1,2,3,six_neighbor_depth_shared_shape,37,0.22225967330432872,0.3624535669031326,0.01316640228455175
20240530,1,2,3,six_neighbor_surface,37,0.2265795565314446,0.4111837331562143,0.01342230709870405
20240530,1,3,1,axisymmetric_ellipsoid,7,13.275451040791848,16.197181474489163,0.7829869507281192
20240530,1,3,1,graph_harmonic_depth_shared_shape,7,0.38912578910455453,0.473070808990238,0.02273981297622068
20240530,1,3,1,nearest_visible_surface,7,0.20497813127177722,0.5310815532297819,0.011844817956749711
20240530,1,3,1,same_eye_outer_ridge,7,0.7507916199504285,0.9827915077486895,0.044171398942757484
20240530,1,3,1,same_eye_template,7,0.4311382912100801,0.7050111991582463,0.02536520248027887
20240530,1,3,1,six_neighbor_depth_shared_shape,7,0.29161980714676816,0.5198204324175577,0.0168514734074538
20240530,1,3,1,six_neighbor_surface,7,0.29858999954451265,0.5169885593300431,0.01725425130167383
20240530,1,3,2,axisymmetric_ellipsoid,19,11.135348293781242,16.192417844774944,0.6705694424059637
20240530,1,3,2,graph_harmonic_depth_shared_shape,19,0.317215897216919,0.6617670752102116,0.01849463145556824
20240530,1,3,2,nearest_visible_surface,19,0.20286648295044404,0.9707399863601213,0.012048805019400314
20240530,1,3,2,same_eye_outer_ridge,19,0.3633854919520145,0.9326491663710333,0.022384121614317933
20240530,1,3,2,same_eye_template,19,0.2559817029820041,0.55850849828851,0.015329009336493452
20240530,1,3,2,six_neighbor_depth_shared_shape,19,0.318998008786782,0.6063514705024191,0.018920878622420322
20240530,1,3,2,six_neighbor_surface,19,0.31156467025810897,0.5979331427909367,0.01847998152530274
20240530,1,3,3,axisymmetric_ellipsoid,37,11.913004074146352,16.197181474489163,0.7394609668758021
20240530,1,3,3,graph_harmonic_depth_shared_shape,37,0.22745247088253734,0.6216326713262887,0.01378815096189948
20240530,1,3,3,nearest_visible_surface,37,0.2922646157380519,0.7226167342441238,0.018342142938746475
20240530,1,3,3,same_eye_outer_ridge,37,0.38027441236585524,1.0143026532908763,0.023019001169626248
20240530,1,3,3,same_eye_template,37,0.2594196005563208,0.7103352418212238,0.015627135081907714
20240530,1,3,3,six_neighbor_depth_shared_shape,37,0.313701988455218,0.6645587888794059,0.01826689254536018
20240530,1,3,3,six_neighbor_surface,37,0.32123536626005833,0.6782057812283983,0.020419159446122475
20240530,1,4,1,axisymmetric_ellipsoid,7,11.890894622748132,15.498963231493056,0.7473831526559939
20240530,1,4,1,graph_harmonic_depth_shared_shape,7,0.24767646132448667,0.32974326714414226,0.01516640355721719
20240530,1,4,1,nearest_visible_surface,7,0.3295426464158791,0.6644773748918125,0.02043378329628075
20240530,1,4,1,same_eye_outer_ridge,7,0.7511834120260786,0.9697407926360432,0.047423353223900504
20240530,1,4,1,same_eye_template,7,0.7044665267125212,1.0123436516442539,0.044278116187135126
20240530,1,4,1,six_neighbor_depth_shared_shape,7,0.4443421774127105,0.5374612973726165,0.027209177424837108
20240530,1,4,1,six_neighbor_surface,7,0.42980854568298527,0.545147228170652,0.026319214273772026
20240530,1,4,2,axisymmetric_ellipsoid,19,11.890894622748132,15.640754487410511,0.7473831526559939
20240530,1,4,2,graph_harmonic_depth_shared_shape,19,0.259644426210938,0.579164068404817,0.015454316580074706
20240530,1,4,2,nearest_visible_surface,19,0.42306875858197357,1.4970767127249032,0.02643307203655067
20240530,1,4,2,same_eye_outer_ridge,19,0.744530998837837,1.0667170706308702,0.043775395453707365
20240530,1,4,2,same_eye_template,19,0.4988780300783599,1.2880632536264864,0.03093367632009596
20240530,1,4,2,six_neighbor_depth_shared_shape,19,0.478328773371035,0.9126315037184594,0.03077445303378059
20240530,1,4,2,six_neighbor_surface,19,0.5160899851902551,0.9238995849333881,0.030944147761394005
20240530,1,4,3,axisymmetric_ellipsoid,37,11.890894622748132,15.82413164345169,0.7134333918782458
20240530,1,4,3,graph_harmonic_depth_shared_shape,37,0.36154414220452363,0.8469233373418964,0.022148073388982815
20240530,1,4,3,nearest_visible_surface,37,0.478619114433476,1.2978844485631147,0.02761374137433008
20240530,1,4,3,same_eye_outer_ridge,37,0.7353788369963666,1.6923989304452534,0.04576835557315363
20240530,1,4,3,same_eye_template,37,0.5318838150820818,1.7125630723382923,0.03310327459478208
20240530,1,4,3,six_neighbor_depth_shared_shape,37,0.4353448716751567,1.4160503928430825,0.026542600044343553
20240530,1,4,3,six_neighbor_surface,37,0.436310915008146,1.421470126930418,0.026488010186245036
20240530,1,5,1,axisymmetric_ellipsoid,7,14.629649849629159,16.168712779809223,0.8720240417970206
20240530,1,5,1,graph_harmonic_depth_shared_shape,7,0.307578231446637,0.4270293868534721,0.018724449389206626
20240530,1,5,1,nearest_visible_surface,7,0.15003946928695006,0.40902295799262106,0.009202592053020693
20240530,1,5,1,same_eye_outer_ridge,7,0.45286991365160345,0.7560485874014352,0.027569375564001866
20240530,1,5,1,same_eye_template,7,0.18552445899830955,0.3939248452227635,0.011294178156351349
20240530,1,5,1,six_neighbor_depth_shared_shape,7,0.20963904794655022,0.3200916615648968,0.012858100910408543
20240530,1,5,1,six_neighbor_surface,7,0.18689781232009248,0.3248746599381834,0.011326501595908438
20240530,1,5,2,axisymmetric_ellipsoid,19,15.461085770210522,16.279107311084893,0.9063398643022049
20240530,1,5,2,graph_harmonic_depth_shared_shape,19,0.16988976387321705,0.5216223005982503,0.010121573113124827
20240530,1,5,2,nearest_visible_surface,19,0.23406593542522397,0.5451987240764475,0.013981097006752645
20240530,1,5,2,same_eye_outer_ridge,19,0.36100665686289374,0.7468298754294609,0.021877957929695647
20240530,1,5,2,same_eye_template,19,0.21289350082898478,0.44964489214357933,0.012986902468306024
20240530,1,5,2,six_neighbor_depth_shared_shape,19,0.17037768624468722,0.48488213639501265,0.010258863055152584
20240530,1,5,2,six_neighbor_surface,19,0.19278075288474503,0.4901325558531352,0.011318871865545537
20240530,1,5,3,axisymmetric_ellipsoid,37,14.629649849629159,16.288424051597218,0.8720240417970206
20240530,1,5,3,graph_harmonic_depth_shared_shape,37,0.22083168776882384,0.5555156073630284,0.01309459499609295
20240530,1,5,3,nearest_visible_surface,37,0.2716293680618199,0.5541482923794315,0.016690037559137023
20240530,1,5,3,same_eye_outer_ridge,37,0.33111893971129575,0.8575336789013862,0.019495438285243184
20240530,1,5,3,same_eye_template,37,0.27406733597252325,0.6381407877299842,0.01625736457346354
20240530,1,5,3,six_neighbor_depth_shared_shape,37,0.22229554944554522,0.5701828962999268,0.013259475395697386
20240530,1,5,3,six_neighbor_surface,37,0.24923860801545897,0.5449108886840679,0.014922981533993109
20240530,1,6,1,axisymmetric_ellipsoid,7,5.241910811387378,9.449289266744525,0.3171051239326941
20240530,1,6,1,graph_harmonic_depth_shared_shape,7,0.9792191111490608,1.660285770199897,0.06848664006531821
20240530,1,6,1,nearest_visible_surface,7,1.4522660359980137,3.2282671168168826,0.08785365068172656
20240530,1,6,1,same_eye_outer_ridge,7,1.26790796320117,2.0159331668374016,0.07588282531666665
20240530,1,6,1,same_eye_template,7,1.980062888932879,2.465118810506256,0.13545495550702558
20240530,1,6,1,six_neighbor_depth_shared_shape,7,1.3586862225347611,2.2111569049033197,0.0821926161060526
20240530,1,6,1,six_neighbor_surface,7,1.2441346078566609,2.118219321053425,0.07526290950168267
20240530,1,6,2,axisymmetric_ellipsoid,19,5.875697469685902,13.065095140600784,0.3732118374693403
20240530,1,6,2,graph_harmonic_depth_shared_shape,19,1.0896492114127054,1.920028558008335,0.06936568273105115
20240530,1,6,2,nearest_visible_surface,19,0.8771724337953448,3.536187475410969,0.049113113327473944
20240530,1,6,2,same_eye_outer_ridge,19,1.5646270938813152,2.4015159623778852,0.09479375017444702
20240530,1,6,2,same_eye_template,19,1.2560726991682416,2.722278313774006,0.07009657356832105
20240530,1,6,2,six_neighbor_depth_shared_shape,19,1.26322253886764,2.1529154379013744,0.07091700994616815
20240530,1,6,2,six_neighbor_surface,19,1.1844610423043733,2.0622496484333728,0.07110460816873733
20240530,1,6,3,axisymmetric_ellipsoid,37,5.336167220475208,13.134583378767278,0.3601861541163049
20240530,1,6,3,graph_harmonic_depth_shared_shape,37,0.9823806514001215,1.8454066694447553,0.062017439733650113
20240530,1,6,3,nearest_visible_surface,37,0.9454065390049741,2.7248948410451144,0.056753881398520827
20240530,1,6,3,same_eye_outer_ridge,37,1.4587630979876343,2.4197139136414987,0.09582662757035808
20240530,1,6,3,same_eye_template,37,1.4927101725329215,2.8494956110656426,0.08238975662751384
20240530,1,6,3,six_neighbor_depth_shared_shape,37,0.8486247647817268,2.0749603075145453,0.049028169683349936
20240530,1,6,3,six_neighbor_surface,37,0.8304591464066131,2.042595970927322,0.052766129103550136
20240530,1,7,1,axisymmetric_ellipsoid,7,11.847228927766396,14.088063096404646,0.682715573613941
20240530,1,7,1,graph_harmonic_depth_shared_shape,7,0.30370151305286314,0.6371921603677926,0.017209760937119546
20240530,1,7,1,nearest_visible_surface,7,0.5479340554950468,0.9723985182953456,0.03153886600790817
20240530,1,7,1,same_eye_outer_ridge,7,1.0837242665714868,1.5363434275701089,0.06239155068347906
20240530,1,7,1,same_eye_template,7,0.7658798424962358,1.017307243744575,0.04409279415854697
20240530,1,7,1,six_neighbor_depth_shared_shape,7,0.443284069274165,0.8284192989716499,0.025515254480116097
20240530,1,7,1,six_neighbor_surface,7,0.2995014031357625,0.8614196901736254,0.016971754590505313
20240530,1,7,2,axisymmetric_ellipsoid,19,10.309766648418409,15.252518796647292,0.584205203179478
20240530,1,7,2,graph_harmonic_depth_shared_shape,19,0.4483657407795611,0.8264942433478922,0.02586815088881279
20240530,1,7,2,nearest_visible_surface,19,0.5291910001387243,1.0497505869291535,0.03115234567724625
20240530,1,7,2,same_eye_outer_ridge,19,1.3306607188731996,1.8899911293122489,0.07659230101442013
20240530,1,7,2,same_eye_template,19,0.8573760705956043,1.4064050375046684,0.04891897654325627
20240530,1,7,2,six_neighbor_depth_shared_shape,19,0.4099994770231823,0.8648338912727469,0.024294186587589146
20240530,1,7,2,six_neighbor_surface,19,0.4832539610257932,0.8550063073408234,0.027421927454461915
20240530,1,7,3,axisymmetric_ellipsoid,37,8.745194749593352,16.199183856488283,0.5209979778237807
20240530,1,7,3,graph_harmonic_depth_shared_shape,37,0.5996648083748629,1.161401042418466,0.03372175863233144
20240530,1,7,3,nearest_visible_surface,37,0.6281855773596767,1.729232633169293,0.03806100192330965
20240530,1,7,3,same_eye_outer_ridge,37,1.1632472711560118,1.9286674390872216,0.0727549624846876
20240530,1,7,3,same_eye_template,37,0.8395880237421852,1.3738814089350666,0.04817319224765796
20240530,1,7,3,six_neighbor_depth_shared_shape,37,0.6923265314985172,1.4805765371463822,0.04190101874069216
20240530,1,7,3,six_neighbor_surface,37,0.74193135067435,1.5338107770206182,0.044903203928390215
20240701,0,0,1,axisymmetric_ellipsoid,7,13.399225943984128,13.76259731759624,0.921648784370337
20240701,0,0,1,graph_harmonic_depth_shared_shape,7,0.46438768988358475,0.7478233099199206,0.03194231902999709
20240701,0,0,1,nearest_visible_surface,7,0.6422363160072752,1.3171147255452502,0.04417541150519537
20240701,0,0,1,same_eye_outer_ridge,7,0.5662123634037558,1.3642787266154328,0.03937062635799364
20240701,0,0,1,same_eye_template,7,0.6093815423928965,1.0764474695686568,0.043964935406289485
20240701,0,0,1,six_neighbor_depth_shared_shape,7,0.4991404900855227,0.8120995098711249,0.03549996547368628
20240701,0,0,1,six_neighbor_surface,7,0.510710510962079,0.7926795451601983,0.03535358814907833
20240701,0,0,2,axisymmetric_ellipsoid,19,10.395756528675138,13.742259105996704,0.8219578427715595
20240701,0,0,2,graph_harmonic_depth_shared_shape,19,0.4765179473073188,1.1774887383794523,0.03293043884595852
20240701,0,0,2,nearest_visible_surface,19,0.7277781213424871,1.5316902896275388,0.05060483016416514
20240701,0,0,2,same_eye_outer_ridge,19,0.5711340203496159,1.6472579443525512,0.03971284551321104
20240701,0,0,2,same_eye_template,19,0.6107336544653511,1.3209051520526809,0.04377811733242484
20240701,0,0,2,six_neighbor_depth_shared_shape,19,0.5804465696198144,1.3240817194534664,0.03818337069691791
20240701,0,0,2,six_neighbor_surface,19,0.5915719379820437,1.2418843799085681,0.037676158607249745
20240701,0,0,3,axisymmetric_ellipsoid,37,7.537567421912402,13.76259731759624,0.5345237489794051
20240701,0,0,3,graph_harmonic_depth_shared_shape,37,0.6172884800708199,1.3041486952812649,0.04065181567325863
20240701,0,0,3,nearest_visible_surface,37,0.7518270230553636,1.4457698614686254,0.05211002080058196
20240701,0,0,3,same_eye_outer_ridge,37,0.8884939626255803,1.7995030009552329,0.061411565724054665
20240701,0,0,3,same_eye_template,37,0.7753068527543467,1.6987382091352012,0.05462338307773301
20240701,0,0,3,six_neighbor_depth_shared_shape,37,0.6767532759558453,1.3051063799255,0.04681502309640692
20240701,0,0,3,six_neighbor_surface,37,0.7083718546860491,1.3002403803431513,0.04724735349053479
20240701,0,1,1,axisymmetric_ellipsoid,7,11.598186076221072,12.43566510385528,0.8693463836872874
20240701,0,1,1,graph_harmonic_depth_shared_shape,7,0.33342376698520704,0.851670613021406,0.026017085784077194
20240701,0,1,1,nearest_visible_surface,7,0.7120220758178749,0.8379369377592571,0.056007498042133515
20240701,0,1,1,same_eye_outer_ridge,7,0.6239760635021753,0.8465008924562252,0.04518459162994955
20240701,0,1,1,same_eye_template,7,0.44325649174494774,0.8789760495220373,0.03273596160673922
20240701,0,1,1,six_neighbor_depth_shared_shape,7,0.3014151069270686,0.8753151362372931,0.02208862975262957
20240701,0,1,1,six_neighbor_surface,7,0.20016339180792825,0.8772741226087339,0.015744807858537338
20240701,0,1,2,axisymmetric_ellipsoid,19,11.42153324664404,12.509442596237363,0.864696089276107
20240701,0,1,2,graph_harmonic_depth_shared_shape,19,0.5403994100261568,1.3575134217011857,0.04058010601274656
20240701,0,1,2,nearest_visible_surface,19,0.5455696106087723,1.6397191750505846,0.04256730393425782
20240701,0,1,2,same_eye_outer_ridge,19,0.7287076919425256,2.053298126297354,0.05271457776679663
20240701,0,1,2,same_eye_template,19,0.8240400604754674,1.8244111319843745,0.05926689499810978
20240701,0,1,2,six_neighbor_depth_shared_shape,19,0.6029940493314331,1.2463713257284454,0.04963060141040719
20240701,0,1,2,six_neighbor_surface,19,0.61223014302739,1.1949373973158703,0.050390796117670805
20240701,0,1,3,axisymmetric_ellipsoid,37,10.771309021929003,12.756099779065117,0.8499508888309931
20240701,0,1,3,graph_harmonic_depth_shared_shape,37,0.5904627762026229,1.890402216464724,0.04418086726126638
20240701,0,1,3,nearest_visible_surface,37,0.7226702798672705,1.6442909187481247,0.05170431412507862
20240701,0,1,3,same_eye_outer_ridge,37,0.766870310961677,2.067166476645767,0.05837009070455293
20240701,0,1,3,same_eye_template,37,0.8227714180195294,2.30252731025398,0.0583251825224937
20240701,0,1,3,six_neighbor_depth_shared_shape,37,0.5014702138111172,1.6020083139719896,0.03771084982922832
20240701,0,1,3,six_neighbor_surface,37,0.4844263674468696,1.5971372435559084,0.03538240767319562
20240701,0,2,1,axisymmetric_ellipsoid,7,5.420132247284742,7.872546895481891,0.39927560313217686
20240701,0,2,1,graph_harmonic_depth_shared_shape,7,0.2670320993920542,0.8974994138339955,0.019105150106907533
20240701,0,2,1,nearest_visible_surface,7,0.6250521744597801,2.8313697578484005,0.044232514503192655
20240701,0,2,1,same_eye_outer_ridge,7,0.3189688730884196,0.6750875427546368,0.023496933907206738
20240701,0,2,1,same_eye_template,7,0.34307412815726257,0.7134996638699633,0.024278023450605164
20240701,0,2,1,six_neighbor_depth_shared_shape,7,0.269866098510073,1.5062696816485295,0.019307912166884073
20240701,0,2,1,six_neighbor_surface,7,0.3911008036549375,1.5605865797357574,0.02881055334821993
20240701,0,2,2,axisymmetric_ellipsoid,19,7.573472857590283,13.580839649536271,0.543750682738232
20240701,0,2,2,graph_harmonic_depth_shared_shape,19,0.3890009434597678,0.9445129488127967,0.027394649895315655
20240701,0,2,2,nearest_visible_surface,19,0.39914387358156445,0.9961699270874426,0.02839224833206545
20240701,0,2,2,same_eye_outer_ridge,19,0.4717073920076614,1.4522326808621735,0.03323458279469702
20240701,0,2,2,same_eye_template,19,0.4228912725768067,2.6551539305612253,0.02978131171865471
20240701,0,2,2,six_neighbor_depth_shared_shape,19,0.41338350023825243,1.432099966331959,0.0370044814420773
20240701,0,2,2,six_neighbor_surface,19,0.40716365947675026,1.4669247318247358,0.030751255619060572
20240701,0,2,3,axisymmetric_ellipsoid,37,7.85822133608457,15.848173694060295,0.6022266299991409
20240701,0,2,3,graph_harmonic_depth_shared_shape,37,0.5861638454661705,2.5804217570539016,0.041944701046647374
20240701,0,2,3,nearest_visible_surface,37,0.7127874444624834,1.7962552442333648,0.05874800109523275
20240701,0,2,3,same_eye_outer_ridge,37,0.5140542671193907,2.8382631368896187,0.03770615937045849
20240701,0,2,3,same_eye_template,37,0.6145463559693943,3.491718287118047,0.04447652394707232
20240701,0,2,3,six_neighbor_depth_shared_shape,37,0.861411912147179,1.7608560049634354,0.06360993822089521
20240701,0,2,3,six_neighbor_surface,37,0.8568694818772653,1.6917493714082477,0.061218480684269924
20240701,0,3,1,axisymmetric_ellipsoid,7,13.398823489343641,13.722065820320974,0.9942424452057367
20240701,0,3,1,graph_harmonic_depth_shared_shape,7,0.28933383046076233,0.4858923961842331,0.021488926262727606
20240701,0,3,1,nearest_visible_surface,7,0.4054221675938647,0.6901572363862494,0.029598777905244924
20240701,0,3,1,same_eye_outer_ridge,7,0.5394973199444477,1.1329297362876296,0.03938724280490533
20240701,0,3,1,same_eye_template,7,0.3638777707588337,0.7942490472504329,0.025632318024342116
20240701,0,3,1,six_neighbor_depth_shared_shape,7,0.24258110140993264,0.41727893615268846,0.01710193346338055
20240701,0,3,1,six_neighbor_surface,7,0.22219828841631523,0.39579609836393326,0.0156649480198018
20240701,0,3,2,axisymmetric_ellipsoid,19,13.050644332096535,13.56636571004179,0.9856794068790934
20240701,0,3,2,graph_harmonic_depth_shared_shape,19,0.39888828885128996,0.6945890176614746,0.030984856373057645
20240701,0,3,2,nearest_visible_surface,19,0.5919549168882426,0.9822102226355746,0.04126867019366574
20240701,0,3,2,same_eye_outer_ridge,19,0.568255494213725,1.315730468892028,0.04044458038617672
20240701,0,3,2,same_eye_template,19,0.5287020846779005,0.8276578544681357,0.03722033829543052
20240701,0,3,2,six_neighbor_depth_shared_shape,19,0.3072453606277936,0.5981286007970597,0.024598545005426867
20240701,0,3,2,six_neighbor_surface,19,0.3105608258442516,0.6012263220119592,0.024144297696631407
20240701,0,3,3,axisymmetric_ellipsoid,37,13.019235414894816,13.608457589574776,0.9873960475215241
20240701,0,3,3,graph_harmonic_depth_shared_shape,37,0.4109961579808089,0.8559311096114061,0.028995306752190853
20240701,0,3,3,nearest_visible_surface,37,0.48246329523296927,1.1982019433001896,0.03607788966369702
20240701,0,3,3,same_eye_outer_ridge,37,0.5574339029413402,1.3809509246372254,0.03858644294684061
20240701,0,3,3,same_eye_template,37,0.5138583961291614,0.9911257227270098,0.03635694181892657
20240701,0,3,3,six_neighbor_depth_shared_shape,37,0.43451458062530485,0.8471058900938299,0.03295228955824747
20240701,0,3,3,six_neighbor_surface,37,0.40681734087042304,0.8072947533468628,0.03085181352116344
20240701,0,4,1,axisymmetric_ellipsoid,7,7.22200155656841,12.71671529292527,0.5674408909794972
20240701,0,4,1,graph_harmonic_depth_shared_shape,7,0.4918015668254187,0.8960987125384307,0.04272485554566157
20240701,0,4,1,nearest_visible_surface,7,0.6005471048821747,1.5692496199886325,0.045463541172357236
20240701,0,4,1,same_eye_outer_ridge,7,0.7346469119365742,1.109005530460387,0.05373231374231414
20240701,0,4,1,same_eye_template,7,0.6292037663596228,1.681896322185445,0.047632951861961474
20240701,0,4,1,six_neighbor_depth_shared_shape,7,0.5684918668709456,1.0156590809991002,0.042017032092045006
20240701,0,4,1,six_neighbor_surface,7,0.4996748621624398,1.0110197660903815,0.04344489243577932
20240701,0,4,2,axisymmetric_ellipsoid,19,6.244290632751805,13.93186154922094,0.48732490194177336
20240701,0,4,2,graph_harmonic_depth_shared_shape,19,0.6071312713385526,0.8502765390685648,0.05146838277390927
20240701,0,4,2,nearest_visible_surface,19,0.6473672706294245,2.064535507689127,0.05478625745919447
20240701,0,4,2,same_eye_outer_ridge,19,0.7538192851406225,2.767149460851325,0.05706678764729288
20240701,0,4,2,same_eye_template,19,0.6931968212546069,3.534121739262788,0.052825568698525685
20240701,0,4,2,six_neighbor_depth_shared_shape,19,0.503590676537419,0.8787290235952092,0.046340301215780706
20240701,0,4,2,six_neighbor_surface,19,0.39771041564288295,0.8759073463322233,0.03853772880158047
20240701,0,4,3,axisymmetric_ellipsoid,37,6.460533881775833,15.95195092746464,0.48732490194177336
20240701,0,4,3,graph_harmonic_depth_shared_shape,37,0.47653699132709676,2.2932693568356526,0.03674459799889079
20240701,0,4,3,nearest_visible_surface,37,0.6101591277504774,2.320959207106456,0.047422465498818796
20240701,0,4,3,same_eye_outer_ridge,37,0.8759280206745629,3.199190473666472,0.06675073285443205
20240701,0,4,3,same_eye_template,37,0.7817997372760982,3.664314028010821,0.060010246578886574
20240701,0,4,3,six_neighbor_depth_shared_shape,37,0.6127001274019496,1.8698961630073743,0.04703031220298457
20240701,0,4,3,six_neighbor_surface,37,0.5763138041936158,1.6752440570349452,0.04273343894463865
20240701,0,5,1,axisymmetric_ellipsoid,7,5.879177742209869,10.784030005759021,0.44633768094279724
20240701,0,5,1,graph_harmonic_depth_shared_shape,7,0.6153456609721936,1.0033562829953069,0.04631965521044821
20240701,0,5,1,nearest_visible_surface,7,0.7629931169182818,1.090893523087431,0.06050022729543824
20240701,0,5,1,same_eye_outer_ridge,7,0.5930455537918347,1.0774577812734039,0.045496814164531066
20240701,0,5,1,same_eye_template,7,0.6678311892730353,0.9993225983456464,0.050700665526971306
20240701,0,5,1,six_neighbor_depth_shared_shape,7,0.6759116562100561,0.8630828032419771,0.046400337776885466
20240701,0,5,1,six_neighbor_surface,7,0.6669738387335877,0.82629866503221,0.050228706644297995
20240701,0,5,2,axisymmetric_ellipsoid,19,8.186057498714678,12.935536080006262,0.5683788035049256
20240701,0,5,2,graph_harmonic_depth_shared_shape,19,1.1362290522536223,1.5708604947212368,0.08649412274248426
20240701,0,5,2,nearest_visible_surface,19,1.2552106404046701,2.007327087649368,0.08616835818824409
20240701,0,5,2,same_eye_outer_ridge,19,0.5397745627339565,2.1019927892105077,0.03914521018498414
20240701,0,5,2,same_eye_template,19,0.6260679560386473,1.743143428986609,0.0455900826685627
20240701,0,5,2,six_neighbor_depth_shared_shape,19,1.2834119566313884,1.7562736956481346,0.09311235760435302
20240701,0,5,2,six_neighbor_surface,19,1.249016873733312,1.7431787106693861,0.08923176074794001
20240701,0,5,3,axisymmetric_ellipsoid,37,7.472004375613696,12.6370609847481,0.48773519698577716
20240701,0,5,3,graph_harmonic_depth_shared_shape,37,0.9944131507925309,2.0063766048521057,0.07247240808063557
20240701,0,5,3,nearest_visible_surface,37,1.84137940121317,3.077941376374388,0.13442695619362335
20240701,0,5,3,same_eye_outer_ridge,37,0.6846270514293451,2.0894930447720705,0.04900186165441969
20240701,0,5,3,same_eye_template,37,0.7633385044321997,2.0384707915681273,0.05463559716430305
20240701,0,5,3,six_neighbor_depth_shared_shape,37,1.4302976601509467,2.670012822807367,0.10358603468470558
20240701,0,5,3,six_neighbor_surface,37,1.3633206573989423,2.683304451181635,0.10081639366769202
20240701,0,6,1,axisymmetric_ellipsoid,7,8.527277066217659,12.644624866077324,0.6444659725559383
20240701,0,6,1,graph_harmonic_depth_shared_shape,7,0.13107240537025314,0.39911678437070897,0.009523619751096796
20240701,0,6,1,nearest_visible_surface,7,0.2506217733569923,1.2376547559894955,0.018353704715763728
20240701,0,6,1,same_eye_outer_ridge,7,0.330241957705071,1.3485824336316041,0.02377056802674859
20240701,0,6,1,same_eye_template,7,0.20971346985438272,0.6136079933347389,0.015000083435957873
20240701,0,6,1,six_neighbor_depth_shared_shape,7,0.25777289138479087,0.5202583304939903,0.019481700413253013
20240701,0,6,1,six_neighbor_surface,7,0.29171026312718884,0.5370122212237713,0.022046584973249864
20240701,0,6,2,axisymmetric_ellipsoid,19,6.05489774418737,12.51309675625404,0.42959850041488057
20240701,0,6,2,graph_harmonic_depth_shared_shape,19,0.225702939658643,0.5497820072736902,0.01650214376149929
20240701,0,6,2,nearest_visible_surface,19,0.4438502115371908,1.0688426833949873,0.03187471991377388
20240701,0,6,2,same_eye_outer_ridge,19,0.31776272900145225,1.704991877144912,0.022783670579434534
20240701,0,6,2,same_eye_template,19,0.26614196679232116,0.8357229856761514,0.018900515751580426
20240701,0,6,2,six_neighbor_depth_shared_shape,19,0.43256267752969024,0.7412514254590332,0.03118336875245546
20240701,0,6,2,six_neighbor_surface,19,0.4404030767954461,0.7334625188185001,0.031500517834983484
20240701,0,6,3,axisymmetric_ellipsoid,37,8.883015328715997,12.972722438249402,0.7420795714417303
20240701,0,6,3,graph_harmonic_depth_shared_shape,37,0.21827310243197634,0.6317479832852639,0.01617264335532811
20240701,0,6,3,nearest_visible_surface,37,0.523021283444786,1.085225769508674,0.036931695267597986
20240701,0,6,3,same_eye_outer_ridge,37,0.37047866205563823,1.2296349779300464,0.026448812922268528
20240701,0,6,3,same_eye_template,37,0.31698806230399373,1.5456087613619587,0.02336777527836008
20240701,0,6,3,six_neighbor_depth_shared_shape,37,0.35692127755635916,0.8178840689723168,0.025203004685419795
20240701,0,6,3,six_neighbor_surface,37,0.34936265613472156,0.8106249252550617,0.024669273627386232
20240701,0,7,1,axisymmetric_ellipsoid,7,12.771987574318484,13.20826878401559,0.9295483484814164
20240701,0,7,1,graph_harmonic_depth_shared_shape,7,0.6252614870162931,0.9681143228862111,0.04555910967978217
20240701,0,7,1,nearest_visible_surface,7,0.822296537887093,0.995023696901178,0.06094000090958795
20240701,0,7,1,same_eye_outer_ridge,7,0.5341666128908528,0.6921943016862775,0.037150877390035086
20240701,0,7,1,same_eye_template,7,0.6008923889150654,0.7047815640670777,0.04450487749449778
20240701,0,7,1,six_neighbor_depth_shared_shape,7,0.6392092192305948,0.908062175093446,0.044456509929923664
20240701,0,7,1,six_neighbor_surface,7,0.5724057154778025,0.8228744268211301,0.03981037758609661
20240701,0,7,2,axisymmetric_ellipsoid,19,12.771987574318484,13.779136388805819,0.9295483484814164
20240701,0,7,2,graph_harmonic_depth_shared_shape,19,0.5305707515774575,1.060951311295175,0.03896317914339622
20240701,0,7,2,nearest_visible_surface,19,0.6158839230232828,1.1818167457344868,0.04497720954594097
20240701,0,7,2,same_eye_outer_ridge,19,0.5906275244587303,1.0578479304650172,0.041426015891222995
20240701,0,7,2,same_eye_template,19,0.660999121408028,1.0332666945845443,0.045542266325952124
20240701,0,7,2,six_neighbor_depth_shared_shape,19,0.5344483118289562,1.069069129886832,0.039127147972787456
20240701,0,7,2,six_neighbor_surface,19,0.5011717963710196,1.0426175912879514,0.035939975067137094
20240701,0,7,3,axisymmetric_ellipsoid,37,10.212936070747151,13.857490313508869,0.7283485647192268
20240701,0,7,3,graph_harmonic_depth_shared_shape,37,0.736321867109886,1.1919367223967643,0.05073508276719078
20240701,0,7,3,nearest_visible_surface,37,0.7674064737398156,1.7194460878759406,0.05574287779521561
20240701,0,7,3,same_eye_outer_ridge,37,0.6114436540474407,1.4868095376593802,0.04528635313105257
20240701,0,7,3,same_eye_template,37,0.7007402904230863,1.37676269461845,0.04873594864133721
20240701,0,7,3,six_neighbor_depth_shared_shape,37,0.6719929327863815,1.2815365612738578,0.046174589606107944
20240701,0,7,3,six_neighbor_surface,37,0.6829497884500724,1.2384821378322977,0.0490502049568605
20240701,1,0,1,axisymmetric_ellipsoid,7,14.02427590094882,14.7705743825665,0.9435881161565114
20240701,1,0,1,graph_harmonic_depth_shared_shape,7,0.9695493943402156,1.2152347271974775,0.06338314412823683
20240701,1,0,1,nearest_visible_surface,7,0.8374023559146916,1.752846891701022,0.056636485180510586
20240701,1,0,1,same_eye_outer_ridge,7,1.439906444525465,1.839961573928041,0.09413217958497261
20240701,1,0,1,same_eye_template,7,1.443627892434442,1.8814291656090192,0.0943754648374387
20240701,1,0,1,six_neighbor_depth_shared_shape,7,0.9481232411871497,1.2693490975759465,0.06040066920814991
20240701,1,0,1,six_neighbor_surface,7,0.9440771174076995,1.3403701678699926,0.06171792417192226
20240701,1,0,2,axisymmetric_ellipsoid,19,14.000521654640183,14.70463908959172,0.985861575528682
20240701,1,0,2,graph_harmonic_depth_shared_shape,19,0.5113009424443905,1.3280554113395366,0.03492588026393064
20240701,1,0,2,nearest_visible_surface,19,1.0166714062970381,1.4455092371544267,0.06873784384187999
20240701,1,0,2,same_eye_outer_ridge,19,0.7738230940972048,1.668552682355885,0.05419763093316724
20240701,1,0,2,same_eye_template,19,0.6563256542595401,1.7303819707497736,0.04558664825580538
20240701,1,0,2,six_neighbor_depth_shared_shape,19,0.6332397880046176,1.348644808455021,0.04549763044226526
20240701,1,0,2,six_neighbor_surface,19,0.6912533292716573,1.3644055159076571,0.05000375031434438
20240701,1,0,3,axisymmetric_ellipsoid,37,13.479437251941548,14.61257714687177,0.9782953965744814
20240701,1,0,3,graph_harmonic_depth_shared_shape,37,0.5626336607037057,1.0619183791616833,0.03747288560218175
20240701,1,0,3,nearest_visible_surface,37,0.8202717855844617,1.5898575844031373,0.05519636562351513
20240701,1,0,3,same_eye_outer_ridge,37,0.7989476291256409,1.681949625682826,0.05586244101285551
20240701,1,0,3,same_eye_template,37,0.7625262232417325,1.597703598553015,0.05312681447266183
20240701,1,0,3,six_neighbor_depth_shared_shape,37,0.6007980635019547,1.0270227695885292,0.04061955768658502
20240701,1,0,3,six_neighbor_surface,37,0.5964617052457225,1.0159680394580741,0.04089468962403049
20240701,1,1,1,axisymmetric_ellipsoid,7,7.5161764017487265,11.75079278653173,0.5489928490332211
20240701,1,1,1,graph_harmonic_depth_shared_shape,7,0.2930802905261945,0.647922731922249,0.02140702600514068
20240701,1,1,1,nearest_visible_surface,7,0.5482541869375793,0.9728912889022474,0.04077245769081866
20240701,1,1,1,same_eye_outer_ridge,7,0.3997588493157881,1.0450938875838642,0.031889946753336326
20240701,1,1,1,same_eye_template,7,1.0628302049405562,1.526279922793417,0.08352555851463382
20240701,1,1,1,six_neighbor_depth_shared_shape,7,0.24108503209808918,0.594770252631022,0.017928963435765128
20240701,1,1,1,six_neighbor_surface,7,0.23328277851462584,0.6198975636944508,0.01734872700218361
20240701,1,1,2,axisymmetric_ellipsoid,19,4.6386441506359635,11.840976578804069,0.39826147579037074
20240701,1,1,2,graph_harmonic_depth_shared_shape,19,0.301225243310697,0.6167828528803374,0.02208218388404652
20240701,1,1,2,nearest_visible_surface,19,0.5734460643112035,1.567550658462609,0.048250957814047306
20240701,1,1,2,same_eye_outer_ridge,19,0.48516210582001407,0.9567234935765608,0.03458618253692855
20240701,1,1,2,same_eye_template,19,0.8588339032610153,1.5175680067862578,0.06631775734489004
20240701,1,1,2,six_neighbor_depth_shared_shape,19,0.3932621333386846,0.830386624415896,0.030318600748039104
20240701,1,1,2,six_neighbor_surface,19,0.40687391634800807,0.8697701177528607,0.029574188105208895
20240701,1,1,3,axisymmetric_ellipsoid,37,6.1970672710322425,11.77316180866085,0.4648742329084012
20240701,1,1,3,graph_harmonic_depth_shared_shape,37,0.28747512290947497,0.7351721554468009,0.021968189229234998
20240701,1,1,3,nearest_visible_surface,37,0.624247834936584,1.7837465821275003,0.0469277003786636
20240701,1,1,3,same_eye_outer_ridge,37,0.5076815901462242,1.2254253611460428,0.03826288699957015
20240701,1,1,3,same_eye_template,37,0.8506582419248417,1.876926424561618,0.05796330358432405
20240701,1,1,3,six_neighbor_depth_shared_shape,37,0.40265735827796906,1.0149219739204136,0.02961450361684932
20240701,1,1,3,six_neighbor_surface,37,0.3863952388514281,1.0659080777377483,0.031092480947142707
20240701,1,2,1,axisymmetric_ellipsoid,7,6.900234909457829,12.508833046156047,0.5221016660760656
20240701,1,2,1,graph_harmonic_depth_shared_shape,7,0.4798993568441053,0.6869221446619201,0.036888669591198235
20240701,1,2,1,nearest_visible_surface,7,0.7692256537608609,1.0047816660034619,0.059336624950889164
20240701,1,2,1,same_eye_outer_ridge,7,0.9991336267096185,1.2960296934605244,0.07696094750421811
20240701,1,2,1,same_eye_template,7,0.7412838407496082,1.1219961782060837,0.05608874674109392
20240701,1,2,1,six_neighbor_depth_shared_shape,7,0.5233132384288516,0.6186592070141729,0.03857925732388381
20240701,1,2,1,six_neighbor_surface,7,0.3627139687544091,0.510383019953259,0.027444510205902335
20240701,1,2,2,axisymmetric_ellipsoid,19,6.900234909457829,12.784800815478345,0.5221016660760656
20240701,1,2,2,graph_harmonic_depth_shared_shape,19,0.6382763085565926,0.9652930510084281,0.04668706500733677
20240701,1,2,2,nearest_visible_surface,19,0.4869735187253055,1.2084015371807575,0.036814084263087715
20240701,1,2,2,same_eye_outer_ridge,19,0.8724194766460817,1.433073718706508,0.061201962917034135
20240701,1,2,2,same_eye_template,19,0.725099648812123,1.4293041312146113,0.05014911518968989
20240701,1,2,2,six_neighbor_depth_shared_shape,19,0.7152502421795641,0.9133829178858504,0.053042956036300715
20240701,1,2,2,six_neighbor_surface,19,0.6341338764856584,0.892018403663291,0.04633763655101354
20240701,1,2,3,axisymmetric_ellipsoid,37,8.481015565565132,13.187440778106128,0.5765483672201577
20240701,1,2,3,graph_harmonic_depth_shared_shape,37,0.5968519931473244,1.2890147374132754,0.04070499993392227
20240701,1,2,3,nearest_visible_surface,37,0.6318491114079623,1.739147535030761,0.04623441394166472
20240701,1,2,3,same_eye_outer_ridge,37,0.9009171779822887,1.3973986552238584,0.06320113339303532
20240701,1,2,3,same_eye_template,37,0.7422022049258917,1.4064423715627508,0.05403062221423484
20240701,1,2,3,six_neighbor_depth_shared_shape,37,0.5526276396487091,1.4013481756105064,0.04042224690350192
20240701,1,2,3,six_neighbor_surface,37,0.47780738067828715,1.3648972065310143,0.034042253728041434
20240701,1,3,1,axisymmetric_ellipsoid,7,3.465316481213939,10.587011235586608,0.27975612910484327
20240701,1,3,1,graph_harmonic_depth_shared_shape,7,0.32384919613875074,0.43941246924264954,0.026536617338836086
20240701,1,3,1,nearest_visible_surface,7,0.4980264209601947,1.6923932541131324,0.04020583530395349
20240701,1,3,1,same_eye_outer_ridge,7,1.130374759242359,1.7464781487867178,0.08831222567012112
20240701,1,3,1,same_eye_template,7,0.9194434935536985,1.6136695432360868,0.07183290376022049
20240701,1,3,1,six_neighbor_depth_shared_shape,7,0.28643997103099705,0.7448224710681163,0.023124392231114076
20240701,1,3,1,six_neighbor_surface,7,0.5218677765391956,0.7718663849857655,0.04213055571132504
20240701,1,3,2,axisymmetric_ellipsoid,19,2.969470834712974,10.833828101851829,0.21536295641492187
20240701,1,3,2,graph_harmonic_depth_shared_shape,19,0.45934402040922634,1.535064256237075,0.03521316809832689
20240701,1,3,2,nearest_visible_surface,19,0.5670081747123942,1.633084910644751,0.04133526263010921
20240701,1,3,2,same_eye_outer_ridge,19,1.0205254986115078,2.160964902177657,0.07823316367375549
20240701,1,3,2,same_eye_template,19,0.8183883100543085,2.125316674390087,0.06273739038983078
20240701,1,3,2,six_neighbor_depth_shared_shape,19,0.5277302589898594,1.5110183054439839,0.03926054695972796
20240701,1,3,2,six_neighbor_surface,19,0.47042607057945207,1.413985159686358,0.036035633495807594
20240701,1,3,3,axisymmetric_ellipsoid,37,3.87364908596182,11.02327653204135,0.2870292198646902
20240701,1,3,3,graph_harmonic_depth_shared_shape,37,0.5757714272042755,1.589462385286425,0.04134696171706807
20240701,1,3,3,nearest_visible_surface,37,0.7676384645612688,1.3596403676184954,0.058864482693568455
20240701,1,3,3,same_eye_outer_ridge,37,0.7240733655565725,1.8943954599329067,0.053495593824685335
20240701,1,3,3,same_eye_template,37,0.7061289833315307,1.7307578978775542,0.04864975903866908
20240701,1,3,3,six_neighbor_depth_shared_shape,37,0.6841917364684238,1.3103505337063603,0.050968780674923275
20240701,1,3,3,six_neighbor_surface,37,0.7126673732782818,1.278591135757537,0.05226814096714785
20240701,1,4,1,axisymmetric_ellipsoid,7,12.596894781303249,12.763376221331814,0.9448065486931453
20240701,1,4,1,graph_harmonic_depth_shared_shape,7,0.48594879452808953,0.5900558331023673,0.03763651251496977
20240701,1,4,1,nearest_visible_surface,7,0.36758100382705533,0.8988694648553435,0.028352738383695505
20240701,1,4,1,same_eye_outer_ridge,7,1.1047569822046737,1.4241157325278397,0.08521355937301726
20240701,1,4,1,same_eye_template,7,0.8327930658376944,1.159577022171519,0.06423608314253677
20240701,1,4,1,six_neighbor_depth_shared_shape,7,0.5663651897806339,0.719704852496078,0.04265136264267114
20240701,1,4,1,six_neighbor_surface,7,0.5175633333554133,0.7403398883324941,0.038976232684853895
20240701,1,4,2,axisymmetric_ellipsoid,19,12.596894781303249,12.977740229428901,0.9664988450282251
20240701,1,4,2,graph_harmonic_depth_shared_shape,19,0.5283749220685091,1.0274403039938291,0.04065713263198355
20240701,1,4,2,nearest_visible_surface,19,0.7029193390798054,1.2379635179553587,0.05398909699731402
20240701,1,4,2,same_eye_outer_ridge,19,1.2777789997139204,2.0312080106578962,0.09896340078546832
20240701,1,4,2,same_eye_template,19,0.8786329474918084,1.5243846750350296,0.06817584684364253
20240701,1,4,2,six_neighbor_depth_shared_shape,19,0.4927867098377522,1.3285975189342938,0.03896631776150378
20240701,1,4,2,six_neighbor_surface,19,0.45872194879048145,1.3104543670492843,0.03472460382618883
20240701,1,4,3,axisymmetric_ellipsoid,37,11.817260172536612,13.000857099668416,0.948636563799119
20240701,1,4,3,graph_harmonic_depth_shared_shape,37,0.5850786616504713,1.4297237782983439,0.04422760122720786
20240701,1,4,3,nearest_visible_surface,37,0.6841616445073884,1.8531494894143667,0.05247703059732645
20240701,1,4,3,same_eye_outer_ridge,37,1.164509336366545,2.171989499387995,0.08972481315764445
20240701,1,4,3,same_eye_template,37,0.8561017084783634,1.743474600910063,0.0629191160630748
20240701,1,4,3,six_neighbor_depth_shared_shape,37,0.6008574063821195,1.8067408043475492,0.04389247971658763
20240701,1,4,3,six_neighbor_surface,37,0.5997536406520055,1.8185377636293052,0.045634961265316625
20240701,1,5,1,axisymmetric_ellipsoid,7,10.545852071681175,13.873422081735946,0.7362033977662577
20240701,1,5,1,graph_harmonic_depth_shared_shape,7,0.2576077105895043,0.33372321395311755,0.01835741105430374
20240701,1,5,1,nearest_visible_surface,7,0.33942092201187185,0.5585721799070748,0.024525953722466066
20240701,1,5,1,same_eye_outer_ridge,7,0.34700522292561636,0.6525414380240248,0.0241974270191106
20240701,1,5,1,same_eye_template,7,0.47271339067305645,0.7392051612389695,0.03332127981247323
20240701,1,5,1,six_neighbor_depth_shared_shape,7,0.2108462764509583,0.32773359699328497,0.015278190767577395
20240701,1,5,1,six_neighbor_surface,7,0.19092441901845048,0.334463393022833,0.013605485768284376
20240701,1,5,2,axisymmetric_ellipsoid,19,10.545852071681175,13.582582721663812,0.7362033977662577
20240701,1,5,2,graph_harmonic_depth_shared_shape,19,0.18696379394925008,0.494508515899981,0.013276860361855162
20240701,1,5,2,nearest_visible_surface,19,0.3510316542227786,0.6955053960185281,0.02458420445342728
20240701,1,5,2,same_eye_outer_ridge,19,0.3771156315297285,0.8827612063674434,0.026780113273974945
20240701,1,5,2,same_eye_template,19,0.5197089305733048,0.972877200440803,0.03656183841926198
20240701,1,5,2,six_neighbor_depth_shared_shape,19,0.21858981392628266,0.44650341654965925,0.015839297393481732
20240701,1,5,2,six_neighbor_surface,19,0.22638281009299777,0.49441106659912365,0.01613229002732677
20240701,1,5,3,axisymmetric_ellipsoid,37,10.188506383309383,13.713415919410425,0.7207985899666787
20240701,1,5,3,graph_harmonic_depth_shared_shape,37,0.34322772240206145,0.5643457297632077,0.023339345334539796
20240701,1,5,3,nearest_visible_surface,37,0.354724978430411,0.8327048713809246,0.02451440626147119
20240701,1,5,3,same_eye_outer_ridge,37,0.4282754983534129,0.8429771111533877,0.02999899135862819
20240701,1,5,3,same_eye_template,37,0.5174594567374843,0.9886896846666036,0.03677331272289429
20240701,1,5,3,six_neighbor_depth_shared_shape,37,0.39075215964917503,0.7682394335201272,0.02736647189204802
20240701,1,5,3,six_neighbor_surface,37,0.3342973059845822,0.7898400770363032,0.02273208065530554
20240701,1,6,1,axisymmetric_ellipsoid,7,5.9252274948109225,11.146233632192398,0.454767793544773
20240701,1,6,1,graph_harmonic_depth_shared_shape,7,0.9254049319261226,1.1316655178999169,0.06619593151847347
20240701,1,6,1,nearest_visible_surface,7,0.6870781316753038,1.4767581699627552,0.05240476528751152
20240701,1,6,1,same_eye_outer_ridge,7,0.8215948592451255,2.8315493749547875,0.05719513600796116
20240701,1,6,1,same_eye_template,7,0.791811747688025,2.456330715802839,0.06077243139006333
20240701,1,6,1,six_neighbor_depth_shared_shape,7,0.755967587457916,1.0852613833676754,0.04730122002553867
20240701,1,6,1,six_neighbor_surface,7,0.7408451224281187,1.05511011327829,0.046355000825707204
20240701,1,6,2,axisymmetric_ellipsoid,19,6.532620682186244,12.24530727590107,0.454767793544773
20240701,1,6,2,graph_harmonic_depth_shared_shape,19,0.7199991492422712,3.227225652671956,0.05855953813020293
20240701,1,6,2,nearest_visible_surface,19,0.8166845895709866,3.5852620869635747,0.058366517387322986
20240701,1,6,2,same_eye_outer_ridge,19,1.0671047592990064,2.9530216310762034,0.07108612035156336
20240701,1,6,2,same_eye_template,19,1.2183202941365452,2.570510055793628,0.08696980903571128
20240701,1,6,2,six_neighbor_depth_shared_shape,19,0.8934926831217465,3.394370184974067,0.06297462730904399
20240701,1,6,2,six_neighbor_surface,19,0.8752934799735919,3.3863454883927457,0.06373234054406324
20240701,1,6,3,axisymmetric_ellipsoid,37,7.870752782285683,12.031227353528912,0.5332609142265261
20240701,1,6,3,graph_harmonic_depth_shared_shape,37,0.8862100199201436,2.4464994981924613,0.05987423180356268
20240701,1,6,3,nearest_visible_surface,37,0.9882409896235257,2.3864244162860144,0.07091497580214794
20240701,1,6,3,same_eye_outer_ridge,37,0.9252764178223318,2.6505324153247627,0.06891568368726547
20240701,1,6,3,same_eye_template,37,1.1666078943242544,2.3567274960314584,0.08413910820467498
20240701,1,6,3,six_neighbor_depth_shared_shape,37,0.9835890382044097,1.8121357595702465,0.07271448524969333
20240701,1,6,3,six_neighbor_surface,37,1.1234027583371458,1.8804704844260072,0.07624594001112259
20240701,1,7,1,axisymmetric_ellipsoid,7,7.474926364324087,12.025534292709116,0.5537193919513345
20240701,1,7,1,graph_harmonic_depth_shared_shape,7,0.7474356076704611,1.0802212819703938,0.05876936547894116
20240701,1,7,1,nearest_visible_surface,7,0.8929136872803166,1.332954876143316,0.07392948273655618
20240701,1,7,1,same_eye_outer_ridge,7,1.1251123318747638,1.9212385474788725,0.08889535550187724
20240701,1,7,1,same_eye_template,7,1.135231246599455,1.8175304502409304,0.08859812496443052
20240701,1,7,1,six_neighbor_depth_shared_shape,7,1.0069761116802924,1.4075643878167607,0.07956138857758213
20240701,1,7,1,six_neighbor_surface,7,1.0386430295243294,1.3968804302796196,0.08270079692254331
20240701,1,7,2,axisymmetric_ellipsoid,19,7.816194546650103,13.347364536070636,0.5537193919513345
20240701,1,7,2,graph_harmonic_depth_shared_shape,19,0.7101441069169683,1.5824818815697415,0.04917605653208428
20240701,1,7,2,nearest_visible_surface,19,1.0970781514318473,2.422166708815006,0.07718046274233174
20240701,1,7,2,same_eye_outer_ridge,19,1.1419554834712746,2.012615668576743,0.09022613635506453
20240701,1,7,2,same_eye_template,19,1.0987133591513822,2.166961521501451,0.08684663193934164
20240701,1,7,2,six_neighbor_depth_shared_shape,19,0.8566308117456916,2.106354027455658,0.06797263573971689
20240701,1,7,2,six_neighbor_surface,19,0.9707107111285086,2.0877485932650983,0.07396339596543076
20240701,1,7,3,axisymmetric_ellipsoid,37,7.816194546650103,13.65530166509019,0.5560905111148486
20240701,1,7,3,graph_harmonic_depth_shared_shape,37,0.6769083331157445,1.40124377357135,0.05241938259796515
20240701,1,7,3,nearest_visible_surface,37,0.910480780453176,1.7173567637019063,0.06794824389985464
20240701,1,7,3,same_eye_outer_ridge,37,0.7878293041520115,1.7445808915005674,0.06017497611016448
20240701,1,7,3,same_eye_template,37,0.8230857172681553,2.238107268767441,0.0633939014708962
20240701,1,7,3,six_neighbor_depth_shared_shape,37,0.7716828933746925,1.6151595148784361,0.05843036936028865
20240701,1,7,3,six_neighbor_surface,37,0.8708865124422983,1.6110118669667233,0.0623798043974782
