region_a,label_a,region_b,label_b,overlap_voxels,intersection_over_union,overlap_fraction_smaller
1,3,2,180,21,0.3888888888888889,0.7
1,50,2,610,4,0.005578800557880056,0.02857142857142857
1,50,2,616,11,0.04932735426008968,0.11702127659574468
1,54,2,141,25,0.4807692307692308,0.8333333333333334
1,60,2,129,17,0.3333333333333333,0.7391304347826086
1,61,2,595,2,0.002171552660152009,0.01652892561983471
1,61,2,610,18,0.02631578947368421,0.1487603305785124
1,62,2,114,16,0.058394160583941604,0.8888888888888888
1,63,2,153,13,0.2708333333333333,0.8666666666666667
1,64,2,166,22,0.3492063492063492,0.88
1,65,2,181,13,0.28888888888888886,0.5652173913043478
1,67,2,193,7,0.1794871794871795,0.4117647058823529
1,68,2,192,7,0.18421052631578946,0.5384615384615384
1,69,2,197,18,0.24,0.6923076923076923
1,70,2,210,10,0.25,0.7142857142857143
1,99,2,115,9,0.1956521739130435,0.6
1,100,2,128,17,0.1,0.7727272727272727
1,118,2,595,32,0.03567447045707915,0.25196850393700787
1,128,2,849,52,0.5048543689320388,0.8253968253968254
1,131,2,581,22,0.15714285714285714,0.5116279069767442
1,131,2,608,1,0.008403361344537815,0.023255813953488372
1,136,2,723,49,0.4375,0.9074074074074074
1,137,2,419,47,0.31333333333333335,0.7966101694915254
1,138,2,727,47,0.3949579831932773,0.7704918032786885
1,139,2,969,43,0.4387755102040816,0.86
1,140,2,861,53,0.4732142857142857,0.7681159420289855
1,142,2,610,43,0.0688,0.4942528735632184
1,145,2,411,23,0.17293233082706766,0.4791666666666667
1,147,2,629,4,0.045454545454545456,0.10526315789473684
1,147,2,1277,5,0.078125,0.3333333333333333
1,148,2,578,44,0.26506024096385544,0.5569620253164557
1,149,2,872,36,0.3564356435643564,0.8
1,150,2,967,37,0.36633663366336633,0.8043478260869565
1,155,2,670,46,0.4380952380952381,0.7419354838709677
1,157,2,746,53,0.4818181818181818,0.7361111111111112
1,160,2,595,43,0.04931192660550459,0.3805309734513274
1,161,2,610,41,0.06497622820919176,0.45054945054945056
1,162,2,573,1,0.0030120481927710845,0.02
1,164,2,710,45,0.05154639175257732,0.703125
1,165,2,715,43,0.36752136752136755,0.9148936170212766
1,168,2,966,47,0.5280898876404494,0.8703703703703703
1,170,2,968,33,0.33,0.8048780487804879
1,171,2,717,45,0.4166666666666667,0.8490566037735849
1,178,2,970,44,0.4835164835164835,0.88
1,181,2,971,47,0.46078431372549017,0.7704918032786885
1,184,2,485,50,0.27932960893854747,0.6172839506172839
1,188,2,595,1,0.001034126163391934,0.006024096385542169
1,188,2,790,58,0.25892857142857145,0.5
1,188,2,831,2,0.007168458781362007,0.017391304347826087
1,189,2,595,1,0.00117096018735363,0.018867924528301886
1,189,2,840,19,0.1347517730496454,0.3584905660377358
1,190,2,696,44,0.2802547770700637,0.5365853658536586
1,191,2,610,60,0.09630818619582665,0.5882352941176471
1,196,2,962,57,0.4830508474576271,0.8636363636363636
1,198,2,871,46,0.42592592592592593,0.8518518518518519
1,199,2,662,49,0.21120689655172414,0.875
1,210,2,520,62,0.2719298245614035,0.4460431654676259
1,213,2,615,1,0.0017452006980802793,0.010638297872340425
1,213,2,795,62,0.38271604938271603,0.6595744680851063
1,214,2,573,48,0.15434083601286175,0.631578947368421
1,217,2,1083,48,0.48,0.8135593220338984
1,224,2,987,35,0.3723404255319149,0.7446808510638298
1,225,2,710,48,0.05542725173210162,0.8
1,225,2,958,1,0.00392156862745098,0.016666666666666666
1,233,2,615,89,0.1100123609394314,0.21291866028708134
1,233,2,783,75,0.1662971175166297,0.6944444444444444
1,233,2,837,61,0.12978723404255318,0.5398230088495575
1,237,2,839,63,0.4846153846153846,0.7078651685393258
1,239,2,615,48,0.09125475285171103,0.5106382978723404
1,247,2,904,43,0.40186915887850466,0.6515151515151515
1,249,2,964,47,0.3949579831932773,0.9038461538461539
1,252,2,815,19,0.2087912087912088,0.8636363636363636
1,257,2,831,64,0.3386243386243386,0.5565217391304348
1,261,2,615,70,0.1388888888888889,0.7446808510638298
1,270,2,891,29,0.3118279569892473,0.58
1,271,2,903,43,0.4174757281553398,0.7288135593220338
1,272,2,905,40,0.40816326530612246,0.7017543859649122
1,273,2,1019,40,0.40404040404040403,0.6666666666666666
1,274,2,265,52,0.00472684301427143,0.8
1,275,2,710,45,0.05190311418685121,0.7758620689655172
1,286,2,676,34,0.3333333333333333,0.8717948717948718
1,288,2,496,46,0.2911392405063291,0.6865671641791045
1,289,2,495,61,0.34269662921348315,0.8591549295774648
1,290,2,505,52,0.2905027932960894,0.7123287671232876
1,291,2,1084,76,0.6031746031746031,0.8
1,303,2,1000,36,0.4675324675324675,0.8
1,306,2,900,4,0.05405405405405406,0.16666666666666666
1,306,2,1157,34,0.4473684210526316,0.6296296296296297
1,311,2,1178,43,0.4673913043478261,0.7413793103448276
1,312,2,265,53,0.004815555151735417,0.7464788732394366
1,313,2,1049,2,0.012578616352201259,0.029850746268656716
1,313,2,1050,48,0.4485981308411215,0.7164179104477612
1,314,2,265,50,0.004545041359876375,0.7936507936507936
1,315,2,958,49,0.2413793103448276,0.875
1,316,2,265,43,0.003909801782142208,0.8113207547169812
1,317,2,960,39,0.39,0.8297872340425532
1,320,2,844,21,0.22340425531914893,0.45652173913043476
1,337,2,1058,58,0.5576923076923077,0.8055555555555556
1,339,2,1059,47,0.42342342342342343,0.6025641025641025
1,341,2,973,69,0.5307692307692308,0.7419354838709677
1,342,2,779,16,0.060836501901140684,0.2191780821917808
1,343,2,779,68,0.3008849557522124,0.7727272727272727
1,347,2,615,24,0.044444444444444446,0.2857142857142857
1,352,2,1186,8,0.07142857142857142,0.14545454545454545
1,352,2,1216,19,0.18811881188118812,0.34545454545454546
1,353,2,984,16,0.07111111111111111,0.48484848484848486
1,354,2,1187,1,0.00980392156862745,0.020833333333333332
1,355,2,1290,26,0.32098765432098764,0.5909090909090909
1,357,2,996,1,0.013888888888888888,0.041666666666666664
1,357,2,1187,24,0.3,0.4897959183673469
1,358,2,1005,1,0.015625,0.058823529411764705
1,358,2,1156,29,0.3717948717948718,0.6041666666666666
1,359,2,897,39,0.36792452830188677,0.7222222222222222
1,362,2,634,22,0.20952380952380953,0.4074074074074074
1,368,2,906,45,0.39473684210526316,0.7377049180327869
1,373,2,907,47,0.43119266055045874,0.8103448275862069
1,377,2,1026,51,0.4322033898305085,0.8225806451612904
1,380,2,935,48,0.42105263157894735,0.6857142857142857
1,381,2,937,48,0.24242424242424243,0.6956521739130435
1,382,2,937,50,0.2617801047120419,0.78125
1,383,2,1114,48,0.4897959183673469,0.6666666666666666
1,385,2,265,48,0.004362050163576881,0.75
1,387,2,1049,49,0.45794392523364486,0.7903225806451613
1,389,2,1051,45,0.41284403669724773,0.7894736842105263
1,391,2,958,47,0.235,0.9215686274509803
1,409,2,1095,52,0.4642857142857143,0.7027027027027027
1,418,2,1262,17,0.2537313432835821,0.4358974358974359
1,420,2,1288,17,0.2125,0.4473684210526316
1,422,2,1067,3,0.045454545454545456,0.08823529411764706
1,422,2,1310,16,0.19753086419753085,0.47058823529411764
1,429,2,1017,24,0.22857142857142856,0.5714285714285714
1,431,2,1190,27,0.3375,0.5625
1,433,2,909,44,0.4888888888888889,0.8461538461538461
1,437,2,1030,49,0.5,0.8032786885245902
1,439,2,611,26,0.17218543046357615,0.43333333333333335
1,440,2,915,37,0.3978494623655914,0.7551020408163265
1,442,2,917,40,0.23809523809523808,0.3883495145631068
1,442,2,1037,29,0.18125,0.34523809523809523
1,446,2,1039,55,0.5288461538461539,0.8208955223880597
1,447,2,114,54,0.19014084507042253,0.8181818181818182
1,448,2,128,53,0.29444444444444445,0.7794117647058824
1,449,2,1042,52,0.4727272727272727,0.7123287671232876
1,450,2,932,52,0.4369747899159664,0.7428571428571429
1,451,2,934,55,0.4230769230769231,0.6962025316455697
1,453,2,938,16,0.14035087719298245,0.42105263157894735
1,455,2,940,48,0.35294117647058826,0.7058823529411765
1,457,2,942,47,0.3533834586466165,0.746031746031746
1,458,2,197,1,0.007246376811594203,0.014925373134328358
1,460,2,209,40,0.24390243902439024,0.6451612903225806
1,462,2,948,31,0.28440366972477066,0.7948717948717948
1,467,2,265,21,0.0019099590723055935,0.75
1,524,2,1308,16,0.32,0.5714285714285714
1,526,2,1287,17,0.25757575757575757,0.6296296296296297
1,532,2,911,38,0.34234234234234234,0.6785714285714286
1,540,2,1080,46,0.4423076923076923,0.7301587301587301
1,546,2,1045,25,0.211864406779661,0.5208333333333334
1,548,2,114,29,0.0935483870967742,0.43283582089552236
1,633,2,1147,6,0.06060606060606061,0.4
1,633,2,1258,1,0.023809523809523808,0.06666666666666667
1,634,2,1147,6,0.05825242718446602,0.3157894736842105
1,641,2,918,26,0.2047244094488189,0.6341463414634146
1,642,2,924,41,0.3014705882352941,0.7735849056603774
1,694,2,1259,1,0.02127659574468085,0.058823529411764705
1,694,2,1261,9,0.0743801652892562,0.5294117647058824
1,697,2,928,33,0.32038834951456313,0.673469387755102
1,742,2,1041,5,0.049019607843137254,0.38461538461538464
1,748,2,1282,1,0.027777777777777776,0.06666666666666667
1,50,4,18,10,0.006329113924050633,0.07142857142857142
1,59,4,58,9,0.140625,0.42857142857142855
1,61,4,1027,1,0.005263157894736842,0.014285714285714285
1,112,4,73,2,0.038461538461538464,0.13333333333333333
1,129,4,891,8,0.26666666666666666,0.5333333333333333
1,130,4,808,13,0.40625,0.6190476190476191
1,131,4,91,18,0.11320754716981132,0.4186046511627907
1,141,4,805,12,0.23529411764705882,0.6
1,142,4,18,23,0.015191545574636724,0.26436781609195403
1,143,4,858,8,0.22857142857142856,0.47058823529411764
1,148,4,960,32,0.3076923076923077,0.5614035087719298
1,160,4,18,50,0.03304692663582287,0.4424778761061947
1,160,4,1027,1,0.005494505494505495,0.014285714285714285
1,161,4,1027,28,0.21052631578947367,0.4
1,162,4,961,31,0.3974358974358974,0.62
1,163,4,861,12,0.14814814814814814,0.7058823529411765
1,188,4,18,68,0.04392764857881137,0.40963855421686746
1,189,4,18,1,0.0006657789613848203,0.018867924528301886
1,190,4,18,1,0.0006531678641410843,0.012195121951219513
1,190,4,958,36,0.32142857142857145,0.5454545454545454
1,191,4,1026,31,0.2440944881889764,0.5535714285714286
1,192,4,857,3,0.031914893617021274,0.2
1,192,4,1023,46,0.46464646464646464,0.7301587301587301
1,193,4,1117,33,0.336734693877551,0.5892857142857143
1,194,4,63,1,0.005952380952380952,0.012345679012345678
1,194,4,959,39,0.34513274336283184,0.609375
1,195,4,1118,24,0.2696629213483146,0.4528301886792453
1,212,4,40,1,0.0070921985815602835,0.015873015873015872
1,212,4,1088,41,0.43617021276595747,0.7321428571428571
1,213,4,957,41,0.3504273504273504,0.640625
1,214,4,1025,33,0.32673267326732675,0.5689655172413793
1,215,4,894,5,0.1724137931034483,0.3333333333333333
1,222,4,1104,31,0.36470588235294116,0.6595744680851063
1,223,4,1019,26,0.2524271844660194,0.5531914893617021
1,232,4,1105,38,0.4523809523809524,0.6333333333333333
1,233,4,8,5,0.0066844919786096255,0.014925373134328358
1,233,4,15,75,0.15306122448979592,0.5102040816326531
1,233,4,18,62,0.03433001107419712,0.14832535885167464
1,233,4,955,61,0.14352941176470588,0.8970588235294118
1,234,4,1174,39,0.4642857142857143,0.6610169491525424
1,235,4,1021,40,0.40816326530612246,0.6779661016949152
1,236,4,1111,43,0.4387755102040816,0.8431372549019608
1,237,4,18,1,0.0006501950585175553,0.011235955056179775
1,237,4,956,44,0.24719101123595505,0.4943820224719101
1,238,4,1087,40,0.47619047619047616,0.7407407407407407
1,239,4,42,1,0.006896551724137931,0.019230769230769232
1,239,4,1022,51,0.4722222222222222,0.7846153846153846
1,240,4,1110,45,0.5232558139534884,0.7894736842105263
1,241,4,1112,43,0.46236559139784944,0.86
1,242,4,1113,40,0.425531914893617,0.7272727272727273
1,243,4,1024,37,0.4111111111111111,0.6727272727272727
1,244,4,1176,38,0.4523809523809524,0.6785714285714286
1,245,4,1178,33,0.4342105263157895,0.6111111111111112
1,246,4,1313,36,0.2926829268292683,0.7058823529411765
1,246,4,1412,9,0.06206896551724138,0.1956521739130435
1,257,4,766,64,0.35555555555555557,0.6037735849056604
1,259,4,1016,42,0.5060240963855421,0.7368421052631579
1,260,4,1109,43,0.48863636363636365,0.7818181818181819
1,261,4,856,2,0.018867924528301886,0.14285714285714285
1,261,4,956,45,0.24725274725274726,0.4787234042553192
1,262,4,1108,46,0.5411764705882353,0.7076923076923077
1,263,4,855,3,0.030927835051546393,0.16666666666666666
1,263,4,1086,44,0.42718446601941745,0.676923076923077
1,264,4,1232,36,0.34951456310679613,0.7058823529411765
1,265,4,1116,43,0.48314606741573035,0.6515151515151515
1,266,4,1115,35,0.4666666666666667,0.6363636363636364
1,267,4,1233,32,0.3368421052631579,0.6153846153846154
1,268,4,1316,13,0.16666666666666666,0.40625
1,269,4,1317,17,0.2537313432835821,0.5
1,293,4,1168,31,0.44285714285714284,0.6888888888888889
1,294,4,1169,29,0.4142857142857143,0.7631578947368421
1,295,4,1107,35,0.45454545454545453,0.7777777777777778
1,296,4,1173,37,0.42528735632183906,0.6166666666666667
1,297,4,1085,37,0.3894736842105263,0.5606060606060606
1,298,4,1407,37,0.4065934065934066,0.8222222222222222
1,299,4,1230,32,0.42105263157894735,0.7111111111111111
1,300,4,1409,33,0.375,0.75
1,301,4,1114,38,0.4691358024691358,0.6785714285714286
1,341,4,8,8,0.01904761904761905,0.08602150537634409
1,341,4,1017,50,0.4716981132075472,0.7936507936507936
1,342,4,801,2,0.02197802197802198,0.1
1,342,4,1103,47,0.5280898876404494,0.746031746031746
1,343,4,8,13,0.03170731707317073,0.14772727272727273
1,343,4,1106,44,0.41904761904761906,0.7213114754098361
1,344,4,1228,38,0.4367816091954023,0.6129032258064516
1,345,4,14,2,0.0125,0.0273972602739726
1,345,4,1018,57,0.5643564356435643,0.7808219178082192
1,346,4,1229,36,0.5217391304347826,0.72
1,347,4,21,3,0.018867924528301886,0.038461538461538464
1,347,4,1020,49,0.46226415094339623,0.6901408450704225
1,348,4,1516,34,0.3541666666666667,0.6666666666666666
1,349,4,1310,34,0.41975308641975306,0.6666666666666666
1,350,4,1311,35,0.43209876543209874,0.7608695652173914
1,351,4,1568,39,0.42391304347826086,0.8297872340425532
1,410,4,1170,27,0.375,0.5625
1,411,4,1406,37,0.38144329896907214,0.74
1,412,4,1565,26,0.30952380952380953,0.5909090909090909
1,413,4,1312,38,0.5066666666666667,0.6909090909090909
1,413,4,1408,1,0.008620689655172414,0.017241379310344827
1,414,4,1520,35,0.4069767441860465,0.7608695652173914
1,415,4,1604,33,0.4230769230769231,0.7674418604651163
1,416,4,1410,37,0.43023255813953487,0.7708333333333334
1,417,4,1177,26,0.3132530120481928,0.5777777777777777
1,511,4,1559,4,0.06557377049180328,0.18181818181818182
1,512,4,1171,33,0.22916666666666666,0.5076923076923077
1,513,4,1405,29,0.3372093023255814,0.58
1,514,4,1309,32,0.35555555555555557,0.5818181818181818
1,515,4,1171,29,0.19463087248322147,0.4393939393939394
1,516,4,1515,34,0.40963855421686746,0.68
1,517,4,1172,37,0.4065934065934066,0.6491228070175439
1,518,4,1563,31,0.34831460674157305,0.7380952380952381
1,519,4,1518,33,0.4024390243902439,0.66
1,520,4,1175,21,0.2625,0.42
1,521,4,1519,36,0.42857142857142855,0.8181818181818182
1,522,4,1521,35,0.35,0.7777777777777778
1,523,4,1314,35,0.4069767441860465,0.7954545454545454
1,620,4,1600,7,0.09859154929577464,0.3333333333333333
1,623,4,1512,13,0.17567567567567569,0.3170731707317073
1,624,4,1404,28,0.35,0.5714285714285714
1,625,4,1167,27,0.32926829268292684,0.54
1,626,4,1512,3,0.03225806451612903,0.07317073170731707
1,626,4,1513,28,0.3146067415730337,0.509090909090909
1,627,4,1517,34,0.3655913978494624,0.6415094339622641
1,628,4,1603,25,0.2976190476190476,0.5319148936170213
1,629,4,1231,28,0.32941176470588235,0.509090909090909
1,630,4,1566,31,0.37349397590361444,0.6739130434782609
1,631,4,1231,2,0.01680672268907563,0.034482758620689655
1,631,4,1523,32,0.41025641025641024,0.6808510638297872
1,632,4,1524,29,0.3372093023255814,0.5178571428571429
1,688,4,1402,3,0.028846153846153848,0.07692307692307693
1,688,4,1403,25,0.18382352941176472,0.6410256410256411
1,689,4,1403,35,0.2517985611510791,0.6730769230769231
1,690,4,1562,29,0.3493975903614458,0.6304347826086957
1,691,4,1514,26,0.3561643835616438,0.6842105263157895
1,692,4,1522,22,0.29333333333333333,0.5
1,693,4,1411,9,0.1323529411764706,0.375
1,723,4,1511,25,0.2808988764044944,0.46296296296296297
1,724,4,1402,21,0.2413793103448276,0.525
1,725,4,1511,1,0.008620689655172414,0.018518518518518517
1,725,4,1560,39,0.42857142857142855,0.6190476190476191
1,740,4,1401,16,0.2,0.7272727272727273
1,741,4,1408,18,0.2465753424657534,0.5625
1,762,4,1652,2,0.015151515151515152,0.07407407407407407
1,762,4,1826,3,0.04411764705882353,0.1111111111111111
1,771,4,1652,4,0.03007518796992481,0.13333333333333333
1,772,4,1826,2,0.027777777777777776,0.06666666666666667
1,50,5,47,12,0.04938271604938271,0.10434782608695652
1,50,5,56,13,0.05220883534136546,0.10655737704918032
1,50,5,60,1,0.003787878787878788,0.008
1,61,5,34,1,0.004048582995951417,0.008264462809917356
1,61,5,42,18,0.08108108108108109,0.15126050420168066
1,61,5,1095,2,0.014814814814814815,0.125
1,118,5,35,1,0.002717391304347826,0.007874015748031496
1,118,5,737,15,0.0684931506849315,0.14018691588785046
1,131,5,776,18,0.14634146341463414,0.4186046511627907
1,142,5,741,30,0.1694915254237288,0.3448275862068966
1,148,5,740,33,0.22,0.4177215189873418
1,160,5,731,40,0.21164021164021163,0.35398230088495575
1,161,5,34,25,0.12953367875647667,0.27472527472527475
1,161,5,741,1,0.004761904761904762,0.01098901098901099
1,188,5,762,2,0.01098901098901099,0.1111111111111111
1,188,5,769,57,0.27941176470588236,0.6
1,188,5,1071,7,0.03867403314917127,0.3181818181818182
1,189,5,770,20,0.16129032258064516,0.37735849056603776
1,190,5,34,1,0.004807692307692308,0.012195121951219513
1,190,5,733,35,0.21875,0.4268292682926829
1,191,5,773,41,0.2303370786516854,0.4019607843137255
1,213,5,736,43,0.30935251798561153,0.48863636363636365
1,233,5,9,64,0.13250517598343686,0.49612403100775193
1,233,5,729,57,0.12153518123667377,0.5277777777777778
1,233,5,766,70,0.15695067264573992,0.7142857142857143
1,237,5,22,51,0.3148148148148148,0.5730337078651685
1,257,5,762,2,0.012987012987012988,0.1111111111111111
1,257,5,811,45,0.30405405405405406,0.8181818181818182
1,261,5,14,57,0.3392857142857143,0.6063829787234043
1,341,5,802,55,0.5045871559633027,0.7746478873239436
1,343,5,1,63,0.4090909090909091,0.7159090909090909
1,762,5,1840,2,0.05263157894736842,0.15384615384615385
2,31,3,2,7,0.08974358974358974,0.21875
2,41,3,3,7,0.1206896551724138,0.3684210526315789
2,51,3,4,10,0.23809523809523808,0.43478260869565216
2,56,3,6,10,0.12048192771084337,0.625
2,71,3,7,6,0.17142857142857143,0.5
2,74,3,9,11,0.1864406779661017,0.7333333333333333
2,74,3,12,13,0.22033898305084745,0.7647058823529411
2,97,3,14,9,0.0013469021251122418,0.75
2,97,3,16,7,0.0010450880859958196,0.2692307692307692
2,97,3,318,9,0.0013102343863735624,0.04522613065326633
2,97,3,379,42,0.006270528515974918,0.6885245901639344
2,97,3,380,36,0.005365126676602086,0.5373134328358209
2,97,3,381,46,0.006756756756756757,0.26285714285714284
2,97,3,382,51,0.007599463567277604,0.6144578313253012
2,97,3,411,29,0.004313550498289454,0.3972602739726027
2,97,3,412,3,0.0004440497335701599,0.0375
2,97,3,413,9,0.001334717484799051,0.1232876712328767
2,97,3,414,2,0.0002959455460195324,0.024691358024691357
2,97,3,415,25,0.0037136066547831252,0.32051282051282054
2,97,3,416,50,0.0073594347954077126,0.30303030303030304
2,97,3,421,65,0.009710188228264117,0.8125
2,97,3,439,1,0.00014755791648221928,0.010101010101010102
2,97,3,440,1,0.00014823599169878446,0.014705882352941176
2,97,3,445,59,0.008803342285884811,0.7195121951219512
2,97,3,446,60,0.008961911874533234,0.7894736842105263
2,97,3,447,69,0.010312359886414586,0.8518518518518519
2,97,3,449,63,0.009402985074626866,0.75
2,97,3,450,53,0.007918721051845212,0.7910447761194029
2,97,3,453,64,0.009569377990430622,0.8767123287671232
2,97,3,458,62,0.009274495138369483,0.9117647058823529
2,97,3,465,61,0.009113999701180337,0.8133333333333334
2,97,3,469,72,0.010773604668562023,0.9473684210526315
2,97,3,470,65,0.009694258016405667,0.7142857142857143
2,97,3,471,67,0.010017942583732058,0.881578947368421
2,97,3,473,60,0.008948545861297539,0.6976744186046512
2,97,3,474,2,0.00029660388551090017,0.030303030303030304
2,97,3,476,9,0.0013337285121517487,0.11538461538461539
2,97,3,495,19,0.0028240190249702733,0.27941176470588236
2,97,3,502,10,0.0014940983116689078,0.4166666666666667
2,120,3,93,3,0.07317073170731707,0.15
2,121,3,16,12,0.26666666666666666,0.46153846153846156
2,145,3,21,7,0.125,0.2413793103448276
2,208,3,94,11,0.34375,0.6111111111111112
2,270,3,36,8,0.23529411764705882,0.47058823529411764
2,276,3,37,5,0.16666666666666666,0.29411764705882354
2,283,3,38,8,0.1702127659574468,0.34782608695652173
2,288,3,41,11,0.2894736842105263,0.4782608695652174
2,297,3,46,6,0.1875,0.4
2,302,3,48,7,0.2916666666666667,0.5
2,315,3,52,6,0.2,0.4
2,353,3,57,6,0.1935483870967742,0.375
2,400,3,63,9,0.34615384615384615,0.75
2,424,3,71,9,0.3103448275862069,0.75
2,434,3,72,6,0.1875,0.3333333333333333
2,445,3,73,8,0.2962962962962963,0.6666666666666666
2,454,3,74,6,0.1875,0.5
2,473,3,75,6,0.18181818181818182,0.5
2,483,3,76,11,0.3055555555555556,0.5
2,494,3,77,9,0.3103448275862069,0.75
2,507,3,78,13,0.41935483870967744,0.6190476190476191
2,519,3,79,14,0.4666666666666667,0.8235294117647058
2,580,3,80,48,0.017155110793423873,0.2981366459627329
2,586,3,80,45,0.015985790408525755,0.2571428571428571
2,590,3,80,1,0.00035435861091424523,0.007246376811594203
2,590,3,87,41,0.23837209302325582,0.5466666666666666
2,597,3,80,13,0.004718693284936479,0.1566265060240964
2,598,3,80,1,0.0003652300949598247,0.018518518518518517
2,605,3,80,60,0.02154398563734291,0.375
2,617,3,80,28,0.010010725777618877,0.2
2,620,3,80,1,0.0003557452863749555,0.007874015748031496
2,620,3,314,69,0.26848249027237353,0.5433070866141733
2,621,3,80,212,0.05150631681243926,0.12903225806451613
2,621,3,235,2,0.0011547344110854503,0.02197802197802198
2,621,3,273,1,0.0005810575246949448,0.012658227848101266
2,621,3,275,65,0.03937007874015748,0.8904109589041096
2,621,3,277,75,0.04550970873786408,0.9375
2,621,3,278,77,0.045915324985092425,0.6936936936936937
2,621,3,313,78,0.04710144927536232,0.8571428571428571
2,621,3,314,77,0.04362606232294618,0.3869346733668342
2,621,3,352,67,0.0404833836858006,0.8481012658227848
2,621,3,377,65,0.039203860072376355,0.8125
2,623,3,80,49,0.017779390420899856,0.4083333333333333
2,624,3,80,217,0.05556978233034571,0.15100904662491302
2,651,3,5,3,0.06,0.13043478260869565
2,663,3,158,68,0.030276046304541407,0.7906976744186046
2,663,3,160,65,0.028876055086628164,0.7386363636363636
2,663,3,206,9,0.00389948006932409,0.10112359550561797
2,663,3,212,60,0.0267022696929239,0.759493670886076
2,663,3,216,65,0.028991971454058876,0.8227848101265823
2,663,3,254,79,0.035173642030276044,0.8144329896907216
2,663,3,260,67,0.02989736724676484,0.8375
2,663,3,293,161,0.07120743034055728,0.8298969072164949
2,663,3,342,74,0.033035714285714286,0.8604651162790697
2,663,3,369,42,0.01845342706502636,0.4666666666666667
2,663,3,371,1,0.00043308791684711995,0.012195121951219513
2,663,3,405,68,0.03034359660865685,0.8395061728395061
2,663,3,431,1,0.00043308791684711995,0.012195121951219513
2,664,3,206,61,0.46564885496183206,0.6853932584269663
2,681,3,76,2,0.016260162601626018,0.09090909090909091
2,681,3,228,66,0.5789473684210527,0.8571428571428571
2,707,3,414,2,0.016129032258064516,0.044444444444444446
2,709,3,430,68,0.17894736842105263,0.8292682926829268
2,709,3,431,57,0.14578005115089515,0.6951219512195121
2,709,3,461,65,0.16971279373368145,0.7926829268292683
2,713,3,292,59,0.4609375,0.7195121951219512
2,714,3,345,19,0.1792452830188679,0.5135135135135135
2,718,3,325,6,0.05825242718446602,0.3333333333333333
2,722,3,157,75,0.5859375,0.8426966292134831
2,726,3,159,59,0.48760330578512395,0.6941176470588235
2,741,3,211,1,0.00558659217877095,0.011764705882352941
2,749,3,175,65,0.10551948051948051,0.8125
2,749,3,218,62,0.10032362459546926,0.7848101265822784
2,749,3,221,64,0.10457516339869281,0.8533333333333334
2,749,3,224,3,0.004470938897168405,0.0410958904109589
2,749,3,272,63,0.10310965630114566,0.863013698630137
2,749,3,273,6,0.008902077151335312,0.0759493670886076
2,761,3,276,77,0.6311475409836066,0.8461538461538461
2,762,3,231,15,0.13274336283185842,0.3488372093023256
2,768,3,80,66,0.024017467248908297,0.5116279069767442
2,777,3,235,8,0.07142857142857142,0.27586206896551724
2,804,3,487,15,0.16853932584269662,0.8823529411764706
2,809,3,250,75,0.6637168141592921,0.7978723404255319
2,810,3,347,49,0.4049586776859504,0.6533333333333333
2,818,3,224,56,0.48695652173913045,0.7671232876712328
2,822,3,273,35,0.30701754385964913,0.5
2,843,3,464,59,0.5412844036697247,0.7866666666666666
2,845,3,364,66,0.6055045871559633,0.7586206896551724
2,850,3,72,1,0.008333333333333333,0.05555555555555555
2,850,3,160,1,0.005263157894736842,0.011363636363636364
2,850,3,211,54,0.40298507462686567,0.6352941176470588
2,851,3,170,62,0.5486725663716814,0.7848101265822784
2,853,3,181,63,0.525,0.7078651685393258
2,857,3,229,60,0.5,0.7407407407407407
2,859,3,404,75,0.6,0.7978723404255319
2,860,3,367,70,0.330188679245283,0.813953488372093
2,860,3,371,63,0.2930232558139535,0.7682926829268293
2,869,3,463,57,0.2753623188405797,0.6129032258064516
2,908,3,328,3,0.027522935779816515,0.12
2,908,3,379,1,0.011764705882352941,0.04
2,910,3,381,4,0.020512820512820513,0.16666666666666666
2,923,3,329,14,0.04416403785488959,0.4666666666666667
2,926,3,416,48,0.24615384615384617,0.6153846153846154
2,941,3,474,19,0.19387755102040816,0.37254901960784315
2,944,3,426,38,0.3958333333333333,0.59375
2,945,3,456,69,0.5390625,0.7752808988764045
2,946,3,457,59,0.5566037735849056,0.7283950617283951
2,951,3,463,60,0.3,0.6741573033707865
2,1024,3,439,31,0.22302158273381295,0.43661971830985913
2,1046,3,448,64,0.38095238095238093,0.6956521739130435
2,1073,3,318,11,0.04230769230769231,0.1527777777777778
2,1100,3,106,3,0.05084745762711865,0.15
2,1139,3,472,38,0.21965317919075145,0.475
2,1155,3,485,2,0.04081632653061224,0.08333333333333333
2,1162,3,440,1,0.01098901098901099,0.041666666666666664
2,1162,3,489,1,0.023809523809523808,0.05263157894736842
2,1163,3,440,1,0.009259259259259259,0.024390243902439025
2,1194,3,413,35,0.23178807947019867,0.4794520547945205
2,1194,3,414,29,0.17575757575757575,0.35802469135802467
2,1228,3,318,1,0.00423728813559322,0.02631578947368421
2,1234,3,328,39,0.35454545454545455,0.6290322580645161
2,1239,3,412,24,0.24242424242424243,0.5581395348837209
2,1267,3,439,7,0.046052631578947366,0.11666666666666667
2,1267,3,478,6,0.075,0.23076923076923078
2,1293,3,378,29,0.29,0.5178571428571429
2,1296,3,381,39,0.203125,0.6964285714285714
2,1303,3,80,5,0.001850481125092524,0.22727272727272727
2,1336,3,80,13,0.004807692307692308,0.40625
2,1433,3,533,9,0.391304347826087,0.5625
2,1437,3,534,7,0.28,0.7
2,538,4,8,3,0.008620689655172414,0.1875
2,552,4,15,3,0.018518518518518517,0.16666666666666666
2,573,4,64,1,0.0030959752321981426,0.024390243902439025
2,573,4,809,10,0.034013605442176874,0.47619047619047616
2,573,4,1025,31,0.1,0.5344827586206896
2,573,4,1028,26,0.08253968253968254,0.4482758620689655
2,578,4,77,11,0.06432748538011696,0.21568627450980393
2,578,4,960,34,0.22077922077922077,0.5964912280701754
2,581,4,91,46,0.2222222222222222,0.3865546218487395
2,584,4,964,21,0.15671641791044777,0.3230769230769231
2,594,4,965,13,0.14772727272727273,0.3333333333333333
2,595,4,18,66,0.03019213174748399,0.08229426433915212
2,608,4,103,26,0.13,0.33766233766233766
2,610,4,18,47,0.023689516129032258,0.08089500860585198
2,610,4,1026,36,0.059900166389351084,0.6428571428571429
2,610,4,1027,33,0.05339805825242718,0.4714285714285714
2,615,4,8,29,0.03689567430025445,0.08656716417910448
2,615,4,21,20,0.03717472118959108,0.2564102564102564
2,615,4,856,6,0.012295081967213115,0.42857142857142855
2,615,4,955,50,0.10040160642570281,0.7352941176470589
2,615,4,956,38,0.06608695652173913,0.2857142857142857
2,615,4,957,1,0.001841620626151013,0.015625
2,615,4,1020,15,0.027985074626865673,0.2112676056338028
2,615,4,1022,39,0.07707509881422925,0.6
2,616,4,18,25,0.016458196181698487,0.26595744680851063
2,696,4,18,16,0.0103026400515132,0.13445378151260504
2,696,4,958,50,0.37037037037037035,0.7575757575757576
2,779,4,8,39,0.07768924302788845,0.18932038834951456
2,779,4,21,4,0.014285714285714285,0.05128205128205128
2,779,4,801,15,0.07109004739336493,0.75
2,779,4,1103,8,0.03065134099616858,0.12698412698412698
2,779,4,1106,39,0.17105263157894737,0.639344262295082
2,783,4,15,78,0.4406779661016949,0.7222222222222222
2,790,4,18,80,0.05383580080753701,0.6896551724137931
2,795,4,957,40,0.2597402597402597,0.625
2,831,4,9,4,0.030534351145038167,0.2
2,831,4,18,2,0.0012795905310300703,0.017391304347826087
2,831,4,766,66,0.4258064516129032,0.6226415094339622
2,835,4,18,20,0.012987012987012988,0.18181818181818182
2,835,4,802,17,0.1504424778761062,0.85
2,837,4,18,62,0.041305796135909394,0.5486725663716814
2,839,4,18,8,0.00517464424320828,0.07692307692307693
2,839,4,956,43,0.22164948453608246,0.41346153846153844
2,840,4,18,34,0.02232435981615233,0.3177570093457944
2,973,4,8,18,0.0425531914893617,0.16981132075471697
2,973,4,1017,41,0.3203125,0.6507936507936508
2,552,5,5,4,0.1111111111111111,0.2222222222222222
2,557,5,2,6,0.1935483870967742,0.35294117647058826
2,560,5,3,5,0.15625,0.45454545454545453
2,561,5,4,8,0.056338028169014086,0.38095238095238093
2,563,5,11,6,0.044444444444444446,0.2857142857142857
2,565,5,553,1,0.007142857142857143,0.045454545454545456
2,567,5,12,3,0.10344827586206896,0.23076923076923078
2,569,5,7,5,0.16666666666666666,0.29411764705882354
2,570,5,8,7,0.25925925925925924,0.5
2,574,5,13,5,0.2631578947368421,0.4166666666666667
2,575,5,20,6,0.043478260869565216,0.3157894736842105
2,576,5,26,4,0.19047619047619047,0.3333333333333333
2,577,5,21,4,0.16,0.2857142857142857
2,578,5,740,57,0.3202247191011236,0.5480769230769231
2,580,5,575,68,0.34517766497461927,0.6538461538461539
2,581,5,46,1,0.007042253521126761,0.041666666666666664
2,581,5,776,44,0.2543352601156069,0.4489795918367347
2,583,5,37,8,0.2857142857142857,0.5333333333333333
2,584,5,742,24,0.14201183431952663,0.26666666666666666
2,585,5,42,1,0.0044444444444444444,0.009345794392523364
2,585,5,48,30,0.15228426395939088,0.2803738317757009
2,585,5,56,1,0.0043859649122807015,0.009345794392523364
2,586,5,576,67,0.2768595041322314,0.5
2,587,5,43,1,0.0033112582781456954,0.05263157894736842
2,587,5,738,65,0.21172638436482086,0.7386363636363636
2,587,5,775,53,0.15868263473053892,0.5145631067961165
2,589,5,677,67,0.32682926829268294,0.5677966101694916
2,590,5,390,67,0.34183673469387754,0.536
2,591,5,56,8,0.05714285714285714,0.3076923076923077
2,592,5,39,4,0.032520325203252036,0.3076923076923077
2,592,5,678,36,0.1875,0.3157894736842105
2,593,5,573,41,0.19339622641509435,0.3761467889908257
2,593,5,577,2,0.00851063829787234,0.021505376344086023
2,594,5,580,13,0.0948905109489051,0.3333333333333333
2,595,5,24,72,0.08200455580865604,0.4864864864864865
2,595,5,35,104,0.11063829787234042,0.4297520661157025
2,595,5,49,15,0.016059957173447537,0.10204081632653061
2,595,5,57,1,0.0010718113612004287,0.007575757575757576
2,595,5,731,72,0.0851063829787234,0.6206896551724138
2,595,5,737,68,0.08085612366230678,0.6355140186915887
2,595,5,774,2,0.002197802197802198,0.01818181818181818
2,595,5,1071,1,0.001215066828675577,0.045454545454545456
2,596,5,579,5,0.03816793893129771,0.2631578947368421
2,597,5,294,38,0.24836601307189543,0.4578313253012048
2,598,5,743,13,0.11607142857142858,0.24074074074074073
2,599,5,50,8,0.053691275167785234,0.16666666666666666
2,601,5,679,14,0.13861386138613863,0.4666666666666667
2,602,5,388,9,0.03214285714285714,0.391304347826087
2,603,5,680,3,0.02097902097902098,0.1111111111111111
2,604,5,574,6,0.049586776859504134,0.21428571428571427
2,605,5,676,73,0.365,0.6460176991150443
2,606,5,392,50,0.27472527472527475,0.5
2,608,5,55,21,0.06461538461538462,0.2727272727272727
2,609,5,387,67,0.32211538461538464,0.5275590551181102
2,610,5,34,51,0.0776255707762557,0.4015748031496063
2,610,5,42,36,0.05421686746987952,0.3025210084033613
2,610,5,47,1,0.0014388489208633094,0.008695652173913044
2,610,5,56,8,0.011510791366906475,0.06557377049180328
2,610,5,733,1,0.001443001443001443,0.008849557522123894
2,610,5,741,47,0.07186544342507645,0.39166666666666666
2,610,5,773,52,0.0804953560371517,0.4444444444444444
2,615,5,9,77,0.14473684210526316,0.5968992248062015
2,615,5,14,67,0.12316176470588236,0.5114503816793893
2,615,5,736,2,0.0035335689045936395,0.022727272727272728
2,616,5,47,28,0.15469613259668508,0.2978723404255319
2,617,5,388,71,0.21194029850746268,0.5071428571428571
2,620,5,560,78,0.5131578947368421,0.7572815533980582
2,621,5,548,68,0.04040404040404041,0.6296296296296297
2,621,5,550,90,0.05369928400954654,0.7317073170731707
2,621,5,565,75,0.04466944609886837,0.6756756756756757
2,621,5,571,66,0.03907637655417407,0.5892857142857143
2,621,5,673,77,0.04583333333333333,0.6754385964912281
2,621,5,728,71,0.0428226779252111,0.8255813953488372
2,621,5,765,79,0.04710793082886106,0.6991150442477876
2,621,5,821,34,0.020618556701030927,0.85
2,622,5,384,79,0.47878787878787876,0.6869565217391305
2,623,5,390,1,0.004098360655737705,0.008333333333333333
2,623,5,569,58,0.3372093023255814,0.5272727272727272
2,624,5,386,67,0.04499664204163868,0.5630252100840336
2,624,5,549,112,0.07598371777476255,0.7516778523489933
2,624,5,552,79,0.054072553045859,0.7669902912621359
2,624,5,554,80,0.05486968449931413,0.7920792079207921
2,624,5,556,81,0.055517477724468814,0.7864077669902912
2,624,5,559,79,0.05374149659863946,0.7053571428571429
2,624,5,562,83,0.056309362279511534,0.6916666666666667
2,624,5,565,2,0.00129366106080207,0.018018018018018018
2,624,5,732,72,0.04871447902571042,0.6371681415929203
2,625,5,574,41,0.26282051282051283,0.41836734693877553
2,632,5,664,66,0.515625,0.7674418604651163
2,633,5,570,76,0.42696629213483145,0.6608695652173913
2,688,5,804,46,0.36507936507936506,0.696969696969697
2,689,5,665,81,0.574468085106383,0.75
2,690,5,668,84,0.525,0.8235294117647058
2,691,5,4,82,0.5503355704697986,0.803921568627451
2,692,5,553,83,0.1064102564102564,0.6974789915966386
2,692,5,557,97,0.12679738562091503,0.8220338983050848
2,692,5,566,70,0.08860759493670886,0.603448275862069
2,692,5,568,6,0.006904487917146145,0.04580152671755725
2,692,5,670,81,0.10602094240837696,0.801980198019802
2,692,5,672,76,0.0988296488946684,0.7524752475247525
2,692,5,675,1,0.001176470588235294,0.009345794392523364
2,693,5,384,5,0.009074410163339383,0.043478260869565216
2,693,5,555,89,0.18895966029723993,0.7478991596638656
2,693,5,564,74,0.15879828326180256,0.7474747474747475
2,693,5,568,77,0.15555555555555556,0.5877862595419847
2,694,5,381,78,0.527027027027027,0.6964285714285714
2,695,5,558,69,0.44805194805194803,0.7419354838709677
2,695,5,563,1,0.004032258064516129,0.008403361344537815
2,696,5,733,61,0.3567251461988304,0.5398230088495575
2,697,5,31,73,0.3945945945945946,0.5748031496062992
2,698,5,563,74,0.13051146384479717,0.6218487394957983
2,698,5,566,1,0.0015698587127158557,0.008620689655172414
2,698,5,567,71,0.12678571428571428,0.6513761467889908
2,698,5,572,66,0.11578947368421053,0.5789473684210527
2,698,5,730,81,0.14862385321100918,0.7788461538461539
2,699,5,20,1,0.0012091898428053204,0.008
2,699,5,383,82,0.11141304347826086,0.7130434782608696
2,699,5,385,73,0.09567496723460026,0.5488721804511278
2,699,5,558,1,0.0012578616352201257,0.010752688172043012
2,699,5,674,62,0.08481532147742818,0.6888888888888889
2,699,5,735,76,0.10119840213049268,0.6129032258064516
2,699,5,739,8,0.01,0.0761904761904762
2,699,5,772,65,0.08928571428571429,0.7222222222222222
2,699,5,949,2,0.0028011204481792717,0.15384615384615385
2,700,5,774,68,0.40236686390532544,0.6181818181818182
2,701,5,389,34,0.25,0.5074626865671642
2,702,5,675,64,0.39751552795031053,0.5981308411214953
2,703,5,743,8,0.09195402298850575,0.3333333333333333
2,703,5,842,3,0.06666666666666667,0.125
2,779,5,1,80,0.3137254901960784,0.6201550387596899
2,780,5,814,33,0.2773109243697479,0.7333333333333333
2,781,5,798,56,0.42424242424242425,0.6511627906976745
2,782,5,801,55,0.4330708661417323,0.7638888888888888
2,783,5,5,3,0.023622047244094488,0.13636363636363635
2,783,5,766,70,0.5147058823529411,0.7142857142857143
2,784,5,763,11,0.09565217391304348,0.8461538461538461
2,784,5,812,49,0.3828125,0.765625
2,785,5,725,78,0.5531914893617021,0.78
2,786,5,666,79,0.5266666666666666,0.7314814814814815
2,787,5,380,75,0.5555555555555556,0.75
2,788,5,764,68,0.4473684210526316,0.6238532110091743
2,789,5,767,71,0.5259259259259259,0.797752808988764
2,790,5,10,1,0.0070921985815602835,0.038461538461538464
2,790,5,769,72,0.5179856115107914,0.7578947368421053
2,790,5,1071,1,0.0072992700729927005,0.045454545454545456
2,791,5,551,75,0.5136986301369864,0.6880733944954128
2,792,5,669,75,0.4934210526315789,0.6818181818181818
2,793,5,382,72,0.43902439024390244,0.6428571428571429
2,794,5,667,76,0.6333333333333333,0.8
2,795,5,736,42,0.23863636363636365,0.4772727272727273
2,796,5,17,71,0.4251497005988024,0.6339285714285714
2,797,5,771,75,0.47770700636942676,0.6696428571428571
2,798,5,561,75,0.4716981132075472,0.6578947368421053
2,799,5,20,72,0.44171779141104295,0.6545454545454545
2,800,5,734,69,0.45098039215686275,0.6571428571428571
2,801,5,391,1,0.0038910505836575876,0.009009009009009009
2,801,5,735,1,0.003703703703703704,0.008064516129032258
2,801,5,739,63,0.3333333333333333,0.6
2,831,5,762,14,0.11764705882352941,0.7777777777777778
2,831,5,811,48,0.39344262295081966,0.8727272727272727
2,832,5,807,56,0.5,0.9333333333333333
2,833,5,803,51,0.4015748031496063,0.7183098591549296
2,834,5,797,52,0.4642857142857143,0.8125
2,835,5,727,83,0.6148148148148148,0.7685185185185185
2,836,5,726,72,0.5106382978723404,0.8
2,837,5,729,62,0.389937106918239,0.5740740740740741
2,838,5,768,70,0.5785123966942148,0.8045977011494253
2,839,5,22,54,0.3103448275862069,0.5192307692307693
2,840,5,770,67,0.5114503816793893,0.7362637362637363
2,841,5,671,72,0.48322147651006714,0.7058823529411765
2,862,5,11,64,0.4050632911392405,0.6274509803921569
2,973,5,802,55,0.45081967213114754,0.7746478873239436
2,1386,5,1320,1,0.004784688995215311,0.1
2,1431,5,1597,8,0.38095238095238093,0.6666666666666666
2,1432,5,1602,8,0.42105263157894735,0.6153846153846154
2,1436,5,1591,7,0.4117647058823529,0.6363636363636364
2,1437,5,1592,7,0.4666666666666667,0.7
2,580,6,601,47,0.27976190476190477,0.8703703703703703
2,586,6,537,40,0.2094240837696335,0.7142857142857143
2,590,6,464,47,0.29936305732484075,0.7121212121212122
2,597,6,610,35,0.33653846153846156,0.625
2,598,6,467,13,0.13131313131313133,0.24074074074074073
2,605,6,533,37,0.20786516853932585,0.6727272727272727
2,620,6,586,41,0.3082706766917293,0.8723404255319149
2,621,6,497,42,0.025362318840579712,0.7636363636363637
2,621,6,510,48,0.02917933130699088,0.96
2,621,6,521,43,0.02601330913490623,0.8113207547169812
2,621,6,524,38,0.022988505747126436,0.7916666666666666
2,621,6,570,48,0.028950542822677925,0.7619047619047619
2,621,6,574,28,0.016877637130801686,0.6363636363636364
2,621,6,578,43,0.025966183574879228,0.7678571428571429
2,621,6,594,41,0.024758454106280192,0.7592592592592593
2,623,6,530,38,0.2714285714285714,0.6551724137931034
2,624,6,458,37,0.02515295717199184,0.5211267605633803
2,624,6,509,32,0.02165087956698241,0.4383561643835616
2,624,6,518,46,0.031186440677966103,0.5476190476190477
2,624,6,582,37,0.02560553633217993,0.8222222222222222
2,703,6,467,5,0.06493506493506493,0.20833333333333334
2,777,6,635,1,0.014705882352941176,0.034482758620689655
3,80,5,294,16,0.005761613251710479,0.14814814814814814
3,80,5,388,40,0.013740982480247337,0.15037593984962405
3,80,5,390,4,0.0014255167498218105,0.032
3,80,5,396,7,0.00248403122782115,0.05
3,80,5,548,61,0.02232796486090776,0.5648148148148148
3,80,5,549,11,0.0038965639390719092,0.0738255033557047
3,80,5,552,52,0.019005847953216373,0.5048543689320388
3,80,5,554,61,0.02238532110091743,0.6039603960396039
3,80,5,559,52,0.01894353369763206,0.4642857142857143
3,80,5,565,52,0.018950437317784258,0.46846846846846846
3,80,5,569,44,0.01599418393311523,0.4
3,80,5,571,51,0.018572469045884922,0.45535714285714285
3,80,5,575,33,0.011973875181422351,0.3173076923076923
3,80,5,576,31,0.011119081779053085,0.23134328358208955
3,80,5,673,5,0.0017895490336435219,0.043859649122807015
3,80,5,676,46,0.016715116279069766,0.40707964601769914
3,80,5,743,9,0.0032763014197306154,0.1267605633802817
3,86,5,388,13,0.04710144927536232,0.5652173913043478
3,87,5,390,37,0.22699386503067484,0.49333333333333335
3,278,5,673,59,0.35542168674698793,0.5315315315315315
3,313,5,821,26,0.24761904761904763,0.65
3,314,5,560,57,0.23265306122448978,0.5533980582524272
3,314,5,728,54,0.23376623376623376,0.627906976744186
3,352,5,765,59,0.44360902255639095,0.7468354430379747
3,377,5,550,60,0.4195804195804196,0.75
3,503,5,1201,7,0.0030081650193382035,0.30434782608695654
3,503,5,1205,3,0.0012903225806451613,0.17647058823529413
3,503,5,1364,1,0.00043010752688172043,0.06666666666666667
3,503,5,1365,11,0.004739336492890996,0.5238095238095238
3,503,5,1614,5,0.002152389151958674,0.29411764705882354
3,508,5,1363,1,0.009345794392523364,0.0625
3,508,5,1364,4,0.038834951456310676,0.26666666666666666
3,508,5,1606,1,0.009345794392523364,0.0625
3,509,5,1606,10,0.14492753623188406,0.625
3,509,5,1614,8,0.1111111111111111,0.47058823529411764
3,534,5,1592,12,0.5454545454545454,1.0
3,536,5,1593,9,0.5,0.6923076923076923
3,80,6,429,7,0.0025491624180626364,0.10294117647058823
3,80,6,458,6,0.002181818181818182,0.08450704225352113
3,80,6,462,3,0.0010944910616563297,0.05084745762711865
3,80,6,464,1,0.0003636363636363636,0.015151515151515152
3,80,6,467,2,0.0007296607077708865,0.034482758620689655
3,80,6,509,26,0.00951683748169839,0.3561643835616438
3,80,6,518,41,0.015029325513196481,0.4880952380952381
3,80,6,524,31,0.01147298297557365,0.6458333333333334
3,80,6,526,34,0.012578616352201259,0.6538461538461539
3,80,6,527,37,0.013708781030011115,0.7254901960784313
3,80,6,530,15,0.005498533724340176,0.25862068965517243
3,80,6,532,44,0.016320474777448073,0.8
3,80,6,533,29,0.010697159719660641,0.5272727272727272
3,80,6,537,14,0.005133846718005134,0.25
3,80,6,574,28,0.01036653091447612,0.6363636363636364
3,80,6,582,38,0.01411589895988113,0.8444444444444444
3,80,6,594,43,0.015949554896142432,0.7962962962962963
3,80,6,601,13,0.004768892149669846,0.24074074074074073
3,80,6,610,9,0.003294289897510981,0.16071428571428573
3,81,6,520,37,0.0397422126745435,0.2868217054263566
3,81,6,595,12,0.013683010262257697,0.24
3,81,6,652,19,0.022485207100591716,0.76
3,82,6,525,45,0.03028263795423957,0.9
3,82,6,528,35,0.02348993288590604,0.7954545454545454
3,82,6,531,28,0.01859229747675963,0.5283018867924528
3,82,6,534,12,0.007936507936507936,0.27906976744186046
3,82,6,587,44,0.029550033579583614,0.8461538461538461
3,82,6,588,44,0.029470864032150032,0.7857142857142857
3,82,6,590,53,0.03545150501672241,0.7910447761194029
3,82,6,591,46,0.030789825970548863,0.7796610169491526
3,82,6,596,14,0.009174311926605505,0.23728813559322035
3,83,6,640,45,0.10588235294117647,0.8181818181818182
3,83,6,641,40,0.09153318077803203,0.6451612903225806
3,84,6,589,43,0.07624113475177305,0.8775510204081632
3,84,6,592,46,0.08112874779541446,0.8363636363636363
3,84,6,593,30,0.05084745762711865,0.4838709677419355
3,85,6,520,32,0.15384615384615385,0.2882882882882883
3,87,6,464,18,0.14634146341463414,0.2727272727272727
3,95,6,346,34,0.1297709923664122,0.22972972972972974
3,96,6,645,14,0.06511627906976744,0.7
3,97,6,49,53,0.40458015267175573,0.6973684210526315
3,98,6,346,41,0.20812182741116753,0.45555555555555555
3,99,6,576,38,0.3220338983050847,0.5671641791044776
3,100,6,517,45,0.3333333333333333,0.9183673469387755
3,101,6,504,34,0.17801047120418848,0.44155844155844154
3,102,6,514,41,0.36283185840707965,0.6721311475409836
3,103,6,575,43,0.3805309734513274,0.8775510204081632
3,104,6,504,45,0.16666666666666666,0.30405405405405406
3,105,6,580,44,0.39285714285714285,0.7586206896551724
3,118,6,636,38,0.3220338983050847,0.6129032258064516
3,119,6,579,48,0.35555555555555557,0.6575342465753424
3,120,6,583,47,0.3671875,0.7230769230769231
3,121,6,584,51,0.4766355140186916,0.864406779661017
3,122,6,529,29,0.2543859649122807,0.6744186046511628
3,122,6,535,2,0.0136986301369863,0.041666666666666664
3,141,6,572,35,0.2845528455284553,0.603448275862069
3,142,6,571,28,0.25,0.5283018867924528
3,143,6,496,49,0.3684210526315789,0.6712328767123288
3,144,6,499,40,0.36363636363636365,0.7843137254901961
3,145,6,502,53,0.45689655172413796,0.7361111111111112
3,146,6,507,47,0.40869565217391307,0.8245614035087719
3,147,6,508,54,0.4462809917355372,0.75
3,148,6,506,39,0.3305084745762712,0.78
3,148,6,511,1,0.006578947368421052,0.021739130434782608
3,149,6,637,46,0.4107142857142857,0.7301587301587301
3,150,6,512,47,0.40869565217391307,0.8867924528301887
3,151,6,513,49,0.4049586776859504,0.7777777777777778
3,152,6,511,42,0.42424242424242425,0.9130434782608695
3,153,6,638,52,0.45614035087719296,0.8
3,154,6,639,55,0.45081967213114754,0.8870967741935484
3,155,6,597,1,0.011363636363636364,0.038461538461538464
3,193,6,424,24,0.23300970873786409,0.43636363636363634
3,194,6,573,46,0.37398373983739835,0.6216216216216216
3,196,6,498,41,0.3942307692307692,0.7192982456140351
3,197,6,459,47,0.4392523364485981,0.7833333333333333
3,198,6,500,46,0.4,0.7301587301587301
3,199,6,501,54,0.4778761061946903,0.84375
3,201,6,523,36,0.3050847457627119,0.8372093023255814
3,235,6,635,31,0.31,0.775
3,236,6,495,29,0.29896907216494845,0.6444444444444445
3,238,6,124,50,0.44642857142857145,0.6493506493506493
3,239,6,503,51,0.51,0.9107142857142857
3,240,6,577,41,0.3904761904761905,0.7192982456140351
3,241,6,505,42,0.42857142857142855,0.8571428571428571
3,242,6,581,42,0.3853211009174312,0.8235294117647058
3,243,6,516,40,0.39215686274509803,0.8695652173913043
3,244,6,522,40,0.37383177570093457,0.8333333333333334
3,278,6,521,48,0.41379310344827586,0.9056603773584906
3,313,6,570,40,0.3508771929824561,0.6349206349206349
3,314,6,510,46,0.22660098522167488,0.92
3,314,6,586,44,0.21782178217821782,0.9361702127659575
3,315,6,460,46,0.4842105263157895,0.8518518518518519
3,316,6,515,52,0.5,0.9629629629629629
3,317,6,585,48,0.5161290322580645,0.96
3,327,6,519,47,0.3949579831932773,0.8103448275862069
3,352,6,497,44,0.4888888888888889,0.8
3,377,6,578,46,0.5111111111111111,0.8214285714285714
3,503,6,682,7,0.0030146425495262705,0.3888888888888889
3,503,6,684,1,0.0004299226139294927,0.0625
3,503,6,828,11,0.004737295434969853,0.5
3,503,6,832,10,0.004306632213608958,0.47619047619047616
3,503,6,834,4,0.0017196904557179708,0.21052631578947367
3,503,6,836,14,0.00603448275862069,0.6086956521739131
3,503,6,837,17,0.007318123116659492,0.5862068965517241
3,503,6,1018,13,0.0056107034958998705,0.6842105263157895
3,503,6,1019,9,0.003879310344827586,0.5
3,503,6,1020,11,0.004747518342684506,0.6470588235294118
3,503,6,1022,10,0.004314063848144953,0.5882352941176471
3,503,6,1023,12,0.005172413793103448,0.5714285714285714
3,503,6,1024,13,0.0056179775280898875,0.8125
3,503,6,1027,6,0.002589555459646094,0.5
3,503,6,1028,15,0.00648228176318064,0.8333333333333334
3,503,6,1029,11,0.004751619870410367,0.7333333333333333
3,503,6,1030,12,0.005176876617773943,0.631578947368421
3,503,6,1032,1,0.00043084877208099956,0.09090909090909091
3,503,6,1186,3,0.0012925463162429987,0.23076923076923078
3,504,6,681,1,0.0007032348804500703,0.0625
3,504,6,683,4,0.0028208744710860366,0.26666666666666666
3,504,6,708,5,0.003526093088857546,0.3125
3,504,6,829,12,0.008403361344537815,0.36363636363636365
3,504,6,831,16,0.011307420494699646,0.6666666666666666
3,504,6,833,4,0.0027913468248429866,0.13333333333333333
3,504,6,835,21,0.014861995753715499,0.7777777777777778
3,504,6,837,2,0.001394700139470014,0.06896551724137931
3,504,6,838,14,0.009866102889358703,0.5384615384615384
3,504,6,839,1,0.0006997900629811056,0.043478260869565216
3,504,6,1021,21,0.014583333333333334,0.3888888888888889
3,504,6,1025,15,0.010578279266572637,0.5769230769230769
3,504,6,1031,12,0.008432888264230498,0.42857142857142855
3,504,6,1184,15,0.01059322033898305,0.625
3,508,6,1026,1,0.00980392156862745,0.09090909090909091
3,511,6,1016,11,0.39285714285714285,0.7857142857142857
3,517,6,819,13,0.4642857142857143,0.9285714285714286
3,520,6,834,10,0.45454545454545453,0.7692307692307693
3,528,6,1183,10,0.5,0.7142857142857143
3,529,6,1228,11,0.6470588235294118,0.8461538461538461
4,8,5,1,58,0.14285714285714285,0.4496124031007752
4,8,5,9,56,0.13725490196078433,0.43410852713178294
4,8,5,14,27,0.06150341685649203,0.20610687022900764
4,8,5,802,12,0.030456852791878174,0.16901408450704225
4,9,5,762,1,0.02702702702702703,0.05555555555555555
4,15,5,5,17,0.1118421052631579,0.7727272727272727
4,15,5,766,80,0.48484848484848486,0.8163265306122449
4,18,5,10,10,0.0068212824010914054,0.38461538461538464
4,18,5,15,18,0.012379642365887207,0.8181818181818182
4,18,5,16,7,0.0047522063815342835,0.23333333333333334
4,18,5,22,25,0.016139444803098774,0.20161290322580644
4,18,5,23,10,0.006858710562414266,0.5555555555555556
4,18,5,29,16,0.011019283746556474,0.8888888888888888
4,18,5,30,1,0.0006816632583503749,0.05555555555555555
4,18,5,33,18,0.012354152367879203,0.72
4,18,5,34,33,0.021373056994818652,0.25984251968503935
4,18,5,41,22,0.015141087405368204,0.88
4,18,5,42,18,0.01160541586073501,0.15126050420168066
4,18,5,47,76,0.05104096709200806,0.6608695652173913
4,18,5,727,21,0.013662979830839297,0.19444444444444445
4,18,5,729,81,0.05484089370345294,0.75
4,18,5,731,76,0.05100671140939597,0.6551724137931034
4,18,5,733,29,0.018904823989569754,0.25663716814159293
4,18,5,737,13,0.008419689119170985,0.12149532710280374
4,18,5,741,71,0.047364909939959975,0.5916666666666667
4,18,5,762,3,0.0020477815699658703,0.16666666666666666
4,18,5,769,77,0.052452316076294275,0.8105263157894737
4,18,5,770,34,0.0225613802256138,0.37362637362637363
4,18,5,773,15,0.009664948453608248,0.1282051282051282
4,45,5,22,10,0.07874015748031496,0.7692307692307693
4,52,5,28,15,0.45454545454545453,0.6818181818181818
4,77,5,40,16,0.2909090909090909,0.8
4,77,5,740,16,0.11510791366906475,0.3137254901960784
4,91,5,46,21,0.15328467153284672,0.875
4,91,5,776,79,0.5163398692810458,0.8061224489795918
4,102,5,54,12,0.19047619047619047,0.75
4,102,5,742,20,0.14084507042253522,0.3389830508474576
4,103,5,55,101,0.3186119873817035,0.6778523489932886
4,107,5,56,10,0.07936507936507936,0.7142857142857143
4,118,5,59,14,0.23728813559322035,0.8235294117647058
4,118,5,580,22,0.15172413793103448,0.39285714285714285
4,119,5,55,46,0.1464968152866242,0.5054945054945055
4,119,5,68,1,0.004739336492890996,0.01098901098901099
4,130,5,66,19,0.2878787878787879,0.6785714285714286
4,130,5,744,22,0.176,0.38596491228070173
4,131,5,67,47,0.2883435582822086,0.6438356164383562
4,146,5,72,12,0.1875,0.8
4,146,5,746,15,0.10273972602739725,0.2459016393442623
4,147,5,73,53,0.032898820608317815,0.3732394366197183
4,147,5,79,52,0.03254067584480601,0.40625
4,147,5,85,54,0.03347799132052077,0.3724137931034483
4,147,5,89,16,0.010484927916120577,0.8
4,147,5,92,13,0.00853018372703412,0.8666666666666667
4,147,5,101,20,0.013114754098360656,0.8695652173913043
4,147,5,104,3,0.0018148820326678765,0.022388059701492536
4,147,5,112,87,0.05573350416399744,0.6904761904761905
4,147,5,116,16,0.010484927916120577,0.8
4,147,5,117,12,0.0072992700729927005,0.08955223880597014
4,147,5,123,15,0.009823182711198428,0.75
4,147,5,124,45,0.027777777777777776,0.3146853146853147
4,147,5,128,89,0.056760204081632654,0.6592592592592592
4,147,5,135,87,0.055912596401028275,0.71900826446281
4,147,5,749,17,0.010625,0.17894736842105263
4,147,5,752,62,0.03984575835475578,0.6458333333333334
4,147,5,756,65,0.041374920432845325,0.5701754385964912
4,147,5,793,9,0.005548705302096177,0.08256880733944955
4,147,5,794,14,0.00878293601003764,0.16279069767441862
4,159,5,78,23,0.5,0.71875
4,159,5,777,3,0.04411764705882353,0.08823529411764706
4,178,5,84,32,0.20915032679738563,0.6530612244897959
4,186,5,88,13,0.3023255813953488,0.6190476190476191
4,186,5,778,4,0.07547169811320754,0.18181818181818182
4,205,5,91,21,0.16535433070866143,0.7777777777777778
4,217,5,96,13,0.1625,0.7222222222222222
4,217,5,750,20,0.24390243902439024,0.7407407407407407
4,217,5,809,1,0.01098901098901099,0.058823529411764705
4,218,5,97,40,0.25806451612903225,0.6557377049180327
4,235,5,100,43,0.3115942028985507,0.7962962962962963
4,248,5,107,15,0.21739130434782608,0.7894736842105263
4,248,5,753,22,0.23404255319148937,0.43137254901960786
4,249,5,103,42,0.2781456953642384,0.65625
4,265,5,111,7,0.13725490196078433,0.6363636363636364
4,265,5,755,16,0.13793103448275862,0.3404255319148936
4,307,5,127,10,0.45454545454545453,0.7142857142857143
4,324,5,134,16,0.13114754098360656,0.8421052631578947
4,324,5,695,65,0.37572254335260113,0.5462184873949579
4,336,5,141,91,0.042563143124415344,0.6791044776119403
4,336,5,142,82,0.03844350679793718,0.6833333333333333
4,336,5,143,13,0.006202290076335878,0.9285714285714286
4,336,5,149,16,0.0076263107721639654,0.8421052631578947
4,336,5,163,9,0.004287756074321105,0.6923076923076923
4,336,5,173,10,0.004755111745126011,0.5555555555555556
4,336,5,180,15,0.007146260123868509,0.7894736842105263
4,336,5,187,2,0.0009501187648456057,0.16666666666666666
4,336,5,190,2,0.0009033423667570009,0.01652892561983471
4,336,5,616,78,0.03660253402158611,0.6842105263157895
4,336,5,623,72,0.03372365339578454,0.6428571428571429
4,336,5,626,92,0.043560606060606064,0.8440366972477065
4,336,5,627,4,0.0018042399639152007,0.031746031746031744
4,336,5,632,3,0.0013692377909630307,0.030303030303030304
4,336,5,698,75,0.03517823639774859,0.6696428571428571
4,336,5,699,77,0.03626943005181347,0.7333333333333333
4,336,5,700,1,0.00045433893684688776,0.009345794392523364
4,336,5,703,72,0.033930254476908575,0.7272727272727273
4,336,5,706,77,0.036116322701688554,0.6754385964912281
4,336,5,709,76,0.03563056727613689,0.6666666666666666
4,336,5,757,67,0.031220876048462257,0.5677966101694916
4,336,5,784,63,0.029453015427769985,0.5887850467289719
4,344,5,138,14,0.1037037037037037,0.4666666666666667
4,344,5,698,1,0.004347826086956522,0.008928571428571428
4,344,5,782,15,0.11904761904761904,0.6818181818181818
4,344,5,810,40,0.2898550724637681,0.6779661016949152
4,374,5,148,11,0.3548387096774194,0.6875
4,431,5,799,16,0.13008130081300814,0.7272727272727273
4,431,5,817,41,0.3106060606060606,0.7321428571428571
4,448,5,786,67,0.4240506329113924,0.6320754716981132
4,465,5,800,11,0.09649122807017543,0.6111111111111112
4,465,5,818,34,0.2595419847328244,0.5862068965517241
4,476,5,183,8,0.06896551724137931,0.47058823529411764
4,476,5,708,62,0.389937106918239,0.5794392523364486
4,489,5,485,28,0.16,0.3218390804597701
4,493,5,787,9,0.0743801652892562,0.45
4,493,5,805,36,0.22641509433962265,0.4235294117647059
4,504,5,710,11,0.06666666666666667,0.21568627450980393
4,510,5,190,74,0.2096317280453258,0.6115702479338843
4,510,5,194,48,0.14285714285714285,0.6153846153846154
4,510,5,195,7,0.022292993630573247,0.4666666666666667
4,510,5,197,1,0.0023752969121140144,0.008620689655172414
4,510,5,496,22,0.05513784461152882,0.19130434782608696
4,510,5,632,2,0.004962779156327543,0.020202020202020204
4,530,5,197,92,0.03929944468175993,0.7931034482758621
4,530,5,199,47,0.019534497090606815,0.34558823529411764
4,530,5,200,37,0.015295576684580404,0.26618705035971224
4,530,5,201,84,0.03547297297297297,0.6222222222222222
4,530,5,203,12,0.005179110919292188,1.0
4,530,5,204,4,0.0017174753112924003,0.25
4,530,5,206,6,0.0025806451612903226,0.42857142857142855
4,530,5,208,10,0.004310344827586207,0.7692307692307693
4,530,5,214,3,0.0012881064834693002,0.2
4,530,5,524,71,0.030238500851788756,0.696078431372549
4,530,5,525,72,0.03058623619371283,0.6605504587155964
4,530,5,635,5,0.0020483408439164277,0.03875968992248062
4,530,5,638,15,0.006190672719768881,0.12396694214876033
4,530,5,640,77,0.03258569614896318,0.6260162601626016
4,530,5,641,38,0.015919564306661083,0.35185185185185186
4,530,5,644,69,0.029052631578947368,0.5433070866141733
4,530,5,649,64,0.026947368421052633,0.5245901639344263
4,530,5,653,69,0.029163144547759933,0.5847457627118644
4,530,5,654,66,0.0279424216765453,0.5945945945945946
4,530,5,715,71,0.0301999149298171,0.6761904761904762
4,530,5,759,65,0.027472527472527472,0.5701754385964912
4,530,5,761,65,0.027600849256900213,0.6310679611650486
4,530,5,788,77,0.03266864658464149,0.6581196581196581
4,576,5,205,11,0.5789473684210527,0.8461538461538461
4,632,5,718,74,0.4805194805194805,0.6491228070175439
4,666,5,790,9,0.15789473684210525,0.6
4,676,5,222,12,0.08450704225352113,0.8
4,676,5,657,76,0.38,0.5547445255474452
4,677,5,224,4,0.03125,0.4
4,677,5,532,74,0.4713375796178344,0.6788990825688074
4,678,5,528,68,0.3469387755102041,0.5230769230769231
4,687,5,791,14,0.11382113821138211,0.8235294117647058
4,687,5,825,28,0.22950819672131148,0.9333333333333333
4,688,5,230,2,0.011904761904761904,0.11764705882352941
4,688,5,536,63,0.3333333333333333,0.6363636363636364
4,700,5,723,68,0.384180790960452,0.7083333333333334
4,709,5,796,11,0.07746478873239436,0.6470588235294118
4,714,5,659,1,0.00390625,0.008264462809917356
4,714,5,792,26,0.20634920634920634,0.8387096774193549
4,714,5,826,10,0.08,0.7142857142857143
4,714,5,946,4,0.028169014084507043,0.16
4,721,5,717,72,0.4161849710982659,0.7272727272727273
4,722,5,526,70,0.42424242424242425,0.6086956521739131
4,724,5,228,9,0.06870229007633588,0.4090909090909091
4,724,5,659,78,0.4431818181818182,0.6610169491525424
4,725,5,543,78,0.5,0.7222222222222222
4,749,5,716,73,0.49324324324324326,0.7604166666666666
4,750,5,655,16,0.11851851851851852,0.48484848484848486
4,757,5,819,20,0.1724137931034483,1.0
4,758,5,789,11,0.3055555555555556,0.7857142857142857
4,761,5,781,68,0.5271317829457365,0.7311827956989247
4,766,5,762,4,0.03333333333333333,0.2222222222222222
4,766,5,811,47,0.41228070175438597,0.8545454545454545
4,774,5,780,22,0.21782178217821782,0.6875
4,774,5,815,45,0.45918367346938777,0.8653846153846154
4,776,5,783,14,0.14736842105263157,0.5185185185185185
4,776,5,823,27,0.29347826086956524,0.7297297297297297
4,778,5,785,60,0.47244094488188976,0.7407407407407407
4,780,5,831,10,0.12987012987012986,0.7142857142857143
4,788,5,777,15,0.3409090909090909,0.6
4,788,5,813,3,0.03571428571428571,0.12
4,802,5,727,16,0.14285714285714285,0.8
4,819,5,778,10,0.11235955056179775,0.45454545454545453
4,819,5,829,28,0.345679012345679,0.875
4,837,5,795,7,0.08045977011494253,0.3684210526315789
4,837,5,816,44,0.4782608695652174,0.7213114754098361
4,842,5,635,12,0.09090909090909091,0.8
4,856,5,14,11,0.08208955223880597,0.7857142857142857
4,914,5,85,37,0.1989247311827957,0.47435897435897434
4,914,5,691,1,0.00546448087431694,0.01282051282051282
4,919,5,485,57,0.41605839416058393,0.7307692307692307
4,920,5,710,35,0.25735294117647056,0.7608695652173914
4,922,5,199,39,0.2484076433121019,0.65
4,924,5,638,50,0.3875968992248062,0.8620689655172413
4,927,5,746,46,0.40707964601769914,0.7796610169491526
4,930,5,753,11,0.11224489795918367,0.21568627450980393
4,930,5,830,27,0.28421052631578947,0.46551724137931033
4,933,5,124,36,0.2222222222222222,0.6545454545454545
4,943,5,635,44,0.3120567375886525,0.7857142857142857
4,948,5,820,11,0.1774193548387097,0.9166666666666666
4,950,5,655,55,0.4263565891472868,0.8333333333333334
4,951,5,824,21,0.3559322033898305,0.9130434782608695
4,955,5,9,53,0.3680555555555556,0.7794117647058824
4,956,5,14,49,0.22790697674418606,0.37404580152671757
4,956,5,22,45,0.21226415094339623,0.3629032258064516
4,957,5,736,44,0.4074074074074074,0.6875
4,958,5,733,50,0.3875968992248062,0.7575757575757576
4,960,5,740,41,0.3416666666666667,0.7192982456140351
4,964,5,742,47,0.3884297520661157,0.7230769230769231
4,965,5,580,48,0.384,0.7741935483870968
4,968,5,55,40,0.14035087719298245,0.7142857142857143
4,970,5,744,39,0.3482142857142857,0.639344262295082
4,971,5,67,49,0.3356164383561644,0.8448275862068966
4,979,5,749,32,0.26229508196721313,0.5423728813559322
4,981,5,809,7,0.1044776119402985,0.4117647058823529
4,981,5,827,30,0.37037037037037035,0.5555555555555556
4,982,5,97,43,0.27741935483870966,0.671875
4,989,5,794,48,0.4752475247524752,0.7619047619047619
4,1017,5,802,46,0.5227272727272727,0.7301587301587301
4,1026,5,773,45,0.3515625,0.8035714285714286
4,1027,5,34,45,0.29605263157894735,0.6428571428571429
4,1033,5,73,44,0.27848101265822783,0.7333333333333333
4,1036,5,79,48,0.35555555555555557,0.8727272727272727
4,1038,5,813,42,0.5833333333333334,0.8076923076923077
4,1039,5,84,48,0.3287671232876712,0.8275862068965517
4,1040,5,793,45,0.35714285714285715,0.7258064516129032
4,1042,5,91,44,0.32116788321167883,0.7333333333333333
4,1046,5,100,43,0.30714285714285716,0.7678571428571429
4,1048,5,103,42,0.2692307692307692,0.6086956521739131
4,1048,5,112,1,0.005154639175257732,0.014492753623188406
4,1050,5,755,41,0.40594059405940597,0.7192982456140351
4,1068,5,194,2,0.017241379310344827,0.05
4,1068,5,828,19,0.25675675675675674,0.475
4,1106,5,1,45,0.3103448275862069,0.7377049180327869
4,1655,5,1305,4,0.09302325581395349,0.23529411764705882
4,1656,5,1311,4,0.027972027972027972,0.2
4,1656,5,1345,1,0.007042253521126761,0.0625
4,1664,5,1324,1,0.003663003663003663,0.07692307692307693
4,1664,5,1326,5,0.018518518518518517,0.35714285714285715
4,1664,5,1329,3,0.011029411764705883,0.21428571428571427
4,1666,5,1332,6,0.041666666666666664,0.35294117647058826
4,1666,5,1333,4,0.028169014084507043,0.3076923076923077
4,1668,5,1334,8,0.08888888888888889,0.5
4,1668,5,1335,7,0.07692307692307693,0.4375
4,1668,5,1337,3,0.030612244897959183,0.15789473684210525
4,1671,5,1336,2,0.04878048780487805,0.15384615384615385
4,1675,5,1301,2,0.015151515151515152,0.09523809523809523
4,1687,5,1340,1,0.0136986301369863,0.06666666666666667
4,1691,5,1355,5,0.0847457627118644,0.3333333333333333
4,1693,5,1354,1,0.004484304932735426,0.07692307692307693
4,1710,5,1341,4,0.1,0.23529411764705882
4,1719,5,1350,5,0.10638297872340426,0.3125
4,1720,5,1351,6,0.10526315789473684,0.46153846153846156
4,1720,5,1352,3,0.04918032786885246,0.21428571428571427
4,1735,5,1344,2,0.05128205128205128,0.1111111111111111
4,1819,5,1833,9,0.12162162162162163,0.6428571428571429
4,1826,5,1840,4,0.07547169811320754,0.3076923076923077
4,1826,5,1841,7,0.14,0.5384615384615384
4,1838,5,1652,6,0.043478260869565216,0.5
4,1838,5,1663,7,0.04964539007092199,0.4375
4,1838,5,1846,11,0.08148148148148149,0.7857142857142857
4,1854,5,1697,9,0.2903225806451613,0.5625
4,1857,5,1850,7,0.25,0.6363636363636364
4,1860,5,1722,7,0.07777777777777778,0.5833333333333334
4,1860,5,1729,9,0.09473684210526316,0.47368421052631576
4,1862,5,1731,7,0.08235294117647059,0.5384615384615384
4,1862,5,1851,9,0.10843373493975904,0.6923076923076923
4,1865,5,1742,6,0.1875,0.46153846153846156
4,1867,5,1741,7,0.22580645161290322,0.4666666666666667
4,1869,5,1755,3,0.10714285714285714,0.21428571428571427
4,1870,5,1853,7,0.12727272727272726,0.6363636363636364
4,1871,5,1773,7,0.16666666666666666,0.4375
4,1878,5,1775,12,0.34285714285714286,0.75
4,1880,5,1782,7,0.16279069767441862,0.7
4,1885,5,1796,6,0.125,0.6
4,1888,5,1854,7,0.14583333333333334,0.6363636363636364
4,1888,5,1856,9,0.1956521739130435,0.8181818181818182
4,1890,5,1805,7,0.04697986577181208,0.5
4,1900,5,1832,9,0.45,0.6923076923076923
4,1901,5,1837,12,0.36363636363636365,0.8
4,1903,5,1841,1,0.02564102564102564,0.07692307692307693
4,1945,5,1798,10,0.625,0.8333333333333334
4,530,7,8,97,0.02378616969102501,0.052206673842841764
4,530,7,9,5,0.002107037505267594,0.08196721311475409
4,530,7,401,1,0.0004246284501061571,0.02564102564102564
4,530,7,422,3,0.001276595744680851,0.08333333333333333
4,530,7,560,1,0.00042753313381787086,0.043478260869565216
4,623,7,3,77,0.08740068104426787,0.652542372881356
4,623,7,4,4,0.0017913121361397223,0.004761904761904762
4,623,7,16,29,0.03399765533411489,0.6904761904761905
4,623,7,17,42,0.049528301886792456,0.84
4,623,7,19,28,0.032407407407407406,0.5384615384615384
4,623,7,24,28,0.03309692671394799,0.8235294117647058
4,623,7,25,25,0.029726516052318668,0.9615384615384616
4,623,7,27,35,0.04156769596199525,0.9459459459459459
4,623,7,30,8,0.00936768149882904,0.36363636363636365
4,623,7,31,1,0.001160092807424594,0.043478260869565216
4,629,7,7,1,0.009259259259259259,0.037037037037037035
4,632,7,8,18,0.009211873080859774,0.15789473684210525
4,635,7,6,10,0.06896551724137931,0.30303030303030304
4,637,7,3,1,0.005235602094240838,0.013513513513513514
4,638,7,4,1,0.0006925207756232687,0.020833333333333332
4,639,7,4,2,0.0013783597518952446,0.03571428571428571
4,640,7,5,5,0.02617801047120419,0.12195121951219512
4,641,7,7,1,0.008928571428571428,0.03225806451612903
4,642,7,8,34,0.01778242677824268,0.38636363636363635
4,643,7,8,1,0.0005339028296849973,0.0625
4,645,7,6,12,0.07100591715976332,0.2033898305084746
4,646,7,4,7,0.0048543689320388345,0.1346153846153846
4,647,7,4,43,0.028936742934051143,0.32575757575757575
4,647,7,23,1,0.00558659217877095,0.020833333333333332
4,649,7,1,75,0.11773940345368916,0.42134831460674155
4,650,7,4,16,0.011142061281337047,0.2909090909090909
4,651,7,4,11,0.007654836464857342,0.21568627450980393
4,652,7,7,6,0.057692307692307696,0.21428571428571427
4,653,7,2,8,0.025477707006369428,0.38095238095238093
4,654,7,5,4,0.01951219512195122,0.07407407407407407
4,655,7,12,4,0.03636363636363636,0.25
4,655,7,18,4,0.022988505747126436,0.05
4,656,7,8,5,0.002641310089804543,0.125
4,657,7,4,28,0.01959412176347096,0.4666666666666667
4,658,7,4,15,0.01050420168067227,0.32608695652173914
4,659,7,4,34,0.023977433004231313,0.6181818181818182
4,660,7,5,29,0.1657142857142857,0.5918367346938775
4,662,7,2,27,0.06521739130434782,0.19285714285714287
4,662,7,13,36,0.21301775147928995,0.5538461538461539
4,663,7,4,28,0.019830028328611898,0.6511627906976745
4,664,7,18,2,0.0196078431372549,0.08333333333333333
4,665,7,8,1,0.0005285412262156448,0.02857142857142857
4,667,7,4,19,0.013437057991513438,0.5277777777777778
4,668,7,6,4,0.024539877300613498,0.08888888888888889
4,669,7,4,22,0.015547703180212015,0.55
4,670,7,14,2,0.038461538461538464,0.08
4,671,7,15,27,0.17419354838709677,0.421875
4,671,7,196,2,0.006756756756756757,0.03125
4,672,7,4,28,0.019858156028368795,0.6829268292682927
4,673,7,20,27,0.391304347826087,0.5625
4,674,7,21,24,0.3333333333333333,0.7058823529411765
4,676,7,570,9,0.061224489795918366,0.5294117647058824
4,677,7,8,24,0.012269938650306749,0.19672131147540983
4,677,7,371,10,0.06896551724137931,0.30303030303030304
4,678,7,8,17,0.008607594936708861,0.12686567164179105
4,678,7,426,6,0.0379746835443038,0.2
4,679,7,22,24,0.6,0.8571428571428571
4,681,7,15,10,0.07092198581560284,0.30303030303030304
4,682,7,23,25,0.3968253968253968,0.625
4,688,7,8,2,0.0009955201592832255,0.013071895424836602
4,689,7,28,22,0.36666666666666664,0.8148148148148148
4,690,7,29,19,0.41304347826086957,0.7916666666666666
4,692,7,31,6,0.15789473684210525,0.2857142857142857
4,694,7,33,19,0.3958333333333333,0.76
4,697,7,32,19,0.23170731707317074,0.7307692307692307
4,698,7,34,19,0.296875,0.7307692307692307
4,700,7,550,15,0.09868421052631579,0.8333333333333334
4,701,7,35,19,0.3220338983050847,0.76
4,703,7,36,19,0.2878787878787879,0.7037037037037037
4,707,7,37,18,0.20689655172413793,0.75
4,710,7,215,1,0.006172839506172839,0.06666666666666667
4,711,7,38,12,0.15,0.4
4,712,7,39,11,0.18333333333333332,0.4074074074074074
4,714,7,249,23,0.16428571428571428,0.5476190476190477
4,716,7,40,5,0.10869565217391304,0.25
4,721,7,8,13,0.0065293822199899544,0.08904109589041095
4,722,7,8,15,0.007660878447395302,0.13043478260869565
4,722,7,560,4,0.029850746268656716,0.17391304347826086
4,723,7,26,14,0.2413793103448276,0.4117647058823529
4,724,7,8,1,0.0005063291139240507,0.00847457627118644
4,724,7,548,15,0.12295081967213115,0.7894736842105263
4,725,7,8,22,0.011213047910295617,0.1746031746031746
4,725,7,562,16,0.11428571428571428,0.5333333333333333
4,749,7,8,10,0.0051440329218107,0.10416666666666667
4,750,7,8,3,0.0015889830508474577,0.09090909090909091
4,751,7,31,11,0.1896551724137931,0.4782608695652174
4,757,7,8,33,0.017001545595054096,0.28448275862068967
4,758,7,8,7,0.0037154989384288748,0.21212121212121213
4,783,7,7,6,0.06521739130434782,0.375
4,847,7,2,1,0.003003003003003003,0.030303030303030304
4,848,7,196,3,0.010416666666666666,0.05263157894736842
4,849,7,2,12,0.038461538461538464,0.5217391304347826
4,852,7,15,9,0.06666666666666667,0.34615384615384615
4,925,7,527,11,0.15942028985507245,0.6111111111111112
4,947,7,8,16,0.00837257980115123,0.2318840579710145
4,948,7,8,8,0.004186289900575615,0.13114754098360656
4,949,7,497,5,0.056818181818181816,0.14285714285714285
4,950,7,498,4,0.042105263157894736,0.12121212121212122
4,951,7,559,4,0.05263157894736842,0.17391304347826086
4,952,7,8,3,0.0015698587127158557,0.05357142857142857
4,952,7,585,9,0.140625,0.5294117647058824
4,1009,7,213,1,0.011494252873563218,0.029411764705882353
4,1009,7,271,1,0.013333333333333334,0.045454545454545456
4,1010,7,248,3,0.02654867256637168,0.05263157894736842
4,1010,7,271,1,0.0125,0.045454545454545456
4,1011,7,273,7,0.10606060606060606,0.3333333333333333
4,1011,7,547,6,0.09375,0.3333333333333333
4,1012,7,499,15,0.23076923076923078,0.6
4,1014,7,579,8,0.14285714285714285,0.6153846153846154
4,1077,7,18,1,0.007751937984496124,0.02
4,1077,7,214,2,0.010101010101010102,0.04
4,1077,7,248,1,0.009433962264150943,0.02
4,1079,7,270,1,0.008928571428571428,0.020833333333333332
4,1080,7,214,4,0.02030456852791878,0.0784313725490196
4,1081,7,248,3,0.02912621359223301,0.061224489795918366
4,1082,7,230,18,0.09424083769633508,0.36
4,1083,7,275,17,0.2361111111111111,0.4722222222222222
4,1084,7,577,9,0.1232876712328767,0.6923076923076923
4,1100,7,230,29,0.1518324607329843,0.47540983606557374
4,1102,7,469,6,0.15384615384615385,0.4
4,1163,7,5,1,0.004761904761904762,0.017857142857142856
4,1163,7,496,8,0.12698412698412698,0.5333333333333333
4,1164,7,4,22,0.015416958654519973,0.4230769230769231
4,1165,7,370,28,0.4375,0.6363636363636364
4,1220,7,272,19,0.19791666666666666,0.37254901960784315
4,1221,7,4,35,0.024717514124293787,0.6481481481481481
4,1222,7,274,40,0.40404040404040403,0.6153846153846154
4,1223,7,402,23,0.3484848484848485,0.5476190476190477
4,1224,7,343,24,0.3870967741935484,0.6857142857142857
4,1225,7,578,8,0.125,0.47058823529411764
4,1226,7,526,14,0.2857142857142857,0.9333333333333333
4,1227,7,344,6,0.11320754716981132,0.21428571428571427
4,1301,7,4,21,0.01469559132260322,0.39622641509433965
4,1302,7,368,28,0.1830065359477124,0.6086956521739131
4,1303,7,368,24,0.147239263803681,0.46153846153846156
4,1304,7,400,30,0.379746835443038,0.6666666666666666
4,1305,7,425,34,0.4594594594594595,0.6415094339622641
4,1306,7,404,21,0.25609756097560976,0.4666666666666667
4,1307,7,430,22,0.18333333333333332,0.39285714285714285
4,1307,7,467,4,0.030534351145038167,0.08163265306122448
4,1308,7,431,25,0.30120481927710846,0.5102040816326531
4,1393,7,4,27,0.019027484143763214,0.5510204081632653
4,1394,7,369,34,0.44155844155844154,0.7083333333333334
4,1395,7,424,30,0.46153846153846156,0.6382978723404256
4,1396,7,428,27,0.3,0.5094339622641509
4,1397,7,429,33,0.4583333333333333,0.6875
4,1398,7,399,1,0.0018018018018018018,0.0048543689320388345
4,1398,7,403,38,0.10106382978723404,0.59375
4,1398,7,427,42,0.11413043478260869,0.7
4,1398,7,466,32,0.08672086720867209,0.6274509803921569
4,1398,7,500,34,0.09264305177111716,0.6666666666666666
4,1399,7,432,26,0.36619718309859156,0.5652173913043478
4,1400,7,468,2,0.041666666666666664,0.09523809523809523
4,1504,7,584,1,0.002544529262086514,0.009615384615384616
4,1505,7,399,14,0.05907172995780591,0.3111111111111111
4,1506,7,4,8,0.005598320503848845,0.2
4,1507,7,1,8,0.014209591474245116,0.21621621621621623
4,1508,7,399,29,0.1277533039647577,0.58
4,1509,7,4,22,0.015427769985974754,0.43137254901960786
4,1510,7,4,30,0.021291696238467,0.7142857142857143
4,1557,7,1,2,0.003401360544217687,0.03571428571428571
4,1558,7,399,28,0.125,0.6086956521739131
4,1586,7,1,13,0.019202363367799114,0.08333333333333333
4,1586,7,584,24,0.1016949152542373,0.23076923076923078
4,1587,7,1,35,0.06118881118881119,0.4794520547945205
4,1588,7,2,4,0.009950248756218905,0.0380952380952381
4,1588,7,521,33,0.2578125,0.5892857142857143
4,1589,7,1,45,0.08272058823529412,0.8181818181818182
4,1590,7,2,35,0.10802469135802469,0.603448275862069
4,1591,7,1,36,0.06030150753768844,0.36363636363636365
4,1591,7,569,22,0.1746031746031746,0.4489795918367347
4,1592,7,2,34,0.10240963855421686,0.5230769230769231
4,1593,7,399,4,0.011730205278592375,0.02877697841726619
4,1593,7,465,38,0.23030303030303031,0.59375
4,1593,7,523,34,0.2085889570552147,0.5862068965517241
4,1594,7,522,36,0.391304347826087,0.6666666666666666
4,1595,7,423,34,0.3469387755102041,0.5396825396825397
4,1596,7,561,35,0.4166666666666667,0.7291666666666666
4,1598,7,528,7,0.03225806451612903,0.07954545454545454
4,1598,7,549,21,0.17796610169491525,0.4117647058823529
4,1599,7,525,19,0.1357142857142857,0.475
4,1615,7,586,10,0.14925373134328357,0.4166666666666667
4,1616,7,524,26,0.32098765432098764,0.52
4,1617,7,587,16,0.1951219512195122,0.5517241379310345
4,1618,7,525,27,0.17647058823529413,0.4426229508196721
4,1649,7,399,1,0.004329004329004329,0.038461538461538464
4,1656,7,626,4,0.028985507246376812,0.26666666666666666
4,1689,7,616,9,0.05521472392638037,0.17647058823529413
4,1713,7,612,6,0.125,0.23076923076923078
4,1734,7,619,7,0.07865168539325842,0.21212121212121213
4,1735,7,614,1,0.019230769230769232,0.043478260869565216
4,1735,7,620,9,0.23076923076923078,0.391304347826087
4,1812,7,630,5,0.050505050505050504,0.10869565217391304
4,1813,7,630,2,0.02631578947368421,0.1
4,530,8,1,12,0.005143591941705958,0.42857142857142855
4,530,8,292,13,0.005591397849462366,0.6190476190476191
4,530,8,726,24,0.010304851867754402,0.6666666666666666
4,530,8,728,29,0.0123614663256607,0.5
4,530,8,730,50,0.021422450728363324,0.746268656716418
4,530,8,732,44,0.018835616438356163,0.6984126984126984
4,676,8,3,15,0.1048951048951049,0.7894736842105263
4,676,8,426,62,0.38271604938271603,0.7294117647058823
4,677,8,734,50,0.373134328358209,0.8064516129032258
4,678,8,733,37,0.24503311258278146,0.6851851851851852
4,687,8,4,11,0.08148148148148149,0.4230769230769231
4,687,8,427,43,0.2529411764705882,0.46236559139784944
4,688,8,646,50,0.31645569620253167,0.9090909090909091
4,700,8,430,63,0.3684210526315789,0.7411764705882353
4,709,8,413,48,0.25,0.46153846153846156
4,714,8,5,9,0.06923076923076923,0.5
4,714,8,530,43,0.3006993006993007,0.6615384615384615
4,714,8,735,1,0.005714285714285714,0.01818181818181818
4,722,8,642,34,0.27419354838709675,0.7906976744186046
4,724,8,735,43,0.33076923076923076,0.7818181818181819
4,725,8,650,57,0.4351145038167939,0.9193548387096774
4,728,8,467,32,0.27350427350427353,0.4383561643835616
4,758,8,2,2,0.03076923076923077,0.06060606060606061
4,948,8,515,16,0.14035087719298245,0.26229508196721313
4,950,8,641,53,0.6091954022988506,0.803030303030303
4,951,8,755,21,0.22826086956521738,0.375
4,1656,8,800,14,0.06363636363636363,0.1308411214953271
4,1656,8,804,2,0.0136986301369863,0.09523809523809523
4,1689,8,800,9,0.06040268456375839,0.17647058823529413
4,1689,8,804,7,0.1076923076923077,0.3333333333333333
4,1735,8,801,3,0.034482758620689655,0.13043478260869565
4,1736,8,802,7,0.12727272727272726,0.30434782608695654
5,71,6,469,46,0.16312056737588654,0.8846153846153846
5,71,6,473,48,0.16842105263157894,0.8421052631578947
5,102,6,50,54,0.391304347826087,0.6206896551724138
5,115,6,51,64,0.4413793103448276,0.6808510638297872
5,126,6,21,61,0.44525547445255476,0.6853932584269663
5,137,6,22,8,0.06837606837606838,0.4444444444444444
5,137,6,403,48,0.3902439024390244,0.75
5,185,6,231,51,0.40476190476190477,0.7846153846153846
5,221,6,119,45,0.371900826446281,0.6716417910447762
5,225,6,179,43,0.4174757281553398,0.8113207547169812
5,231,6,121,39,0.3,0.5652173913043478
5,234,6,181,39,0.3333333333333333,0.6842105263157895
5,246,6,343,50,0.49019607843137253,0.8928571428571429
5,247,6,259,49,0.46226415094339623,0.8166666666666667
5,250,6,260,49,0.5,0.875
5,251,6,262,53,0.4953271028037383,0.8833333333333333
5,252,6,45,20,0.1360544217687075,0.2631578947368421
5,253,6,180,48,0.48,0.8135593220338984
5,272,6,246,54,0.5046728971962616,0.8307692307692308
5,274,6,165,42,0.3853211009174312,0.6885245901639344
5,276,6,337,52,0.5098039215686274,0.8666666666666667
5,278,6,341,47,0.4351851851851852,0.8545454545454545
5,288,6,174,40,0.34782608695652173,0.6779661016949152
5,294,6,610,42,0.3442622950819672,0.75
5,304,6,276,55,0.5612244897959183,0.859375
5,307,6,277,54,0.5142857142857142,0.8852459016393442
5,308,6,285,47,0.4351851851851852,0.8392857142857143
5,312,6,402,46,0.44660194174757284,0.7931034482758621
5,317,6,407,48,0.46601941747572817,0.8421052631578947
5,321,6,411,49,0.4537037037037037,0.9074074074074074
5,324,6,308,47,0.44761904761904764,0.8392857142857143
5,328,6,214,52,0.48148148148148145,0.7536231884057971
5,329,6,213,52,0.5048543689320388,0.8125
5,333,6,223,49,0.47115384615384615,0.7903225806451613
5,334,6,224,50,0.5102040816326531,0.8333333333333334
5,339,6,232,55,0.48672566371681414,0.8461538461538461
5,341,6,243,47,0.43119266055045874,0.7833333333333333
5,344,6,417,16,0.16326530612244897,0.7272727272727273
5,345,6,332,52,0.5252525252525253,0.8524590163934426
5,346,6,247,46,0.41818181818181815,0.71875
5,349,6,335,54,0.4909090909090909,0.9
5,351,6,250,52,0.49523809523809526,0.8253968253968254
5,357,6,340,50,0.5154639175257731,0.9090909090909091
5,363,6,169,29,0.2457627118644068,0.5272727272727272
5,366,6,170,47,0.42342342342342343,0.7704918032786885
5,367,6,257,47,0.44339622641509435,0.7966101694915254
5,371,6,37,37,0.27611940298507465,0.4567901234567901
5,374,6,15,28,0.19718309859154928,0.34146341463414637
5,378,6,9,15,0.11363636363636363,0.2830188679245283
5,378,6,648,11,0.09243697478991597,0.3055555555555556
5,390,6,464,38,0.24836601307189543,0.5757575757575758
5,396,6,429,42,0.25301204819277107,0.6176470588235294
5,403,6,477,39,0.28888888888888886,0.582089552238806
5,407,6,436,54,0.4251968503937008,0.9
5,410,6,481,50,0.3875968992248062,0.7692307692307693
5,413,6,441,49,0.3798449612403101,0.8448275862068966
5,420,6,366,53,0.4953271028037383,0.8688524590163934
5,425,6,368,45,0.4411764705882353,0.7377049180327869
5,430,6,271,52,0.5360824742268041,0.8524590163934426
5,436,6,273,49,0.47572815533980584,0.8032786885245902
5,459,6,410,48,0.4247787610619469,0.7868852459016393
5,460,6,408,45,0.44554455445544555,0.8181818181818182
5,466,6,306,52,0.5148514851485149,0.8253968253968254
5,473,6,317,53,0.5408163265306123,0.8412698412698413
5,481,6,325,45,0.4368932038834951,0.7894736842105263
5,491,6,329,53,0.5353535353535354,0.9137931034482759
5,497,6,152,49,0.4260869565217391,0.6282051282051282
5,509,6,162,26,0.23853211009174313,0.6341463414634146
5,518,6,167,31,0.29523809523809524,0.6458333333333334
5,521,6,254,45,0.3879310344827586,0.6716417910447762
5,548,6,574,21,0.16030534351145037,0.4772727272727273
5,549,6,458,17,0.08374384236453201,0.23943661971830985
5,550,6,578,45,0.3358208955223881,0.8035714285714286
5,552,6,509,33,0.23076923076923078,0.4520547945205479
5,554,6,582,31,0.26956521739130435,0.6888888888888889
5,559,6,518,40,0.2564102564102564,0.47619047619047616
5,560,6,586,43,0.40186915887850466,0.9148936170212766
5,565,6,524,38,0.3140495867768595,0.7916666666666666
5,569,6,530,30,0.21739130434782608,0.5172413793103449
5,571,6,594,45,0.371900826446281,0.8333333333333334
5,575,6,601,39,0.3277310924369748,0.7222222222222222
5,576,6,537,46,0.3194444444444444,0.8214285714285714
5,593,6,437,46,0.3865546218487395,0.7796610169491526
5,604,6,360,49,0.47115384615384615,0.7777777777777778
5,607,6,363,48,0.366412213740458,0.8
5,612,6,364,7,0.08433734939759036,0.20588235294117646
5,619,6,134,54,0.5869565217391305,0.8181818181818182
5,673,6,521,45,0.36885245901639346,0.8490566037735849
5,676,6,533,50,0.423728813559322,0.9090909090909091
5,690,6,474,48,0.46601941747572817,0.8571428571428571
5,692,6,434,7,0.08536585365853659,0.20588235294117646
5,697,6,194,1,0.014705882352941176,0.06666666666666667
5,728,6,510,42,0.44680851063829785,0.84
5,743,6,467,43,0.5,0.7413793103448276
5,745,6,472,3,0.04285714285714286,0.13043478260869565
5,747,6,357,1,0.014705882352941176,0.08333333333333333
5,754,6,272,3,0.04225352112676056,0.17647058823529413
5,765,6,497,45,0.36585365853658536,0.8181818181818182
5,779,6,384,3,0.04411764705882353,0.2727272727272727
5,806,6,472,26,0.4126984126984127,0.6666666666666666
5,808,6,357,7,0.11290322580645161,0.5833333333333334
5,821,6,570,23,0.2875,0.575
5,822,6,434,12,0.21428571428571427,0.9230769230769231
5,834,6,50,1,0.009523809523809525,0.05263157894736842
5,867,6,51,2,0.018018018018018018,0.10526315789473684
5,1356,6,932,16,0.64,0.8888888888888888
5,1357,6,1108,14,0.56,0.7777777777777778
5,1358,6,941,11,0.4074074074074074,0.6111111111111112
5,1359,6,1116,10,0.43478260869565216,0.6666666666666666
5,1361,6,1017,12,0.631578947368421,1.0
5,1363,6,1026,7,0.35,0.6363636363636364
5,1365,6,1186,11,0.4782608695652174,0.8461538461538461
5,1368,6,1188,10,0.45454545454545453,0.8333333333333334
5,1370,6,1230,12,0.5454545454545454,0.8571428571428571
5,1377,6,1190,12,0.5454545454545454,0.8
5,1378,6,1189,11,0.5238095238095238,0.9166666666666666
5,1384,6,1052,14,0.5384615384615384,0.7
5,1385,6,1050,13,0.65,0.8125
5,1388,6,1055,12,0.5454545454545454,0.7058823529411765
5,1391,6,1060,12,0.5217391304347826,0.8
5,1392,6,1057,11,0.5238095238095238,0.7333333333333333
5,1399,6,1196,10,0.5555555555555556,0.8333333333333334
5,1400,6,1063,7,0.35,0.6363636363636364
5,1401,6,1067,14,0.6363636363636364,0.8235294117647058
5,1406,6,1197,10,0.45454545454545453,0.7142857142857143
5,1408,6,1076,12,0.41379310344827586,0.6666666666666666
5,1414,6,1200,12,0.41379310344827586,0.8571428571428571
5,1416,6,1078,12,0.6,0.8
5,1418,6,1202,13,0.65,0.8666666666666667
5,1426,6,1088,13,0.5652173913043478,0.7647058823529411
5,1430,6,1092,9,0.5294117647058824,0.8181818181818182
5,1435,6,1100,9,0.375,0.8181818181818182
5,1436,6,1099,11,0.6111111111111112,0.9166666666666666
5,1445,6,1107,12,0.5,0.8
5,1452,6,1113,11,0.6470588235294118,0.9166666666666666
5,1457,6,1120,9,0.45,0.6428571428571429
5,1463,6,1122,10,0.4166666666666667,0.7692307692307693
5,1464,6,954,14,0.6666666666666666,0.8235294117647058
5,1468,6,1125,8,0.38095238095238093,0.5714285714285714
5,1471,6,1217,8,0.32,0.5714285714285714
5,1472,6,1129,9,0.375,0.6923076923076923
5,1477,6,1219,10,0.5,0.7142857142857143
5,1481,6,1136,9,0.32142857142857145,0.5
5,1482,6,1138,14,0.6666666666666666,0.8235294117647058
5,1487,6,1220,9,0.42857142857142855,0.6428571428571429
5,1493,6,1147,13,0.5909090909090909,0.8125
5,1494,6,1148,11,0.6111111111111112,0.7857142857142857
5,1498,6,1221,11,0.5,0.6875
5,1502,6,1155,7,0.2916666666666667,0.4666666666666667
5,1504,6,1156,12,0.6,0.8
5,1510,6,1222,11,0.6111111111111112,0.7857142857142857
5,1515,6,1163,12,0.5454545454545454,0.7058823529411765
5,1516,6,1164,10,0.45454545454545453,0.6666666666666666
5,1523,6,1165,11,0.55,0.7333333333333333
5,1531,6,1167,13,0.6842105263157895,0.8666666666666667
5,1532,6,1168,11,0.4782608695652174,0.7333333333333333
5,1538,6,1170,14,0.6086956521739131,0.7777777777777778
5,1543,6,993,14,0.7777777777777778,0.875
5,1544,6,1223,9,0.5294117647058824,0.8181818181818182
5,1551,6,1173,12,0.5217391304347826,0.8
5,1556,6,998,9,0.45,0.6428571428571429
5,1557,6,1224,11,0.5,0.6875
5,1563,6,1176,12,0.6666666666666666,0.8571428571428571
5,1570,6,1225,9,0.42857142857142855,0.6923076923076923
5,1582,6,1227,12,0.5,0.8
5,1587,6,1181,12,0.7058823529411765,0.8571428571428571
5,218,7,8,3,0.0016068559185859668,0.25
5,224,7,8,5,0.0026838432635534087,0.5
5,230,7,8,1,0.0005336179295624333,0.058823529411764705
5,524,7,8,4,0.002044989775051125,0.0392156862745098
5,524,7,422,4,0.029850746268656716,0.1111111111111111
5,525,7,8,30,0.015487867836861126,0.27522935779816515
5,526,7,8,8,0.0040609137055837565,0.06666666666666667
5,526,7,560,13,0.1,0.5652173913043478
5,528,7,8,9,0.004547751389590703,0.06923076923076923
5,528,7,426,6,0.03896103896103896,0.2
5,532,7,8,17,0.008717948717948718,0.1559633027522936
5,532,7,371,12,0.09230769230769231,0.36363636363636365
5,543,7,8,23,0.011837364899639732,0.21296296296296297
5,543,7,562,15,0.12195121951219512,0.5
5,649,7,8,7,0.0035478966041561076,0.05737704918032787
5,653,7,8,12,0.006109979633401222,0.1016949152542373
5,654,7,401,1,0.006711409395973154,0.02564102564102564
5,655,7,8,2,0.0010131712259371835,0.01694915254237288
5,655,7,498,15,0.11029411764705882,0.45454545454545453
5,657,7,570,14,0.1,0.8235294117647058
5,659,7,8,1,0.0005017561465127947,0.007352941176470588
5,659,7,548,14,0.09929078014184398,0.7368421052631579
5,715,7,9,2,0.012195121951219513,0.03278688524590164
5,716,7,8,9,0.004559270516717325,0.072
5,717,7,8,12,0.006169665809768638,0.12121212121212122
5,718,7,8,15,0.007664793050587634,0.13157894736842105
5,723,7,550,11,0.10679611650485436,0.6111111111111112
5,758,7,8,1,0.0005058168942842691,0.008333333333333333
5,759,7,8,4,0.0020325203252032522,0.03508771929824561
5,759,7,9,2,0.011560693641618497,0.03278688524590164
5,761,7,8,11,0.0056410256410256415,0.10679611650485436
5,789,7,8,1,0.0005344735435595938,0.07142857142857142
5,792,7,249,8,0.12307692307692308,0.25806451612903225
5,819,7,8,8,0.0042780748663101605,0.4
5,824,7,559,3,0.06976744186046512,0.13043478260869565
5,1808,7,616,8,0.06153846153846154,0.47058823529411764
5,209,8,315,2,0.010526315789473684,0.022727272727272728
5,209,8,551,24,0.21238938053097345,0.7272727272727273
5,210,8,729,34,0.22077922077922077,0.5964912280701754
5,211,8,315,28,0.16470588235294117,0.3181818181818182
5,212,8,516,31,0.1901840490797546,0.4189189189189189
5,213,8,557,29,0.21804511278195488,0.5370370370370371
5,214,8,1,2,0.04878048780487805,0.13333333333333333
5,215,8,518,40,0.28776978417266186,0.5555555555555556
5,216,8,521,44,0.3235294117647059,0.6197183098591549
5,217,8,563,38,0.2878787878787879,0.5846153846153846
5,219,8,559,41,0.328,0.6212121212121212
5,221,8,778,6,0.05309734513274336,0.3
5,222,8,3,8,0.3076923076923077,0.5333333333333333
5,223,8,410,39,0.35135135135135137,0.7358490566037735
5,225,8,649,28,0.27722772277227725,0.7777777777777778
5,226,8,524,48,0.37209302325581395,0.8135593220338984
5,227,8,489,45,0.3284671532846715,0.8181818181818182
5,231,8,573,42,0.358974358974359,0.711864406779661
5,232,8,365,1,0.00980392156862745,0.058823529411764705
5,233,8,411,54,0.432,0.782608695652174
5,234,8,652,38,0.3333333333333333,0.7169811320754716
5,235,8,368,26,0.22413793103448276,0.43333333333333335
5,243,8,554,12,0.0975609756097561,0.5
5,243,8,770,4,0.030303030303030304,0.16
5,244,8,462,16,0.11594202898550725,0.2857142857142857
5,245,8,364,14,0.07,0.1308411214953271
5,246,8,488,10,0.08849557522123894,0.37037037037037035
5,247,8,391,10,0.09174311926605505,0.4166666666666667
5,248,8,560,30,0.2564102564102564,0.5769230769230769
5,249,8,555,36,0.2975206611570248,0.5625
5,250,8,526,11,0.11224489795918367,0.6111111111111112
5,251,8,528,8,0.07407407407407407,0.5
5,251,8,771,9,0.07964601769911504,0.4090909090909091
5,252,8,570,23,0.22772277227722773,0.696969696969697
5,253,8,651,22,0.22448979591836735,0.7096774193548387
5,254,8,531,1,0.01282051282051282,0.05
5,280,8,364,9,0.046875,0.09574468085106383
5,283,8,409,2,0.010416666666666666,0.02197802197802198
5,284,8,552,25,0.2,0.43859649122807015
5,285,8,558,21,0.1510791366906475,0.3333333333333333
5,286,8,553,24,0.17777777777777778,0.375
5,287,8,409,43,0.2654320987654321,0.4725274725274725
5,288,8,523,19,0.16666666666666666,0.5135135135135135
5,289,8,643,30,0.24390243902439024,0.6666666666666666
5,290,8,564,32,0.26229508196721313,0.5818181818181818
5,291,8,522,43,0.40186915887850466,0.7413793103448276
5,292,8,645,34,0.29310344827586204,0.68
5,293,8,429,43,0.37719298245614036,0.6515151515151515
5,362,8,364,4,0.020512820512820513,0.043478260869565216
5,365,8,425,3,0.01744186046511628,0.03896103896103896
5,367,8,317,6,0.04225352112676056,0.1111111111111111
5,369,8,463,15,0.12396694214876033,0.3191489361702128
5,370,8,316,3,0.017241379310344827,0.034482758620689655
5,370,8,517,13,0.1015625,0.2549019607843137
5,371,8,520,18,0.14285714285714285,0.3333333333333333
5,372,8,425,35,0.2536231884057971,0.45454545454545453
5,373,8,556,37,0.3162393162393162,0.5692307692307692
5,374,8,565,12,0.1276595744680851,0.6666666666666666
5,374,8,777,6,0.06,0.3333333333333333
5,375,8,644,20,0.2,0.7692307692307693
5,376,8,568,41,0.36283185840707965,0.6507936507936508
5,377,8,648,44,0.4489795918367347,0.9565217391304348
5,378,8,574,42,0.3925233644859813,0.7636363636363637
5,379,8,367,26,0.25742574257425743,0.7428571428571429
5,523,8,316,25,0.17123287671232876,0.2976190476190476
5,524,8,728,24,0.17647058823529413,0.41379310344827586
5,525,8,1,4,0.03007518796992481,0.14285714285714285
5,525,8,732,43,0.3333333333333333,0.6825396825396826
5,526,8,642,30,0.22556390977443608,0.6976744186046512
5,527,8,562,38,0.33043478260869563,0.5846153846153846
5,528,8,733,44,0.3142857142857143,0.8148148148148148
5,529,8,525,42,0.3783783783783784,0.6666666666666666
5,530,8,567,34,0.2956521739130435,0.5862068965517241
5,531,8,566,45,0.45,0.8181818181818182
5,532,8,734,40,0.3053435114503817,0.6451612903225806
5,533,8,529,49,0.4152542372881356,0.7903225806451613
5,534,8,571,47,0.415929203539823,0.6619718309859155
5,535,8,647,49,0.4298245614035088,0.7101449275362319
5,536,8,646,41,0.36283185840707965,0.7454545454545455
5,537,8,569,38,0.3958333333333333,0.7169811320754716
5,538,8,490,53,0.4649122807017544,0.7794117647058824
5,539,8,365,62,0.5344827586206896,0.7209302325581395
5,540,8,366,53,0.5096153846153846,0.7162162162162162
5,541,8,412,61,0.580952380952381,0.7922077922077922
5,542,8,465,43,0.39814814814814814,0.6615384615384615
5,543,8,650,42,0.328125,0.6774193548387096
5,544,8,318,55,0.4954954954954955,0.6875
5,545,8,392,49,0.5,0.765625
5,546,8,319,23,0.22330097087378642,0.8214285714285714
5,547,8,393,17,0.18478260869565216,0.6538461538461539
5,654,8,292,3,0.023255813953488372,0.14285714285714285
5,654,8,730,41,0.29927007299270075,0.6119402985074627
5,655,8,641,55,0.40145985401459855,0.7432432432432432
5,656,8,519,44,0.3464566929133858,0.5789473684210527
5,657,8,3,2,0.012987012987012988,0.10526315789473684
5,657,8,426,51,0.2982456140350877,0.6
5,658,8,561,49,0.46226415094339623,0.765625
5,659,8,735,38,0.24836601307189543,0.6909090909090909
5,660,8,428,54,0.5142857142857142,0.8307692307692308
5,661,8,572,42,0.3853211009174312,0.65625
5,662,8,414,53,0.5408163265306123,0.8412698412698413
5,663,8,394,9,0.10344827586206896,0.8181818181818182
5,719,8,424,5,0.024271844660194174,0.04807692307692308
5,719,8,727,32,0.24427480916030533,0.5714285714285714
5,720,8,424,40,0.24242424242424243,0.39603960396039606
5,721,8,731,49,0.3333333333333333,0.7101449275362319
5,722,8,527,47,0.4351851851851852,0.8103448275862069
5,723,8,430,49,0.3712121212121212,0.5764705882352941
5,724,8,466,53,0.42063492063492064,0.6794871794871795
5,761,8,1,1,0.007692307692307693,0.03571428571428571
5,761,8,726,25,0.21929824561403508,0.6944444444444444
5,791,8,4,1,0.023809523809523808,0.058823529411764705
5,791,8,427,7,0.06796116504854369,0.4117647058823529
5,792,8,530,16,0.2,0.5161290322580645
5,796,8,413,11,0.1,0.6470588235294118
5,820,8,515,2,0.02531645569620253,0.16666666666666666
5,824,8,755,10,0.14492753623188406,0.43478260869565216
5,825,8,427,10,0.08849557522123894,0.3333333333333333
5,826,8,530,8,0.11267605633802817,0.5714285714285714
5,1020,8,520,2,0.02857142857142857,0.1111111111111111
5,1024,8,558,3,0.039473684210526314,0.1875
5,1025,8,409,2,0.017391304347826087,0.07692307692307693
5,1559,8,781,1,0.0006397952655150352,0.05555555555555555
5,1560,8,781,1,0.0006377551020408163,0.043478260869565216
5,1564,8,781,3,0.0019096117122851686,0.10714285714285714
5,1564,8,820,10,0.29411764705882354,0.625
5,1565,8,781,7,0.004498714652956298,0.4117647058823529
5,1566,8,781,1,0.0006414368184733803,0.07142857142857142
5,1566,8,823,11,0.6470588235294118,0.7857142857142857
5,1568,8,781,2,0.001282051282051282,0.125
5,1568,8,824,11,0.4583333333333333,0.6875
5,1569,8,812,6,0.3,0.46153846153846156
5,1571,8,781,1,0.0006426735218508997,0.09090909090909091
5,1571,8,826,7,0.3684210526315789,0.6363636363636364
5,1572,8,836,9,0.391304347826087,0.9
5,1575,8,837,9,0.5,1.0
5,1582,8,840,8,0.32,0.5333333333333333
5,1584,8,846,12,0.631578947368421,0.8571428571428571
5,1813,8,781,1,0.0006422607578676942,0.08333333333333333
5,1815,8,796,11,0.044897959183673466,0.7857142857142857
5,1816,8,781,13,0.008408796895213453,1.0
5,1817,8,781,1,0.0006418485237483953,0.07692307692307693
5,1817,8,821,10,0.7142857142857143,0.9090909090909091
5,1818,8,822,10,0.6666666666666666,0.9090909090909091
5,1819,8,833,11,0.5789473684210527,1.0
5,1820,8,781,1,0.0006426735218508997,0.09090909090909091
5,1820,8,835,8,0.6666666666666666,0.8888888888888888
5,1821,8,825,9,0.5625,0.75
5,1822,8,827,9,0.6428571428571429,0.8181818181818182
5,1824,8,838,13,0.5909090909090909,0.8666666666666667
5,1826,8,839,8,0.5,0.8
5,1857,8,834,7,0.4375,0.7
5,221,9,189,49,0.3983739837398374,0.6712328767123288
5,225,9,233,41,0.38317757009345793,0.7454545454545455
5,231,9,234,53,0.4649122807017544,0.7910447761194029
5,234,9,235,48,0.3779527559055118,0.631578947368421
5,246,9,185,3,0.012244897959183673,0.03125
5,247,9,185,19,0.08333333333333333,0.2
5,250,9,187,46,0.38333333333333336,0.6133333333333333
5,251,9,232,47,0.376,0.6527777777777778
5,252,9,191,14,0.14893617021276595,0.8235294117647058
5,253,9,192,50,0.45454545454545453,0.704225352112676
5,254,9,303,1,0.013157894736842105,0.05
5,285,9,55,19,0.15833333333333333,0.4523809523809524
5,288,9,1,38,0.18095238095238095,0.3958333333333333
5,371,9,1,15,0.06607929515418502,0.16666666666666666
5,374,9,60,26,0.26262626262626265,0.7027027027027027
5,375,9,190,18,0.16363636363636364,0.5294117647058824
5,377,9,6,1,0.00684931506849315,0.0196078431372549
5,378,9,6,11,0.08208955223880597,0.21568627450980393
5,1029,9,1,1,0.005952380952380952,0.058823529411764705
5,1550,9,432,1,0.01818181818181818,0.07142857142857142
5,1582,9,535,5,0.22727272727272727,0.4166666666666667
6,9,8,574,16,0.17391304347826086,0.3018867924528302
6,15,8,565,3,0.030927835051546393,0.16666666666666666
6,15,8,777,3,0.030927835051546393,0.16666666666666666
6,37,8,520,10,0.08,0.18518518518518517
6,45,8,570,8,0.07920792079207921,0.24242424242424243
6,119,8,778,7,0.0875,0.35
6,121,8,573,34,0.3617021276595745,0.576271186440678
6,174,8,523,15,0.18518518518518517,0.40540540540540543
6,179,8,649,20,0.2898550724637681,0.5555555555555556
6,180,8,651,16,0.21621621621621623,0.5161290322580645
6,181,8,652,28,0.34146341463414637,0.5283018867924528
6,257,8,317,5,0.046296296296296294,0.09259259259259259
6,259,8,391,11,0.1506849315068493,0.4583333333333333
6,260,8,526,10,0.15625,0.5555555555555556
6,262,8,528,8,0.11764705882352941,0.5
6,262,8,771,9,0.1232876712328767,0.4090909090909091
6,343,8,488,7,0.09210526315789473,0.25925925925925924
6,1227,8,840,11,0.39285714285714285,0.6111111111111112
6,1,9,79,52,0.4126984126984127,0.6265060240963856
6,2,9,82,4,0.04081632653061224,0.18181818181818182
6,3,9,141,6,0.06818181818181818,0.35294117647058826
6,4,9,53,61,0.5446428571428571,0.7922077922077922
6,5,9,16,58,0.5631067961165048,0.8169014084507042
6,6,9,68,61,0.5700934579439252,0.7439024390243902
6,7,9,70,58,0.5471698113207547,0.7435897435897436
6,8,9,74,38,0.41304347826086957,0.6785714285714286
6,9,9,6,9,0.09473684210526316,0.17647058823529413
6,10,9,80,5,0.05434782608695652,0.3125
6,11,9,140,32,0.3106796116504854,0.6037735849056604
6,14,9,184,42,0.4117647058823529,0.65625
6,15,9,60,9,0.08181818181818182,0.24324324324324326
6,16,9,59,65,0.6372549019607843,0.8783783783783784
6,17,9,65,63,0.7411764705882353,0.9545454545454546
6,18,9,136,54,0.5934065934065934,0.8307692307692308
6,19,9,71,50,0.5319148936170213,0.7575757575757576
6,20,9,77,61,0.6288659793814433,0.8840579710144928
6,27,9,405,14,0.16279069767441862,0.8235294117647058
6,28,9,14,56,0.5233644859813084,0.9032258064516129
6,29,9,61,65,0.6074766355140186,0.8333333333333334
6,37,9,1,1,0.004310344827586207,0.012345679012345678
6,40,9,230,34,0.4473684210526316,0.7727272727272727
6,41,9,302,37,0.5362318840579711,0.8604651162790697
6,42,9,54,54,0.453781512605042,0.8852459016393442
6,43,9,56,57,0.5588235294117647,0.8260869565217391
6,44,9,57,59,0.5221238938053098,0.921875
6,45,9,191,2,0.02197802197802198,0.11764705882352941
6,46,9,62,58,0.58,0.8923076923076924
6,47,9,21,37,0.3627450980392157,0.5692307692307692
6,48,9,78,45,0.45454545454545453,0.7142857142857143
6,78,9,229,27,0.35526315789473684,0.6136363636363636
6,79,9,2,48,0.5052631578947369,0.75
6,80,9,4,38,0.33043478260869563,0.8636363636363636
6,81,9,17,55,0.5555555555555556,0.7534246575342466
6,82,9,15,47,0.5053763440860215,0.746031746031746
6,83,9,67,50,0.4854368932038835,0.8064516129032258
6,84,9,19,54,0.6136363636363636,0.782608695652174
6,85,9,20,49,0.5212765957446809,0.7777777777777778
6,86,9,23,15,0.15463917525773196,0.5357142857142857
6,118,9,132,14,0.22580645161290322,0.3783783783783784
6,118,9,413,22,0.36666666666666664,0.5641025641025641
6,119,9,189,43,0.44329896907216493,0.6417910447761194
6,120,9,69,28,0.28,0.5490196078431373
6,121,9,234,40,0.4166666666666667,0.5970149253731343
6,122,9,73,49,0.5903614457831325,0.7538461538461538
6,123,9,22,42,0.4077669902912621,0.6363636363636364
6,174,9,1,17,0.08762886597938144,0.288135593220339
6,175,9,395,32,0.47761194029850745,0.8205128205128205
6,176,9,185,35,0.19662921348314608,0.5737704918032787
6,177,9,133,45,0.45,0.7142857142857143
6,178,9,18,26,0.28888888888888886,0.7647058823529411
6,179,9,233,26,0.3170731707317073,0.49056603773584906
6,180,9,192,37,0.3978494623655914,0.6271186440677966
6,181,9,235,29,0.27884615384615385,0.5087719298245614
6,182,9,80,38,0.42696629213483145,0.8260869565217391
6,259,9,185,22,0.11578947368421053,0.36666666666666664
6,260,9,187,32,0.32323232323232326,0.5714285714285714
6,261,9,231,13,0.2,0.41935483870967744
6,262,9,232,37,0.3894736842105263,0.6166666666666667
6,263,9,58,45,0.45918367346938777,0.7627118644067796
6,264,9,134,43,0.4056603773584906,0.7288135593220338
6,265,9,64,50,0.5494505494505495,0.8064516129032258
6,266,9,137,48,0.5581395348837209,0.9056603773584906
6,267,9,139,43,0.4725274725274725,0.7818181818181819
6,343,9,185,3,0.014634146341463415,0.05357142857142857
6,344,9,193,16,0.25,0.4
6,345,9,81,15,0.1485148514851485,0.45454545454545453
6,568,9,135,8,0.13333333333333333,0.3333333333333333
6,569,9,75,9,0.1125,0.45
6,648,9,6,3,0.03571428571428571,0.08333333333333333
6,719,9,433,2,0.02666666666666667,0.11764705882352941
6,720,9,443,7,0.1891891891891892,0.4375
6,721,9,447,8,0.26666666666666666,0.4444444444444444
6,722,9,448,8,0.2962962962962963,0.6153846153846154
6,723,9,456,10,0.43478260869565216,0.7692307692307693
6,727,9,464,11,0.5789473684210527,0.8461538461538461
6,802,9,453,6,0.2608695652173913,0.42857142857142855
6,803,9,454,7,0.21875,0.4666666666666667
6,804,9,455,8,0.27586206896551724,0.4444444444444444
6,805,9,457,9,0.2727272727272727,0.47368421052631576
6,806,9,458,10,0.45454545454545453,0.625
6,808,9,459,11,0.55,0.7857142857142857
6,809,9,460,9,0.45,0.6428571428571429
6,810,9,461,13,0.4482758620689655,0.6842105263157895
6,812,9,462,11,0.6875,0.9166666666666666
6,813,9,463,12,0.5454545454545454,0.8
6,816,9,483,5,0.23809523809523808,0.5
6,817,9,465,9,0.21951219512195122,0.47368421052631576
6,1178,9,533,11,0.6470588235294118,0.8461538461538461
6,1179,9,509,10,0.5,0.7692307692307693
6,1226,9,508,9,0.5294117647058824,0.6923076923076923
6,1227,9,535,9,0.375,0.75
7,8,8,1,2,0.0010615711252653928,0.07142857142857142
7,8,8,2,2,0.0010582010582010583,0.058823529411764705
7,8,8,431,1,0.0005186721991701245,0.014084507042253521
7,8,8,515,33,0.017423442449841606,0.4782608695652174
7,8,8,641,3,0.0015552099533437014,0.04054054054054054
7,8,8,650,5,0.0026109660574412533,0.08064516129032258
7,8,8,726,5,0.0026469031233456856,0.1388888888888889
7,8,8,728,4,0.0020920502092050207,0.06896551724137931
7,8,8,732,7,0.0036572622779519333,0.1111111111111111
7,8,8,733,1,0.0005232862375719519,0.018518518518518517
7,41,8,9,1,0.018867924528301886,0.05555555555555555
7,110,8,129,2,0.038461538461538464,0.1
7,119,8,137,4,0.022222222222222223,0.19047619047619047
7,119,8,153,1,0.005405405405405406,0.043478260869565216
7,119,8,493,24,0.11483253588516747,0.34285714285714286
7,119,8,655,15,0.06550218340611354,0.18518518518518517
7,128,8,158,4,0.034482758620689655,0.16
7,128,8,495,28,0.19444444444444445,0.36363636363636365
7,135,8,165,9,0.14516129032258066,0.34615384615384615
7,135,8,534,1,0.008130081300813009,0.022222222222222223
7,138,8,169,13,0.13541666666666666,0.6190476190476191
7,138,8,580,31,0.23484848484848486,0.41333333333333333
7,155,8,177,7,0.042682926829268296,0.2916666666666667
7,155,8,186,8,0.047337278106508875,0.26666666666666666
7,155,8,675,20,0.10204081632653061,0.2898550724637681
7,160,8,189,7,0.1590909090909091,0.30434782608695654
7,164,8,192,8,0.23529411764705882,0.6153846153846154
7,166,8,194,12,0.12,0.5
7,166,8,586,2,0.012345679012345678,0.02631578947368421
7,170,8,199,15,0.14018691588785046,0.625
7,170,8,686,33,0.2462686567164179,0.4782608695652174
7,172,8,203,12,0.2608695652173913,0.42857142857142855
7,174,8,204,4,0.10526315789473684,0.19047619047619047
7,176,8,210,9,0.07627118644067797,0.6428571428571429
7,176,8,688,5,0.03333333333333333,0.11904761904761904
7,180,8,225,3,0.07317073170731707,0.21428571428571427
7,182,8,229,8,0.22857142857142856,0.47058823529411764
7,186,8,241,8,0.16666666666666666,0.42105263157894735
7,191,8,251,2,0.03333333333333333,0.06451612903225806
7,192,8,259,1,0.02702702702702703,0.07692307692307693
7,193,8,762,2,0.001984126984126984,0.14285714285714285
7,201,8,62,11,0.061452513966480445,0.11702127659574468
7,201,8,87,12,0.07453416149068323,0.1518987341772152
7,204,8,241,1,0.014705882352941176,0.03125
7,204,8,596,1,0.010416666666666666,0.03125
7,205,8,45,1,0.008771929824561403,0.047619047619047616
7,205,8,62,1,0.008620689655172414,0.047619047619047616
7,206,8,172,1,0.015873015873015872,0.037037037037037035
7,206,8,660,22,0.2558139534883721,0.5945945945945946
7,208,8,26,4,0.030303030303030304,0.10810810810810811
7,209,8,45,51,0.24519230769230768,0.5425531914893617
7,209,8,54,20,0.08298755186721991,0.20833333333333334
7,212,8,229,1,0.005128205128205128,0.038461538461538464
7,212,8,241,3,0.014705882352941176,0.08108108108108109
7,212,8,451,25,0.11467889908256881,0.3424657534246575
7,212,8,596,22,0.10328638497652583,0.3384615384615385
7,217,8,26,45,0.19736842105263158,0.45454545454545453
7,217,8,33,37,0.15879828326180256,0.3854166666666667
7,220,8,60,13,0.1015625,0.6842105263157895
7,221,8,73,4,0.03389830508474576,0.25
7,222,8,95,12,0.10714285714285714,0.8
7,223,8,115,1,0.004901960784313725,0.010752688172043012
7,223,8,491,17,0.09941520467836257,0.2236842105263158
7,224,8,115,16,0.13445378151260504,0.38095238095238093
7,225,8,126,23,0.20535714285714285,0.8214285714285714
7,226,8,575,21,0.15,0.3181818181818182
7,227,8,244,3,0.05263157894736842,0.10344827586206896
7,227,8,511,1,0.01020408163265306,0.034482758620689655
7,227,8,540,15,0.189873417721519,0.5172413793103449
7,228,8,251,1,0.007194244604316547,0.03225806451612903
7,228,8,541,36,0.2748091603053435,0.6206896551724138
7,228,8,602,5,0.029940119760479042,0.07936507936507936
7,229,8,542,10,0.12345679012345678,0.38461538461538464
7,232,8,18,15,0.15625,0.8823529411764706
7,233,8,578,35,0.44871794871794873,0.8536585365853658
7,234,8,656,23,0.24210526315789474,0.575
7,235,8,666,12,0.1411764705882353,0.6
7,236,8,509,17,0.2,0.4722222222222222
7,239,8,335,34,0.16346153846153846,0.7391304347826086
7,240,8,43,8,0.053691275167785234,0.26666666666666666
7,241,8,73,22,0.19469026548672566,0.7586206896551724
7,246,8,584,28,0.2857142857142857,0.56
7,247,8,585,35,0.3888888888888889,0.7142857142857143
7,249,8,530,30,0.38961038961038963,0.7142857142857143
7,260,8,335,18,0.08823529411764706,0.6923076923076923
7,263,8,673,26,0.3132530120481928,0.8666666666666667
7,264,8,472,26,0.21487603305785125,0.7428571428571429
7,265,8,587,29,0.37662337662337664,0.6304347826086957
7,267,8,511,23,0.3108108108108108,0.8518518518518519
7,276,8,8,9,0.07964601769911504,0.6428571428571429
7,277,8,431,20,0.24691358024691357,0.6666666666666666
7,297,8,659,25,0.26881720430107525,0.6756756756756757
7,299,8,668,24,0.27586206896551724,0.6857142857142857
7,300,8,669,21,0.22826086956521738,0.5526315789473685
7,303,8,683,29,0.3258426966292135,0.7073170731707317
7,304,8,446,13,0.1262135922330097,0.40625
7,307,8,212,15,0.12605042016806722,0.7894736842105263
7,314,8,772,3,0.07894736842105263,0.15
7,318,8,22,8,0.06201550387596899,0.5
7,339,8,693,15,0.18518518518518517,0.625
7,371,8,734,8,0.09195402298850575,0.24242424242424243
7,382,8,87,10,0.07092198581560284,0.1388888888888889
7,384,8,761,14,0.25925925925925924,0.5185185185185185
7,387,8,663,19,0.2261904761904762,0.7916666666666666
7,388,8,666,23,0.21904761904761905,0.45098039215686275
7,406,8,14,8,0.06451612903225806,0.5333333333333333
7,407,8,18,27,0.2727272727272727,0.84375
7,422,8,728,4,0.044444444444444446,0.1111111111111111
7,448,8,62,12,0.09230769230769231,0.2608695652173913
7,464,8,483,17,0.18888888888888888,0.7727272727272727
7,498,8,641,5,0.049019607843137254,0.15151515151515152
7,544,8,206,9,0.07317073170731707,0.6
7,548,8,735,11,0.1746031746031746,0.5789473684210527
7,550,8,430,12,0.13186813186813187,0.6666666666666666
7,559,8,755,11,0.16176470588235295,0.4782608695652174
7,560,8,642,5,0.08196721311475409,0.21739130434782608
7,562,8,650,14,0.1794871794871795,0.4666666666666667
7,564,8,43,3,0.02158273381294964,0.2
7,570,8,426,10,0.10869565217391304,0.5882352941176471
7,614,8,801,1,0.010416666666666666,0.03333333333333333
7,616,8,800,25,0.12315270935960591,0.2336448598130841
7,620,8,801,9,0.10843373493975904,0.36
8,7,9,194,6,0.05357142857142857,0.17142857142857143
8,13,9,236,49,0.37404580152671757,0.5833333333333334
8,19,9,145,33,0.19879518072289157,0.336734693877551
8,21,9,29,68,0.5483870967741935,0.8095238095238095
8,28,9,8,2,0.0136986301369863,0.031746031746031744
8,32,9,34,18,0.1875,0.5294117647058824
8,36,9,8,1,0.007874015748031496,0.015873015873015872
8,42,9,97,53,0.53,0.7571428571428571
8,50,9,42,41,0.38317757009345793,0.7068965517241379
8,66,9,47,48,0.46153846153846156,0.631578947368421
8,72,9,155,54,0.5,0.7012987012987013
8,81,9,112,58,0.5471698113207547,0.7073170731707317
8,97,9,116,50,0.43103448275862066,0.6493506493506493
8,98,9,50,53,0.4818181818181818,0.6794871794871795
8,106,9,121,59,0.5619047619047619,0.7375
8,119,9,10,46,0.36507936507936506,0.5679012345679012
8,120,9,52,59,0.5728155339805825,0.7763157894736842
8,131,9,126,46,0.4,0.5897435897435898
8,147,9,129,50,0.4807692307692308,0.704225352112676
8,152,9,11,34,0.2764227642276423,0.4788732394366197
8,157,9,180,40,0.4444444444444444,0.6666666666666666
8,161,9,130,48,0.45714285714285713,0.7164179104477612
8,170,9,225,58,0.41134751773049644,0.7341772151898734
8,275,9,105,69,0.6764705882352942,0.8625
8,282,9,181,56,0.5185185185185185,0.7088607594936709
8,284,9,250,46,0.45098039215686275,0.6388888888888888
8,293,9,237,4,0.0449438202247191,0.25
8,293,9,418,9,0.10588235294117647,0.5294117647058824
8,297,9,8,1,0.007751937984496124,0.015873015873015872
8,304,9,12,40,0.39603960396039606,0.5882352941176471
8,306,9,278,25,0.2336448598130841,0.43103448275862066
8,326,9,147,53,0.4380165289256198,0.6091954022988506
8,339,9,256,70,0.5882352941176471,0.7865168539325843
8,341,9,262,53,0.4108527131782946,0.654320987654321
8,371,9,200,49,0.5833333333333334,0.7777777777777778
8,391,9,185,12,0.07317073170731707,0.5
8,417,9,307,15,0.14563106796116504,0.30612244897959184
8,417,9,311,4,0.03125,0.08163265306122448
8,445,9,323,30,0.3157894736842105,0.5084745762711864
8,473,9,270,48,0.46153846153846156,0.6486486486486487
8,507,9,319,34,0.13765182186234817,0.4657534246575342
8,507,9,328,40,0.16877637130801687,0.5797101449275363
8,507,9,335,35,0.14644351464435146,0.5303030303030303
8,520,9,1,13,0.06735751295336788,0.24074074074074073
8,523,9,1,14,0.08,0.3783783783783784
8,526,9,187,12,0.14814814814814814,0.6666666666666666
8,528,9,232,13,0.17333333333333334,0.8125
8,531,9,303,19,0.1958762886597938,0.3333333333333333
8,532,9,194,43,0.4174757281553398,0.6825396825396826
8,558,9,1,1,0.004672897196261682,0.015873015873015872
8,558,9,55,13,0.14130434782608695,0.30952380952380953
8,565,9,60,8,0.1702127659574468,0.4444444444444444
8,570,9,191,6,0.13636363636363635,0.35294117647058826
8,573,9,234,29,0.29896907216494845,0.4915254237288136
8,574,9,6,4,0.0392156862745098,0.0784313725490196
8,583,9,362,12,0.15584415584415584,0.32432432432432434
8,588,9,332,14,0.15555555555555556,0.5
8,590,9,341,40,0.3508771929824561,0.5333333333333333
8,593,9,369,38,0.3089430894308943,0.4935064935064935
8,594,9,348,41,0.3867924528301887,0.6507936507936508
8,597,9,371,34,0.3541666666666667,0.6415094339622641
8,603,9,360,15,0.1282051282051282,0.3488372093023256
8,644,9,190,8,0.15384615384615385,0.3076923076923077
8,649,9,233,18,0.2465753424657534,0.5
8,651,9,192,20,0.24390243902439024,0.6451612903225806
8,652,9,235,37,0.40217391304347827,0.6981132075471698
8,690,9,336,36,0.36,0.6206896551724138
8,691,9,338,41,0.4019607843137255,0.8723404255319149
8,694,9,366,40,0.33613445378151263,0.5797101449275363
8,695,9,367,37,0.3425925925925926,0.6166666666666667
8,697,9,350,39,0.43820224719101125,0.609375
8,698,9,381,20,0.29850746268656714,0.47619047619047616
8,699,9,372,22,0.25,0.4230769230769231
8,700,9,356,9,0.08411214953271028,0.42857142857142855
8,701,9,382,4,0.057971014492753624,0.2857142857142857
8,702,9,375,27,0.2903225806451613,0.6136363636363636
8,703,9,383,17,0.23943661971830985,0.4358974358974359
8,707,9,387,22,0.25287356321839083,0.6666666666666666
8,739,9,376,39,0.3939393939393939,0.78
8,741,9,384,30,0.30303030303030304,0.7692307692307693
8,742,9,398,19,0.2159090909090909,0.6333333333333333
8,769,9,307,16,0.20253164556962025,0.6153846153846154
8,771,9,232,7,0.08045977011494253,0.3181818181818182
8,777,9,60,1,0.018518518518518517,0.05555555555555555
8,778,9,189,5,0.056818181818181816,0.25
8,779,9,250,9,0.10344827586206896,0.45
8,781,9,432,5,0.003158559696778269,0.11904761904761904
8,818,9,529,5,0.15625,0.38461538461538464
8,819,9,531,2,0.05405405405405406,0.14285714285714285
8,840,9,535,11,0.5789473684210527,0.9166666666666666
